{
  "sample_id": "1729",
  "total_index": [
    0,
    1,
    2,
    3,
    4,
    5,
    6,
    7
  ],
  "true_locations": [
    13,
    31,
    42,
    30,
    83,
    95,
    94,
    91
  ],
  "predicted_locations": [
    13,
    22,
    23,
    29,
    83,
    73,
    73,
    73
  ],
  "true_powers": [
    55.0,
    64.0,
    54.0,
    54.0,
    80.0,
    72.0,
    76.0,
    65.0
  ],
  "predicted_powers": [
    55.14433288574219,
    43.53683090209961,
    33.48918533325195,
    39.21885299682617,
    79.99313354492188,
    39.647544860839844,
    44.817874908447266,
    30.96747589111328
  ]
}