{
  "sample_id": "1708",
  "total_index": [
    0,
    2,
    3,
    4,
    5,
    6,
    7
  ],
  "true_locations": [
    88,
    71,
    22,
    39,
    10,
    73,
    42
  ],
  "predicted_locations": [
    88,
    72,
    22,
    28,
    28,
    73,
    23
  ],
  "true_powers": [
    76.0,
    68.0,
    78.0,
    83.0,
    70.0,
    67.0,
    57.0
  ],
  "predicted_powers": [
    76.27488708496094,
    49.73342514038086,
    78.39759063720703,
    64.78553771972656,
    33.61638259887695,
    67.71422576904297,
    36.4857063293457
  ]
}