{
  "sample_id": "1879",
  "total_index": [
    0,
    1,
    2,
    3,
    4,
    5,
    6,
    7
  ],
  "true_locations": [
    97,
    60,
    92,
    7,
    1,
    67,
    37,
    42
  ],
  "predicted_locations": [
    88,
    78,
    73,
    28,
    23,
    78,
    28,
    23
  ],
  "true_powers": [
    79.0,
    84.0,
    74.0,
    70.0,
    63.0,
    66.0,
    97.0,
    90.0
  ],
  "predicted_powers": [
    53.853267669677734,
    41.17234420776367,
    41.912376403808594,
    40.97060012817383,
    29.15607452392578,
    57.04216766357422,
    78.86675262451172,
    57.542388916015625
  ]
}