{
  "sample_id": "1760",
  "total_index": [
    0,
    1,
    2,
    3,
    4,
    7
  ],
  "true_locations": [
    82,
    19,
    35,
    21,
    10,
    60
  ],
  "predicted_locations": [
    73,
    28,
    23,
    22,
    28,
    78
  ],
  "true_powers": [
    61.0,
    76.0,
    88.0,
    84.0,
    87.0,
    96.0
  ],
  "predicted_powers": [
    45.978511810302734,
    57.605384826660156,
    56.65549850463867,
    60.782981872558594,
    40.2144660949707,
    48.56297302246094
  ]
}