{
  "sample_id": "1724",
  "total_index": [
    3,
    4,
    5,
    6,
    7
  ],
  "true_locations": [
    100,
    67,
    81,
    87,
    88
  ],
  "predicted_locations": [
    78,
    78,
    73,
    88,
    88
  ],
  "true_powers": [
    78.0,
    99.0,
    88.0,
    91.0,
    53.0
  ],
  "predicted_powers": [
    35.17789840698242,
    81.7530517578125,
    51.59872817993164,
    82.67047882080078,
    55.400821685791016
  ]
}