{
  "sample_id": "1742",
  "total_index": [
    0,
    1,
    2,
    3,
    4,
    5,
    6,
    7
  ],
  "true_locations": [
    89,
    55,
    91,
    43,
    28,
    62,
    43,
    21
  ],
  "predicted_locations": [
    78,
    73,
    73,
    23,
    18,
    73,
    23,
    22
  ],
  "true_powers": [
    78.0,
    92.0,
    67.0,
    99.0,
    82.0,
    84.0,
    79.0,
    62.0
  ],
  "predicted_powers": [
    58.929046630859375,
    50.15298080444336,
    30.80277442932129,
    67.95536041259766,
    96.38301849365234,
    71.86185455322266,
    54.70515441894531,
    47.52466583251953
  ]
}