{
  "sample_id": "1810",
  "total_index": [
    0,
    1,
    2,
    3,
    4,
    5,
    6
  ],
  "true_locations": [
    100,
    21,
    30,
    5,
    78,
    36,
    92
  ],
  "predicted_locations": [
    78,
    22,
    29,
    23,
    78,
    28,
    83
  ],
  "true_powers": [
    74.0,
    74.0,
    95.0,
    75.0,
    100.0,
    86.0,
    65.0
  ],
  "predicted_powers": [
    33.23333740234375,
    53.33732986450195,
    69.41642761230469,
    37.11227035522461,
    101.08905792236328,
    58.32622146606445,
    43.17825698852539
  ]
}