{
  "sample_id": "1831",
  "total_index": [
    3,
    4,
    5,
    7
  ],
  "true_locations": [
    28,
    91,
    85,
    1
  ],
  "predicted_locations": [
    28,
    73,
    73,
    23
  ],
  "true_powers": [
    71.0,
    89.0,
    100.0,
    65.0
  ],
  "predicted_powers": [
    71.36782836914062,
    40.22367477416992,
    63.110687255859375,
    29.8316707611084
  ]
}