{
  "sample_id": "1737",
  "total_index": [
    0,
    2,
    3,
    4,
    5,
    6
  ],
  "true_locations": [
    60,
    43,
    10,
    67,
    55,
    94
  ],
  "predicted_locations": [
    78,
    23,
    28,
    78,
    73,
    83
  ],
  "true_powers": [
    61.0,
    96.0,
    64.0,
    97.0,
    55.0,
    91.0
  ],
  "predicted_powers": [
    29.79307746887207,
    65.42816162109375,
    29.04747200012207,
    79.17628479003906,
    33.07612609863281,
    62.308982849121094
  ]
}