{
  "sample_id": "1757",
  "total_index": [
    1,
    2,
    3,
    7
  ],
  "true_locations": [
    44,
    25,
    1,
    54
  ],
  "predicted_locations": [
    23,
    23,
    23,
    73
  ],
  "true_powers": [
    51.0,
    81.0,
    81.0,
    78.0
  ],
  "predicted_powers": [
    32.83100891113281,
    55.1546745300293,
    36.66218948364258,
    52.03226852416992
  ]
}