{
  "sample_id": "1726",
  "total_index": [
    0,
    1,
    3,
    4,
    5,
    6,
    7
  ],
  "true_locations": [
    69,
    7,
    14,
    30,
    10,
    42,
    41
  ],
  "predicted_locations": [
    79,
    18,
    13,
    29,
    28,
    23,
    23
  ],
  "true_powers": [
    62.0,
    70.0,
    58.0,
    93.0,
    74.0,
    98.0,
    60.0
  ],
  "predicted_powers": [
    56.299686431884766,
    47.58287048339844,
    53.03270721435547,
    67.52082824707031,
    36.16330337524414,
    61.2315788269043,
    31.312667846679688
  ]
}