{
  "sample_id": "1842",
  "total_index": [
    1,
    2,
    3,
    5,
    6,
    7
  ],
  "true_locations": [
    91,
    87,
    64,
    3,
    85,
    59
  ],
  "predicted_locations": [
    73,
    88,
    73,
    23,
    73,
    78
  ],
  "true_powers": [
    95.0,
    83.0,
    72.0,
    70.0,
    91.0,
    82.0
  ],
  "predicted_powers": [
    42.50172805786133,
    75.60419464111328,
    58.48398971557617,
    46.489559173583984,
    56.89433288574219,
    52.30299758911133
  ]
}