{
  "sample_id": "1836",
  "total_index": [
    1,
    2,
    4,
    6,
    7
  ],
  "true_locations": [
    83,
    50,
    45,
    6,
    1
  ],
  "predicted_locations": [
    83,
    28,
    23,
    18,
    23
  ],
  "true_powers": [
    94.0,
    63.0,
    60.0,
    58.0,
    94.0
  ],
  "predicted_powers": [
    93.85406494140625,
    31.389549255371094,
    33.024757385253906,
    34.17961502075195,
    43.0763053894043
  ]
}