{
  "sample_id": "1900",
  "total_index": [
    0,
    1,
    2,
    3,
    4,
    5,
    6,
    7
  ],
  "true_locations": [
    98,
    56,
    50,
    35,
    53,
    42,
    100,
    38
  ],
  "predicted_locations": [
    88,
    78,
    28,
    23,
    73,
    23,
    78,
    28
  ],
  "true_powers": [
    91.0,
    50.0,
    69.0,
    98.0,
    86.0,
    57.0,
    80.0,
    70.0
  ],
  "predicted_powers": [
    65.5578842163086,
    27.40724754333496,
    34.2254524230957,
    63.45466613769531,
    59.03764343261719,
    38.89794921875,
    35.99851989746094,
    64.77310180664062
  ]
}