{
  "sample_id": "1886",
  "total_index": [
    1,
    2,
    3,
    4,
    5,
    6,
    7
  ],
  "true_locations": [
    1,
    7,
    68,
    1,
    49,
    81,
    11
  ],
  "predicted_locations": [
    23,
    18,
    78,
    23,
    28,
    73,
    23
  ],
  "true_powers": [
    99.0,
    54.0,
    90.0,
    86.0,
    69.0,
    99.0,
    99.0
  ],
  "predicted_powers": [
    44.123443603515625,
    36.438995361328125,
    80.12408447265625,
    38.84971618652344,
    46.73713684082031,
    55.98137664794922,
    57.548248291015625
  ]
}