{
  "sample_id": "1893",
  "total_index": [
    0,
    1,
    2,
    3,
    4,
    5,
    6,
    7
  ],
  "true_locations": [
    49,
    64,
    13,
    8,
    1,
    12,
    13,
    77
  ],
  "predicted_locations": [
    28,
    73,
    13,
    18,
    23,
    23,
    13,
    78
  ],
  "true_powers": [
    69.0,
    71.0,
    54.0,
    63.0,
    91.0,
    88.0,
    64.0,
    75.0
  ],
  "predicted_powers": [
    42.46592330932617,
    57.44620895385742,
    54.5992546081543,
    45.75659942626953,
    40.33494567871094,
    70.67036437988281,
    66.37751007080078,
    68.22840881347656
  ]
}