{
  "sample_id": "1747",
  "total_index": [
    0,
    1,
    2,
    3,
    4,
    5,
    6,
    7
  ],
  "true_locations": [
    6,
    81,
    1,
    92,
    24,
    45,
    84,
    58
  ],
  "predicted_locations": [
    28,
    72,
    23,
    73,
    23,
    23,
    83,
    78
  ],
  "true_powers": [
    72.0,
    60.0,
    99.0,
    77.0,
    72.0,
    59.0,
    63.0,
    79.0
  ],
  "predicted_powers": [
    35.2003059387207,
    39.228416442871094,
    44.46897888183594,
    43.17416000366211,
    66.16546630859375,
    36.357177734375,
    57.04079055786133,
    55.44850540161133
  ]
}