{
  "sample_id": "1860",
  "total_index": [
    0,
    1,
    3,
    4,
    5,
    6
  ],
  "true_locations": [
    41,
    43,
    50,
    91,
    83,
    30
  ],
  "predicted_locations": [
    23,
    23,
    28,
    73,
    73,
    29
  ],
  "true_powers": [
    68.0,
    97.0,
    71.0,
    93.0,
    58.0,
    91.0
  ],
  "predicted_powers": [
    33.62692642211914,
    66.17033386230469,
    34.93366241455078,
    41.92409896850586,
    52.40299987792969,
    65.1777572631836
  ]
}