{
  "sample_id": "1856",
  "total_index": [
    0,
    2,
    3,
    5,
    6,
    7
  ],
  "true_locations": [
    1,
    54,
    8,
    73,
    99,
    5
  ],
  "predicted_locations": [
    23,
    73,
    18,
    73,
    78,
    23
  ],
  "true_powers": [
    89.0,
    52.0,
    58.0,
    87.0,
    91.0,
    68.0
  ],
  "predicted_powers": [
    39.83675765991211,
    34.15916061401367,
    41.72458267211914,
    89.6949462890625,
    51.6625862121582,
    34.94664764404297
  ]
}