{
  "sample_id": "1874",
  "total_index": [
    0,
    2,
    4,
    5,
    6
  ],
  "true_locations": [
    86,
    25,
    81,
    10,
    47
  ],
  "predicted_locations": [
    78,
    23,
    72,
    28,
    28
  ],
  "true_powers": [
    89.0,
    73.0,
    64.0,
    97.0,
    74.0
  ],
  "predicted_powers": [
    54.76766586303711,
    49.8166389465332,
    41.3326530456543,
    46.17781066894531,
    48.1387939453125
  ]
}