{
  "sample_id": "1917",
  "total_index": [
    0,
    1,
    2,
    3,
    4,
    5,
    6
  ],
  "true_locations": [
    42,
    12,
    76,
    91,
    65,
    59,
    65
  ],
  "predicted_locations": [
    23,
    23,
    78,
    73,
    73,
    78,
    73
  ],
  "true_powers": [
    99.0,
    93.0,
    59.0,
    71.0,
    100.0,
    71.0,
    79.0
  ],
  "predicted_powers": [
    61.08535385131836,
    70.3427963256836,
    40.8200798034668,
    31.946327209472656,
    66.71739196777344,
    47.41794204711914,
    51.864315032958984
  ]
}