{
  "sample_id": "1891",
  "total_index": [
    0,
    1,
    2,
    3,
    5,
    6
  ],
  "true_locations": [
    16,
    45,
    12,
    91,
    52,
    6
  ],
  "predicted_locations": [
    28,
    23,
    23,
    73,
    73,
    28
  ],
  "true_powers": [
    65.0,
    63.0,
    63.0,
    82.0,
    88.0,
    96.0
  ],
  "predicted_powers": [
    40.20696258544922,
    34.5952033996582,
    48.0714225769043,
    36.73702621459961,
    57.29945373535156,
    47.16654968261719
  ]
}