{
  "sample_id": "1775",
  "total_index": [
    0,
    2,
    3,
    4,
    5,
    6,
    7
  ],
  "true_locations": [
    1,
    46,
    60,
    13,
    49,
    56,
    76
  ],
  "predicted_locations": [
    23,
    28,
    78,
    13,
    28,
    78,
    78
  ],
  "true_powers": [
    85.0,
    51.0,
    51.0,
    99.0,
    69.0,
    65.0,
    62.0
  ],
  "predicted_powers": [
    38.057472229003906,
    27.62318992614746,
    25.329740524291992,
    100.56407165527344,
    45.2697868347168,
    35.49074935913086,
    44.288902282714844
  ]
}