{
  "sample_id": "1793",
  "total_index": [
    0,
    1,
    2,
    3,
    4,
    5,
    6,
    7
  ],
  "true_locations": [
    22,
    67,
    56,
    61,
    1,
    8,
    18,
    62
  ],
  "predicted_locations": [
    22,
    78,
    78,
    72,
    23,
    28,
    18,
    72
  ],
  "true_powers": [
    70.0,
    94.0,
    71.0,
    85.0,
    80.0,
    57.0,
    95.0,
    98.0
  ],
  "predicted_powers": [
    69.94512939453125,
    76.37348175048828,
    39.16143035888672,
    58.469783782958984,
    36.48108673095703,
    39.141876220703125,
    96.6024169921875,
    92.19120788574219
  ]
}