{
  "sample_id": "1854",
  "total_index": [
    0,
    1,
    3,
    4,
    5,
    7
  ],
  "true_locations": [
    70,
    33,
    91,
    42,
    82,
    56
  ],
  "predicted_locations": [
    79,
    23,
    73,
    23,
    73,
    78
  ],
  "true_powers": [
    93.0,
    87.0,
    84.0,
    88.0,
    57.0,
    54.0
  ],
  "predicted_powers": [
    63.05086135864258,
    77.5955581665039,
    37.800262451171875,
    55.0712776184082,
    45.7561149597168,
    30.708707809448242
  ]
}