{
  "sample_id": "1736",
  "total_index": [
    0,
    1,
    2,
    3,
    4,
    5,
    6,
    7
  ],
  "true_locations": [
    73,
    54,
    28,
    91,
    72,
    91,
    63,
    10
  ],
  "predicted_locations": [
    73,
    73,
    28,
    73,
    72,
    73,
    73,
    28
  ],
  "true_powers": [
    90.0,
    66.0,
    58.0,
    68.0,
    71.0,
    77.0,
    63.0,
    70.0
  ],
  "predicted_powers": [
    89.97518920898438,
    42.63054275512695,
    58.58433532714844,
    30.530014038085938,
    72.94126892089844,
    39.635154724121094,
    55.64085006713867,
    32.88332748413086
  ]
}