{
  "sample_id": "1913",
  "total_index": [
    4,
    5,
    6,
    7
  ],
  "true_locations": [
    10,
    74,
    45,
    51
  ],
  "predicted_locations": [
    28,
    73,
    23,
    73
  ],
  "true_powers": [
    79.0,
    76.0,
    66.0,
    85.0
  ],
  "predicted_powers": [
    35.148475646972656,
    69.45685577392578,
    36.25601577758789,
    43.906219482421875
  ]
}