{
  "sample_id": "1897",
  "total_index": [
    0,
    1,
    2,
    3,
    4,
    5,
    6,
    7
  ],
  "true_locations": [
    11,
    7,
    87,
    68,
    36,
    52,
    85,
    91
  ],
  "predicted_locations": [
    22,
    18,
    88,
    78,
    28,
    73,
    73,
    73
  ],
  "true_powers": [
    88.0,
    66.0,
    96.0,
    57.0,
    84.0,
    63.0,
    71.0,
    70.0
  ],
  "predicted_powers": [
    57.29751968383789,
    44.83772659301758,
    88.2316665649414,
    51.52894973754883,
    56.6532096862793,
    42.8913688659668,
    45.00223159790039,
    33.85593795776367
  ]
}