{
  "sample_id": "1733",
  "total_index": [
    0,
    1,
    2,
    3,
    4,
    5,
    6,
    7
  ],
  "true_locations": [
    72,
    93,
    17,
    1,
    49,
    18,
    7,
    18
  ],
  "predicted_locations": [
    72,
    83,
    18,
    23,
    28,
    18,
    18,
    18
  ],
  "true_powers": [
    74.0,
    97.0,
    61.0,
    85.0,
    76.0,
    100.0,
    74.0,
    86.0
  ],
  "predicted_powers": [
    73.91966247558594,
    69.96858215332031,
    56.9306640625,
    38.0576057434082,
    48.95073699951172,
    106.67217254638672,
    51.79581069946289,
    90.22586059570312
  ]
}