{
  "sample_id": "1792",
  "total_index": [
    0,
    1,
    3,
    4,
    5,
    6,
    7
  ],
  "true_locations": [
    16,
    57,
    29,
    15,
    83,
    84,
    1
  ],
  "predicted_locations": [
    28,
    78,
    29,
    23,
    83,
    83,
    23
  ],
  "true_powers": [
    95.0,
    69.0,
    58.0,
    73.0,
    90.0,
    69.0,
    78.0
  ],
  "predicted_powers": [
    58.46107482910156,
    44.668853759765625,
    58.46334457397461,
    45.503597259521484,
    93.530517578125,
    63.500816345214844,
    36.942806243896484
  ]
}