{
  "sample_id": "1741",
  "total_index": [
    0,
    1,
    2,
    3,
    4,
    5,
    6,
    7
  ],
  "true_locations": [
    50,
    14,
    65,
    40,
    43,
    1,
    96,
    64
  ],
  "predicted_locations": [
    28,
    13,
    73,
    28,
    23,
    23,
    78,
    73
  ],
  "true_powers": [
    74.0,
    60.0,
    75.0,
    72.0,
    70.0,
    56.0,
    98.0,
    100.0
  ],
  "predicted_powers": [
    36.28851318359375,
    54.86546325683594,
    48.58723831176758,
    42.540435791015625,
    48.76313781738281,
    29.712526321411133,
    48.88876724243164,
    82.69319915771484
  ]
}