{
  "sample_id": "1882",
  "total_index": [
    0,
    1,
    2,
    3,
    4,
    5,
    6,
    7
  ],
  "true_locations": [
    67,
    27,
    71,
    59,
    61,
    55,
    10,
    70
  ],
  "predicted_locations": [
    78,
    28,
    72,
    78,
    73,
    73,
    28,
    78
  ],
  "true_powers": [
    71.0,
    64.0,
    87.0,
    57.0,
    80.0,
    92.0,
    84.0,
    97.0
  ],
  "predicted_powers": [
    57.184226989746094,
    57.15367126464844,
    62.91691589355469,
    35.51824188232422,
    47.45936584472656,
    54.45436477661133,
    38.44529724121094,
    58.40736389160156
  ]
}