{
  "sample_id": "1702",
  "total_index": [
    0,
    1,
    2,
    3,
    4,
    5,
    6,
    7
  ],
  "true_locations": [
    91,
    69,
    46,
    80,
    97,
    66,
    66,
    45
  ],
  "predicted_locations": [
    73,
    79,
    28,
    79,
    88,
    78,
    78,
    23
  ],
  "true_powers": [
    76.0,
    56.0,
    76.0,
    63.0,
    61.0,
    54.0,
    58.0,
    66.0
  ],
  "predicted_powers": [
    33.88705825805664,
    51.15745162963867,
    42.14755630493164,
    45.480796813964844,
    43.25810241699219,
    38.99110794067383,
    38.23866271972656,
    37.43593215942383
  ]
}