{
  "sample_id": "1738",
  "total_index": [
    0,
    1,
    2,
    3,
    4,
    5,
    6,
    7
  ],
  "true_locations": [
    28,
    6,
    1,
    39,
    13,
    48,
    12,
    9
  ],
  "predicted_locations": [
    28,
    28,
    23,
    29,
    13,
    28,
    23,
    28
  ],
  "true_powers": [
    54.0,
    78.0,
    70.0,
    69.0,
    68.0,
    70.0,
    73.0,
    62.0
  ],
  "predicted_powers": [
    53.98019027709961,
    38.445133209228516,
    31.97958755493164,
    62.9393424987793,
    68.97254180908203,
    52.59677505493164,
    55.474769592285156,
    38.3873405456543
  ]
}