{
  "sample_id": "1815",
  "total_index": [
    0,
    1,
    2,
    3,
    4,
    5,
    6,
    7
  ],
  "true_locations": [
    29,
    13,
    100,
    30,
    53,
    44,
    8,
    87
  ],
  "predicted_locations": [
    29,
    13,
    78,
    29,
    73,
    23,
    18,
    88
  ],
  "true_powers": [
    50.0,
    55.0,
    61.0,
    88.0,
    72.0,
    57.0,
    80.0,
    97.0
  ],
  "predicted_powers": [
    49.8784065246582,
    55.25623321533203,
    27.985509872436523,
    64.03314971923828,
    48.48630905151367,
    39.560394287109375,
    59.51362609863281,
    89.91232299804688
  ]
}