{
  "sample_id": "1816",
  "total_index": [
    0,
    1,
    2,
    3,
    4,
    5,
    6,
    7
  ],
  "true_locations": [
    63,
    79,
    90,
    32,
    96,
    74,
    42,
    100
  ],
  "predicted_locations": [
    73,
    79,
    78,
    22,
    78,
    73,
    23,
    78
  ],
  "true_powers": [
    71.0,
    70.0,
    88.0,
    94.0,
    76.0,
    100.0,
    65.0,
    73.0
  ],
  "predicted_powers": [
    62.96390151977539,
    70.1577377319336,
    49.734188079833984,
    85.89962005615234,
    38.29603958129883,
    94.49259185791016,
    40.49990463256836,
    35.91449737548828
  ]
}