{
  "sample_id": "1717",
  "total_index": [
    0,
    1,
    2,
    3,
    4,
    5,
    6
  ],
  "true_locations": [
    38,
    22,
    6,
    60,
    100,
    27,
    98
  ],
  "predicted_locations": [
    28,
    22,
    28,
    78,
    78,
    28,
    78
  ],
  "true_powers": [
    65.0,
    75.0,
    90.0,
    86.0,
    98.0,
    56.0,
    54.0
  ],
  "predicted_powers": [
    57.94449234008789,
    75.06526184082031,
    44.26226806640625,
    42.68800735473633,
    43.85234832763672,
    54.00584411621094,
    34.381370544433594
  ]
}