{
  "sample_id": "1764",
  "total_index": [
    0,
    1,
    2,
    3,
    4,
    5,
    6
  ],
  "true_locations": [
    83,
    65,
    43,
    43,
    61,
    1,
    56
  ],
  "predicted_locations": [
    83,
    73,
    23,
    23,
    72,
    23,
    78
  ],
  "true_powers": [
    71.0,
    85.0,
    75.0,
    74.0,
    61.0,
    74.0,
    75.0
  ],
  "predicted_powers": [
    71.19319915771484,
    54.82306671142578,
    51.451045989990234,
    50.11427307128906,
    43.33243179321289,
    36.139556884765625,
    41.95173645019531
  ]
}