{
  "sample_id": "1848",
  "total_index": [
    0,
    1,
    2,
    4,
    5,
    6,
    7
  ],
  "true_locations": [
    17,
    39,
    84,
    94,
    10,
    10,
    65
  ],
  "predicted_locations": [
    18,
    29,
    83,
    83,
    28,
    28,
    73
  ],
  "true_powers": [
    85.0,
    70.0,
    50.0,
    72.0,
    56.0,
    82.0,
    73.0
  ],
  "predicted_powers": [
    77.04104614257812,
    63.69173812866211,
    45.51525115966797,
    49.6139030456543,
    28.76394271850586,
    36.70607376098633,
    48.417755126953125
  ]
}