{
  "sample_id": "1863",
  "total_index": [
    0,
    1,
    3,
    6,
    7
  ],
  "true_locations": [
    84,
    46,
    24,
    1,
    68
  ],
  "predicted_locations": [
    83,
    28,
    23,
    23,
    78
  ],
  "true_powers": [
    64.0,
    58.0,
    57.0,
    62.0,
    65.0
  ],
  "predicted_powers": [
    58.063785552978516,
    31.717601776123047,
    50.89152145385742,
    27.5887508392334,
    58.96979522705078
  ]
}