{
  "sample_id": "1749",
  "total_index": [
    0,
    1,
    2,
    4,
    5,
    6,
    7
  ],
  "true_locations": [
    9,
    76,
    69,
    72,
    1,
    96,
    28
  ],
  "predicted_locations": [
    28,
    78,
    79,
    72,
    23,
    78,
    28
  ],
  "true_powers": [
    76.0,
    73.0,
    74.0,
    79.0,
    83.0,
    73.0,
    71.0
  ],
  "predicted_powers": [
    42.771060943603516,
    49.955501556396484,
    67.4909896850586,
    80.59251403808594,
    39.4998779296875,
    35.95451736450195,
    72.86809539794922
  ]
}