{
  "sample_id": "1710",
  "total_index": [
    0,
    1,
    2,
    4,
    5,
    6,
    7
  ],
  "true_locations": [
    32,
    13,
    29,
    1,
    58,
    69,
    43
  ],
  "predicted_locations": [
    22,
    13,
    29,
    23,
    78,
    79,
    23
  ],
  "true_powers": [
    60.0,
    81.0,
    95.0,
    78.0,
    90.0,
    60.0,
    75.0
  ],
  "predicted_powers": [
    54.8282356262207,
    81.40079498291016,
    95.4194564819336,
    34.77024459838867,
    64.8908462524414,
    55.23355484008789,
    53.976165771484375
  ]
}