{
  "sample_id": "1827",
  "total_index": [
    0,
    1,
    3,
    4,
    5,
    6,
    7
  ],
  "true_locations": [
    9,
    39,
    62,
    14,
    91,
    76,
    12
  ],
  "predicted_locations": [
    18,
    29,
    72,
    23,
    73,
    78,
    23
  ],
  "true_powers": [
    65.0,
    78.0,
    71.0,
    78.0,
    76.0,
    57.0,
    79.0
  ],
  "predicted_powers": [
    42.17992401123047,
    71.00385284423828,
    64.33618927001953,
    61.02144241333008,
    36.64128494262695,
    39.4799919128418,
    61.2978630065918
  ]
}