{
  "sample_id": "1800",
  "total_index": [
    0,
    3,
    4,
    5,
    7
  ],
  "true_locations": [
    23,
    22,
    100,
    47,
    99
  ],
  "predicted_locations": [
    23,
    22,
    78,
    28,
    78
  ],
  "true_powers": [
    87.0,
    75.0,
    62.0,
    65.0,
    51.0
  ],
  "predicted_powers": [
    86.84552001953125,
    74.85057830810547,
    27.93221092224121,
    43.535011291503906,
    29.603416442871094
  ]
}