{
  "sample_id": "1880",
  "total_index": [
    0,
    1,
    2,
    3,
    4,
    5,
    6,
    7
  ],
  "true_locations": [
    78,
    63,
    69,
    14,
    82,
    22,
    23,
    1
  ],
  "predicted_locations": [
    78,
    73,
    79,
    13,
    72,
    22,
    23,
    23
  ],
  "true_powers": [
    66.0,
    96.0,
    74.0,
    66.0,
    92.0,
    64.0,
    98.0,
    77.0
  ],
  "predicted_powers": [
    66.14313507080078,
    85.529296875,
    68.06208801269531,
    61.324806213378906,
    83.79121398925781,
    71.0108413696289,
    98.21809387207031,
    37.78571319580078
  ]
}