{
  "sample_id": "1805",
  "total_index": [
    0,
    1,
    2,
    3,
    4,
    5,
    6,
    7
  ],
  "true_locations": [
    42,
    33,
    69,
    24,
    100,
    48,
    30,
    81
  ],
  "predicted_locations": [
    23,
    23,
    79,
    23,
    78,
    28,
    29,
    73
  ],
  "true_powers": [
    84.0,
    85.0,
    63.0,
    79.0,
    85.0,
    57.0,
    90.0,
    87.0
  ],
  "predicted_powers": [
    51.914310455322266,
    75.5254898071289,
    57.94242477416992,
    70.66265869140625,
    38.341209411621094,
    41.83896255493164,
    65.17594909667969,
    51.038330078125
  ]
}