{
  "sample_id": "1881",
  "total_index": [
    0,
    1,
    3,
    7
  ],
  "true_locations": [
    85,
    22,
    91,
    85
  ],
  "predicted_locations": [
    73,
    22,
    73,
    73
  ],
  "true_powers": [
    53.0,
    93.0,
    92.0,
    96.0
  ],
  "predicted_powers": [
    32.63941955566406,
    93.0533676147461,
    41.28706359863281,
    60.052982330322266
  ]
}