{
  "sample_id": "1883",
  "total_index": [
    0,
    1,
    2,
    3,
    4,
    5,
    6,
    7
  ],
  "true_locations": [
    1,
    32,
    83,
    91,
    57,
    59,
    18,
    98
  ],
  "predicted_locations": [
    23,
    22,
    83,
    73,
    78,
    78,
    18,
    88
  ],
  "true_powers": [
    79.0,
    100.0,
    77.0,
    69.0,
    75.0,
    84.0,
    70.0,
    81.0
  ],
  "predicted_powers": [
    35.215396881103516,
    91.1974105834961,
    77.75662994384766,
    31.533723831176758,
    50.623653411865234,
    54.872657775878906,
    70.52464294433594,
    62.103187561035156
  ]
}