{
  "sample_id": "1739",
  "total_index": [
    0,
    1,
    2,
    3,
    4,
    5
  ],
  "true_locations": [
    78,
    77,
    10,
    28,
    50,
    65
  ],
  "predicted_locations": [
    78,
    78,
    28,
    28,
    28,
    73
  ],
  "true_powers": [
    74.0,
    99.0,
    76.0,
    71.0,
    90.0,
    78.0
  ],
  "predicted_powers": [
    74.03755950927734,
    88.17898559570312,
    34.146095275878906,
    70.832763671875,
    46.23716735839844,
    52.746002197265625
  ]
}