{
  "sample_id": "1743",
  "total_index": [
    2,
    3,
    4,
    5,
    6,
    7
  ],
  "true_locations": [
    87,
    73,
    91,
    84,
    4,
    45
  ],
  "predicted_locations": [
    88,
    73,
    73,
    83,
    23,
    23
  ],
  "true_powers": [
    98.0,
    92.0,
    77.0,
    82.0,
    89.0,
    57.0
  ],
  "predicted_powers": [
    89.01750946044922,
    92.4464111328125,
    38.14312744140625,
    79.29857635498047,
    52.73562240600586,
    33.196414947509766
  ]
}