{
  "sample_id": "1819",
  "total_index": [
    0,
    2,
    3,
    4,
    6
  ],
  "true_locations": [
    34,
    95,
    75,
    54,
    1
  ],
  "predicted_locations": [
    23,
    73,
    73,
    73,
    23
  ],
  "true_powers": [
    91.0,
    98.0,
    50.0,
    68.0,
    100.0
  ],
  "predicted_powers": [
    73.43079376220703,
    48.285911560058594,
    34.35137176513672,
    43.91328430175781,
    44.692047119140625
  ]
}