{
  "sample_id": "1840",
  "total_index": [
    0,
    2,
    3,
    4,
    5,
    6,
    7
  ],
  "true_locations": [
    1,
    63,
    12,
    70,
    91,
    80,
    63
  ],
  "predicted_locations": [
    23,
    73,
    23,
    78,
    73,
    79,
    73
  ],
  "true_powers": [
    82.0,
    96.0,
    98.0,
    77.0,
    78.0,
    66.0,
    86.0
  ],
  "predicted_powers": [
    36.79526901245117,
    85.72176361083984,
    75.13859558105469,
    46.19841003417969,
    40.76667785644531,
    47.72880172729492,
    78.3031234741211
  ]
}