{
  "sample_id": "1887",
  "total_index": [
    0,
    1,
    2,
    3,
    4,
    5,
    6,
    7
  ],
  "true_locations": [
    77,
    21,
    61,
    10,
    65,
    55,
    91,
    3
  ],
  "predicted_locations": [
    78,
    22,
    72,
    28,
    73,
    73,
    73,
    23
  ],
  "true_powers": [
    75.0,
    76.0,
    83.0,
    52.0,
    93.0,
    100.0,
    67.0,
    71.0
  ],
  "predicted_powers": [
    66.75926208496094,
    54.73027038574219,
    57.5976448059082,
    23.703418731689453,
    59.56620788574219,
    58.41434860229492,
    30.472211837768555,
    46.429725646972656
  ]
}