{
  "sample_id": "1704",
  "total_index": [
    0,
    1,
    2,
    5,
    6,
    7
  ],
  "true_locations": [
    83,
    87,
    10,
    16,
    51,
    34
  ],
  "predicted_locations": [
    83,
    88,
    28,
    28,
    73,
    23
  ],
  "true_powers": [
    52.0,
    50.0,
    89.0,
    69.0,
    80.0,
    96.0
  ],
  "predicted_powers": [
    51.92693328857422,
    45.62220764160156,
    40.30420684814453,
    45.713558197021484,
    39.06117630004883,
    78.92007446289062
  ]
}