{
  "sample_id": "1845",
  "total_index": [
    0,
    1,
    2,
    3,
    4,
    5,
    6,
    7
  ],
  "true_locations": [
    37,
    49,
    78,
    75,
    1,
    14,
    16,
    23
  ],
  "predicted_locations": [
    28,
    28,
    78,
    73,
    23,
    13,
    28,
    23
  ],
  "true_powers": [
    55.0,
    50.0,
    83.0,
    61.0,
    93.0,
    92.0,
    82.0,
    88.0
  ],
  "predicted_powers": [
    44.73753356933594,
    30.949176788330078,
    82.92362213134766,
    41.948726654052734,
    42.423091888427734,
    89.68701171875,
    52.39323043823242,
    91.1077880859375
  ]
}