{
  "sample_id": "1797",
  "total_index": [
    0,
    1,
    2,
    3,
    4,
    5,
    6,
    7
  ],
  "true_locations": [
    18,
    91,
    85,
    13,
    100,
    37,
    32,
    96
  ],
  "predicted_locations": [
    18,
    73,
    73,
    13,
    78,
    28,
    22,
    78
  ],
  "true_powers": [
    57.0,
    96.0,
    84.0,
    75.0,
    90.0,
    71.0,
    83.0,
    60.0
  ],
  "predicted_powers": [
    56.71924591064453,
    43.171348571777344,
    52.04465866088867,
    75.23084259033203,
    41.43995666503906,
    61.26963424682617,
    75.7729263305664,
    31.489551544189453
  ]
}