{
  "sample_id": "1847",
  "total_index": [
    0,
    2,
    3,
    4,
    6
  ],
  "true_locations": [
    100,
    48,
    33,
    49,
    17
  ],
  "predicted_locations": [
    78,
    28,
    23,
    28,
    18
  ],
  "true_powers": [
    98.0,
    71.0,
    57.0,
    71.0,
    64.0
  ],
  "predicted_powers": [
    43.49470901489258,
    48.49860382080078,
    50.82566833496094,
    45.07000732421875,
    59.38494110107422
  ]
}