{
  "sample_id": "1731",
  "total_index": [
    0,
    1,
    2,
    3,
    4,
    5,
    6,
    7
  ],
  "true_locations": [
    69,
    3,
    75,
    10,
    54,
    34,
    26,
    48
  ],
  "predicted_locations": [
    79,
    13,
    73,
    28,
    73,
    23,
    28,
    28
  ],
  "true_powers": [
    96.0,
    73.0,
    75.0,
    70.0,
    56.0,
    85.0,
    51.0,
    65.0
  ],
  "predicted_powers": [
    87.36735534667969,
    53.108272552490234,
    51.49686050415039,
    31.899024963378906,
    36.96635818481445,
    73.67093658447266,
    35.563716888427734,
    45.969974517822266
  ]
}