{
  "sample_id": "1868",
  "total_index": [
    3,
    4,
    5,
    6
  ],
  "true_locations": [
    47,
    91,
    25,
    71
  ],
  "predicted_locations": [
    28,
    73,
    23,
    72
  ],
  "true_powers": [
    60.0,
    86.0,
    90.0,
    68.0
  ],
  "predicted_powers": [
    38.595462799072266,
    38.73721694946289,
    63.326847076416016,
    49.918251037597656
  ]
}