{
  "sample_id": "1828",
  "total_index": [
    0,
    1,
    2,
    3,
    4,
    5,
    6
  ],
  "true_locations": [
    78,
    10,
    25,
    77,
    44,
    81,
    58
  ],
  "predicted_locations": [
    78,
    28,
    23,
    78,
    23,
    73,
    78
  ],
  "true_powers": [
    52.0,
    68.0,
    72.0,
    66.0,
    63.0,
    81.0,
    54.0
  ],
  "predicted_powers": [
    51.93257141113281,
    30.391244888305664,
    49.27513122558594,
    59.095375061035156,
    41.60530090332031,
    47.828346252441406,
    37.83421325683594
  ]
}