{
  "sample_id": "1852",
  "total_index": [
    0,
    1,
    2,
    5,
    6,
    7
  ],
  "true_locations": [
    77,
    91,
    68,
    77,
    15,
    50
  ],
  "predicted_locations": [
    78,
    73,
    78,
    78,
    23,
    28
  ],
  "true_powers": [
    71.0,
    75.0,
    69.0,
    80.0,
    65.0,
    81.0
  ],
  "predicted_powers": [
    63.01834487915039,
    33.702659606933594,
    61.58138656616211,
    76.40557098388672,
    40.363746643066406,
    40.98002624511719
  ]
}