{
  "sample_id": "1721",
  "total_index": [
    0,
    1,
    2,
    5,
    6,
    7
  ],
  "true_locations": [
    95,
    15,
    1,
    14,
    24,
    91
  ],
  "predicted_locations": [
    73,
    23,
    23,
    13,
    23,
    73
  ],
  "true_powers": [
    84.0,
    52.0,
    76.0,
    80.0,
    71.0,
    100.0
  ],
  "predicted_powers": [
    41.20512008666992,
    32.16637420654297,
    34.526180267333984,
    77.41049194335938,
    63.84328842163086,
    45.606117248535156
  ]
}