{
  "sample_id": "1783",
  "total_index": [
    2,
    3,
    4,
    5,
    6,
    7
  ],
  "true_locations": [
    46,
    7,
    47,
    91,
    32,
    21
  ],
  "predicted_locations": [
    28,
    18,
    28,
    73,
    22,
    22
  ],
  "true_powers": [
    71.0,
    69.0,
    57.0,
    88.0,
    85.0,
    62.0
  ],
  "predicted_powers": [
    38.95665740966797,
    46.891719818115234,
    37.59672927856445,
    42.2268180847168,
    78.7239761352539,
    45.997249603271484
  ]
}