{
  "sample_id": "1791",
  "total_index": [
    1,
    2,
    3,
    4,
    5,
    6,
    7
  ],
  "true_locations": [
    48,
    8,
    83,
    36,
    55,
    84,
    10
  ],
  "predicted_locations": [
    28,
    18,
    83,
    28,
    73,
    83,
    28
  ],
  "true_powers": [
    82.0,
    91.0,
    100.0,
    83.0,
    92.0,
    84.0,
    78.0
  ],
  "predicted_powers": [
    56.0204963684082,
    66.40406799316406,
    100.46344757080078,
    54.62040710449219,
    54.10785675048828,
    77.4610824584961,
    37.06723403930664
  ]
}