{
  "sample_id": "1755",
  "total_index": [
    2,
    3,
    6,
    7
  ],
  "true_locations": [
    53,
    100,
    75,
    67
  ],
  "predicted_locations": [
    73,
    78,
    73,
    78
  ],
  "true_powers": [
    97.0,
    80.0,
    54.0,
    84.0
  ],
  "predicted_powers": [
    66.17537689208984,
    35.97675704956055,
    37.62236404418945,
    69.82852935791016
  ]
}