{
  "sample_id": "1714",
  "total_index": [
    0,
    2,
    5,
    6,
    7
  ],
  "true_locations": [
    46,
    58,
    13,
    96,
    91
  ],
  "predicted_locations": [
    28,
    78,
    13,
    78,
    73
  ],
  "true_powers": [
    86.0,
    67.0,
    86.0,
    51.0,
    87.0
  ],
  "predicted_powers": [
    47.02836227416992,
    45.806488037109375,
    89.50894165039062,
    25.490055084228516,
    40.42676544189453
  ]
}