{
  "sample_id": "1905",
  "total_index": [
    1,
    3,
    5,
    6,
    7
  ],
  "true_locations": [
    84,
    100,
    33,
    6,
    65
  ],
  "predicted_locations": [
    83,
    78,
    23,
    28,
    73
  ],
  "true_powers": [
    93.0,
    83.0,
    54.0,
    95.0,
    79.0
  ],
  "predicted_powers": [
    84.43927001953125,
    37.27153396606445,
    50.75181579589844,
    46.70827865600586,
    53.22395706176758
  ]
}