{
  "sample_id": "1896",
  "total_index": [
    2,
    3,
    4,
    5,
    6,
    7
  ],
  "true_locations": [
    13,
    50,
    90,
    100,
    51,
    85
  ],
  "predicted_locations": [
    13,
    28,
    79,
    78,
    73,
    73
  ],
  "true_powers": [
    72.0,
    67.0,
    94.0,
    79.0,
    98.0,
    68.0
  ],
  "predicted_powers": [
    72.56893920898438,
    33.282447814941406,
    61.93173599243164,
    37.851806640625,
    48.99742126464844,
    43.15140914916992
  ]
}