{
  "sample_id": "1705",
  "total_index": [
    0,
    1,
    3,
    4,
    5,
    6,
    7
  ],
  "true_locations": [
    16,
    66,
    10,
    2,
    85,
    61,
    47
  ],
  "predicted_locations": [
    28,
    78,
    28,
    23,
    73,
    73,
    28
  ],
  "true_powers": [
    77.0,
    90.0,
    94.0,
    99.0,
    93.0,
    51.0,
    53.0
  ],
  "predicted_powers": [
    47.40946960449219,
    57.84452438354492,
    42.21520233154297,
    56.3517951965332,
    59.8980712890625,
    30.656997680664062,
    35.81523513793945
  ]
}