{
  "sample_id": "1723",
  "total_index": [
    0,
    1,
    3,
    4,
    5,
    6,
    7
  ],
  "true_locations": [
    61,
    30,
    94,
    32,
    100,
    33,
    18
  ],
  "predicted_locations": [
    72,
    29,
    73,
    23,
    78,
    23,
    18
  ],
  "true_powers": [
    53.0,
    97.0,
    52.0,
    71.0,
    58.0,
    82.0,
    82.0
  ],
  "predicted_powers": [
    35.93899917602539,
    69.93681335449219,
    30.431154251098633,
    55.959861755371094,
    28.132183074951172,
    73.93437194824219,
    84.91084289550781
  ]
}