{
  "sample_id": "1804",
  "total_index": [
    4,
    5,
    6,
    7
  ],
  "true_locations": [
    91,
    48,
    42,
    12
  ],
  "predicted_locations": [
    73,
    28,
    23,
    23
  ],
  "true_powers": [
    75.0,
    99.0,
    55.0,
    70.0
  ],
  "predicted_powers": [
    33.116519927978516,
    69.53132629394531,
    34.078800201416016,
    53.73238754272461
  ]
}