{
  "sample_id": "1912",
  "total_index": [
    0,
    1,
    2,
    3,
    4,
    5,
    6,
    7
  ],
  "true_locations": [
    10,
    75,
    97,
    65,
    84,
    35,
    69,
    12
  ],
  "predicted_locations": [
    28,
    73,
    88,
    73,
    83,
    23,
    79,
    23
  ],
  "true_powers": [
    91.0,
    81.0,
    71.0,
    73.0,
    61.0,
    99.0,
    99.0,
    55.0
  ],
  "predicted_powers": [
    40.631752014160156,
    55.64805603027344,
    48.71188735961914,
    46.96095275878906,
    58.787452697753906,
    67.13887023925781,
    90.56352233886719,
    43.3221321105957
  ]
}