{
  "sample_id": "1926",
  "total_index": [
    0,
    1,
    3,
    4,
    5,
    6,
    7
  ],
  "true_locations": [
    97,
    1,
    52,
    83,
    37,
    77,
    25
  ],
  "predicted_locations": [
    88,
    23,
    73,
    83,
    28,
    78,
    23
  ],
  "true_powers": [
    98.0,
    66.0,
    73.0,
    69.0,
    80.0,
    93.0,
    77.0
  ],
  "predicted_powers": [
    66.227294921875,
    29.628450393676758,
    45.73832702636719,
    70.0951156616211,
    68.11302185058594,
    83.23761749267578,
    54.443260192871094
  ]
}