{
  "sample_id": "1826",
  "total_index": [
    0,
    2,
    3,
    4,
    5,
    7
  ],
  "true_locations": [
    48,
    91,
    100,
    76,
    67,
    2
  ],
  "predicted_locations": [
    28,
    73,
    78,
    78,
    78,
    23
  ],
  "true_powers": [
    63.0,
    89.0,
    96.0,
    56.0,
    91.0,
    91.0
  ],
  "predicted_powers": [
    42.8737907409668,
    39.90398406982422,
    42.7510986328125,
    38.91571807861328,
    77.68356323242188,
    52.6209602355957
  ]
}