{
  "sample_id": "1895",
  "total_index": [
    0,
    1,
    2,
    3,
    4,
    5,
    6,
    7
  ],
  "true_locations": [
    76,
    91,
    65,
    22,
    41,
    9,
    40,
    77
  ],
  "predicted_locations": [
    78,
    73,
    73,
    22,
    23,
    28,
    29,
    78
  ],
  "true_powers": [
    69.0,
    85.0,
    90.0,
    62.0,
    79.0,
    59.0,
    69.0,
    76.0
  ],
  "predicted_powers": [
    47.05214309692383,
    38.226619720458984,
    58.004554748535156,
    62.18301773071289,
    41.03003692626953,
    36.528968811035156,
    47.073944091796875,
    69.70919036865234
  ]
}