{
  "sample_id": "1808",
  "total_index": [
    0,
    1,
    2,
    4,
    5,
    7
  ],
  "true_locations": [
    44,
    77,
    52,
    91,
    59,
    65
  ],
  "predicted_locations": [
    23,
    78,
    73,
    73,
    78,
    73
  ],
  "true_powers": [
    77.0,
    62.0,
    80.0,
    84.0,
    97.0,
    92.0
  ],
  "predicted_powers": [
    49.45924758911133,
    55.001922607421875,
    49.390419006347656,
    39.31692886352539,
    65.53250122070312,
    61.662113189697266
  ]
}