{
  "sample_id": "1814",
  "total_index": [
    1,
    3,
    4,
    5,
    7
  ],
  "true_locations": [
    1,
    12,
    88,
    66,
    66
  ],
  "predicted_locations": [
    23,
    23,
    88,
    78,
    78
  ],
  "true_powers": [
    81.0,
    71.0,
    88.0,
    63.0,
    98.0
  ],
  "predicted_powers": [
    36.22245788574219,
    53.79738998413086,
    87.13538360595703,
    43.71257781982422,
    64.37030792236328
  ]
}