{
  "sample_id": "1914",
  "total_index": [
    0,
    1,
    2,
    3,
    4,
    5,
    6,
    7
  ],
  "true_locations": [
    84,
    33,
    24,
    82,
    30,
    1,
    98,
    42
  ],
  "predicted_locations": [
    83,
    23,
    23,
    73,
    28,
    23,
    88,
    23
  ],
  "true_powers": [
    83.0,
    59.0,
    52.0,
    66.0,
    63.0,
    64.0,
    82.0,
    70.0
  ],
  "predicted_powers": [
    76.00810241699219,
    52.4072265625,
    46.77512741088867,
    50.48931121826172,
    39.934329986572266,
    33.62870407104492,
    59.60151672363281,
    46.09109115600586
  ]
}