{
  "sample_id": "1937",
  "total_index": [
    3,
    4,
    5,
    6
  ],
  "true_locations": [
    1,
    41,
    23,
    94
  ],
  "predicted_locations": [
    23,
    23,
    23,
    73
  ],
  "true_powers": [
    77.0,
    73.0,
    73.0,
    56.0
  ],
  "predicted_powers": [
    34.154842376708984,
    36.917144775390625,
    75.22671508789062,
    32.89480209350586
  ]
}