{
  "sample_id": "1878",
  "total_index": [
    0,
    1,
    2,
    4,
    5,
    6,
    7
  ],
  "true_locations": [
    10,
    70,
    10,
    75,
    25,
    79,
    76
  ],
  "predicted_locations": [
    28,
    79,
    28,
    73,
    23,
    79,
    78
  ],
  "true_powers": [
    93.0,
    88.0,
    82.0,
    87.0,
    58.0,
    53.0,
    71.0
  ],
  "predicted_powers": [
    41.393192291259766,
    59.7478141784668,
    36.99170684814453,
    59.231563568115234,
    42.22148132324219,
    53.819175720214844,
    49.61378479003906
  ]
}