{
  "sample_id": "1908",
  "total_index": [
    0,
    1,
    2,
    3,
    5,
    6,
    7
  ],
  "true_locations": [
    95,
    79,
    11,
    100,
    60,
    11,
    84
  ],
  "predicted_locations": [
    73,
    79,
    22,
    78,
    78,
    23,
    83
  ],
  "true_powers": [
    71.0,
    93.0,
    69.0,
    96.0,
    91.0,
    64.0,
    97.0
  ],
  "predicted_powers": [
    34.708595275878906,
    93.42835998535156,
    45.12353515625,
    43.40681076049805,
    48.5020637512207,
    36.484039306640625,
    90.96328735351562
  ]
}