{
  "sample_id": "1839",
  "total_index": [
    0,
    1,
    2,
    3,
    4,
    5,
    6,
    7
  ],
  "true_locations": [
    13,
    3,
    59,
    69,
    1,
    64,
    18,
    98
  ],
  "predicted_locations": [
    13,
    13,
    78,
    79,
    23,
    73,
    18,
    78
  ],
  "true_powers": [
    61.0,
    71.0,
    80.0,
    62.0,
    81.0,
    55.0,
    50.0,
    73.0
  ],
  "predicted_powers": [
    61.0577392578125,
    51.347557067871094,
    49.41982650756836,
    56.2559928894043,
    36.63218307495117,
    47.02146911621094,
    50.84867858886719,
    47.921104431152344
  ]
}