{
  "sample_id": "1785",
  "total_index": [
    0,
    1,
    3,
    4
  ],
  "true_locations": [
    100,
    47,
    50,
    79
  ],
  "predicted_locations": [
    78,
    28,
    28,
    79
  ],
  "true_powers": [
    87.0,
    67.0,
    96.0,
    72.0
  ],
  "predicted_powers": [
    38.97590637207031,
    43.14847946166992,
    47.136653900146484,
    71.33184814453125
  ]
}