{
  "sample_id": "1858",
  "total_index": [
    0,
    2,
    6,
    7
  ],
  "true_locations": [
    34,
    93,
    96,
    1
  ],
  "predicted_locations": [
    23,
    83,
    78,
    23
  ],
  "true_powers": [
    89.0,
    99.0,
    58.0,
    83.0
  ],
  "predicted_powers": [
    71.94441986083984,
    71.13683319091797,
    28.660747528076172,
    37.88447952270508
  ]
}