{
  "sample_id": "1779",
  "total_index": [
    0,
    2,
    3,
    5,
    6,
    7
  ],
  "true_locations": [
    99,
    93,
    69,
    100,
    42,
    64
  ],
  "predicted_locations": [
    88,
    83,
    79,
    78,
    23,
    73
  ],
  "true_powers": [
    79.0,
    91.0,
    70.0,
    73.0,
    53.0,
    80.0
  ],
  "predicted_powers": [
    51.43754959106445,
    65.52234649658203,
    63.578033447265625,
    36.30535888671875,
    33.03537368774414,
    67.1512451171875
  ]
}