{
  "sample_id": "1906",
  "total_index": [
    0,
    1,
    2,
    3,
    4,
    5,
    6
  ],
  "true_locations": [
    28,
    45,
    91,
    48,
    51,
    76,
    69
  ],
  "predicted_locations": [
    28,
    23,
    73,
    28,
    73,
    78,
    79
  ],
  "true_powers": [
    91.0,
    87.0,
    97.0,
    70.0,
    91.0,
    73.0,
    60.0
  ],
  "predicted_powers": [
    90.94053649902344,
    47.696163177490234,
    43.68617630004883,
    47.51191329956055,
    47.80107116699219,
    52.69645690917969,
    56.26286315917969
  ]
}