{
  "sample_id": "1802",
  "total_index": [
    3,
    4,
    5,
    6
  ],
  "true_locations": [
    91,
    47,
    7,
    54
  ],
  "predicted_locations": [
    73,
    28,
    18,
    73
  ],
  "true_powers": [
    93.0,
    77.0,
    56.0,
    53.0
  ],
  "predicted_powers": [
    41.6205940246582,
    49.300445556640625,
    39.511260986328125,
    34.135013580322266
  ]
}