{
  "sample_id": "1799",
  "total_index": [
    0,
    1,
    2,
    3,
    4,
    5,
    6,
    7
  ],
  "true_locations": [
    13,
    75,
    43,
    87,
    92,
    58,
    91,
    7
  ],
  "predicted_locations": [
    13,
    73,
    23,
    88,
    73,
    78,
    73,
    28
  ],
  "true_powers": [
    79.0,
    68.0,
    87.0,
    73.0,
    85.0,
    66.0,
    94.0,
    79.0
  ],
  "predicted_powers": [
    79.03466796875,
    46.66410827636719,
    59.95038604736328,
    67.39714813232422,
    49.2203254699707,
    48.98137664794922,
    42.847068786621094,
    47.84751892089844
  ]
}