{
  "sample_id": "1935",
  "total_index": [
    0,
    1,
    3,
    4,
    5,
    6,
    7
  ],
  "true_locations": [
    29,
    62,
    10,
    94,
    89,
    47,
    63
  ],
  "predicted_locations": [
    29,
    72,
    28,
    83,
    78,
    28,
    73
  ],
  "true_powers": [
    64.0,
    79.0,
    92.0,
    96.0,
    66.0,
    78.0,
    60.0
  ],
  "predicted_powers": [
    63.959754943847656,
    72.09812927246094,
    41.39165496826172,
    66.57666778564453,
    52.96083068847656,
    51.03447723388672,
    55.17985153198242
  ]
}