{
  "sample_id": "1703",
  "total_index": [
    0,
    1,
    2,
    3,
    4,
    5,
    7
  ],
  "true_locations": [
    36,
    57,
    87,
    71,
    91,
    64,
    66
  ],
  "predicted_locations": [
    28,
    78,
    88,
    72,
    73,
    73,
    78
  ],
  "true_powers": [
    81.0,
    58.0,
    72.0,
    96.0,
    80.0,
    65.0,
    75.0
  ],
  "predicted_powers": [
    52.12385177612305,
    37.27543640136719,
    66.44546508789062,
    69.5423812866211,
    36.65952682495117,
    57.633365631103516,
    50.200347900390625
  ]
}