{
  "sample_id": "1728",
  "total_index": [
    1,
    2,
    3,
    4,
    5,
    6
  ],
  "true_locations": [
    68,
    32,
    24,
    63,
    1,
    66
  ],
  "predicted_locations": [
    78,
    22,
    23,
    73,
    23,
    78
  ],
  "true_powers": [
    64.0,
    58.0,
    100.0,
    76.0,
    53.0,
    58.0
  ],
  "predicted_powers": [
    57.10060501098633,
    53.2001838684082,
    88.7807846069336,
    67.6015625,
    27.697099685668945,
    37.796165466308594
  ]
}