{
  "sample_id": "1727",
  "total_index": [
    0,
    1,
    2,
    3,
    4,
    5,
    6,
    7
  ],
  "true_locations": [
    66,
    17,
    52,
    25,
    4,
    100,
    51,
    81
  ],
  "predicted_locations": [
    78,
    18,
    73,
    23,
    13,
    78,
    73,
    72
  ],
  "true_powers": [
    66.0,
    70.0,
    67.0,
    59.0,
    69.0,
    66.0,
    77.0,
    67.0
  ],
  "predicted_powers": [
    42.429786682128906,
    63.644466400146484,
    41.71009063720703,
    40.297935485839844,
    49.058998107910156,
    32.642765045166016,
    38.378421783447266,
    46.674503326416016
  ]
}