{
  "sample_id": "1888",
  "total_index": [
    0,
    1,
    2,
    3,
    4,
    5,
    6,
    7
  ],
  "true_locations": [
    3,
    21,
    89,
    38,
    31,
    91,
    81,
    45
  ],
  "predicted_locations": [
    13,
    22,
    78,
    28,
    22,
    73,
    73,
    23
  ],
  "true_powers": [
    86.0,
    90.0,
    74.0,
    91.0,
    91.0,
    58.0,
    68.0,
    59.0
  ],
  "predicted_powers": [
    62.196144104003906,
    64.96173858642578,
    56.36314010620117,
    80.9262924194336,
    63.57951736450195,
    29.76511573791504,
    39.40511703491211,
    34.14777755737305
  ]
}