{
  "sample_id": "1829",
  "total_index": [
    1,
    2,
    3,
    4,
    5,
    6,
    7
  ],
  "true_locations": [
    83,
    69,
    91,
    42,
    22,
    90,
    21
  ],
  "predicted_locations": [
    83,
    79,
    73,
    23,
    22,
    78,
    22
  ],
  "true_powers": [
    82.0,
    98.0,
    71.0,
    83.0,
    54.0,
    94.0,
    82.0
  ],
  "predicted_powers": [
    81.99993133544922,
    88.78324890136719,
    32.05121612548828,
    52.1053352355957,
    59.14763641357422,
    53.945396423339844,
    60.850833892822266
  ]
}