{
  "sample_id": "1921",
  "total_index": [
    0,
    2,
    3,
    6,
    7
  ],
  "true_locations": [
    75,
    1,
    77,
    78,
    60
  ],
  "predicted_locations": [
    73,
    23,
    78,
    78,
    78
  ],
  "true_powers": [
    84.0,
    83.0,
    70.0,
    58.0,
    59.0
  ],
  "predicted_powers": [
    57.172523498535156,
    37.19999694824219,
    62.233848571777344,
    58.273651123046875,
    30.736833572387695
  ]
}