{
  "sample_id": "1925",
  "total_index": [
    2,
    3,
    4,
    5,
    7
  ],
  "true_locations": [
    39,
    17,
    91,
    39,
    61
  ],
  "predicted_locations": [
    29,
    18,
    73,
    29,
    72
  ],
  "true_powers": [
    84.0,
    97.0,
    78.0,
    73.0,
    56.0
  ],
  "predicted_powers": [
    77.25682830810547,
    87.72310638427734,
    35.66508865356445,
    70.73883056640625,
    39.08658218383789
  ]
}