{
  "sample_id": "1794",
  "total_index": [
    0,
    1,
    3,
    4,
    5,
    6,
    7
  ],
  "true_locations": [
    11,
    50,
    100,
    50,
    48,
    42,
    69
  ],
  "predicted_locations": [
    23,
    28,
    78,
    28,
    28,
    23,
    79
  ],
  "true_powers": [
    67.0,
    75.0,
    80.0,
    100.0,
    73.0,
    66.0,
    99.0
  ],
  "predicted_powers": [
    37.60594177246094,
    37.00421905517578,
    35.23975372314453,
    49.92209243774414,
    53.92636489868164,
    41.07358932495117,
    91.9687728881836
  ]
}