{
  "sample_id": "1812",
  "total_index": [
    2,
    5,
    6,
    7
  ],
  "true_locations": [
    50,
    37,
    50,
    100
  ],
  "predicted_locations": [
    28,
    28,
    28,
    78
  ],
  "true_powers": [
    62.0,
    91.0,
    61.0,
    82.0
  ],
  "predicted_powers": [
    30.799144744873047,
    76.75688171386719,
    30.451679229736328,
    37.86405563354492
  ]
}