{
  "sample_id": "1763",
  "total_index": [
    0,
    1,
    2,
    3,
    4,
    5,
    6
  ],
  "true_locations": [
    45,
    91,
    35,
    95,
    28,
    50,
    28
  ],
  "predicted_locations": [
    23,
    73,
    23,
    73,
    28,
    28,
    28
  ],
  "true_powers": [
    94.0,
    99.0,
    58.0,
    63.0,
    98.0,
    100.0,
    58.0
  ],
  "predicted_powers": [
    51.28879165649414,
    44.285526275634766,
    37.33771514892578,
    31.33346176147461,
    98.9854965209961,
    52.77985382080078,
    59.21583557128906
  ]
}