{
  "sample_id": "1846",
  "total_index": [
    0,
    1,
    3,
    4,
    5,
    6,
    7
  ],
  "true_locations": [
    29,
    4,
    89,
    16,
    67,
    1,
    12
  ],
  "predicted_locations": [
    29,
    13,
    78,
    28,
    78,
    23,
    13
  ],
  "true_powers": [
    80.0,
    68.0,
    52.0,
    93.0,
    94.0,
    85.0,
    64.0
  ],
  "predicted_powers": [
    80.03766632080078,
    46.092010498046875,
    39.35062789916992,
    57.677146911621094,
    78.69971466064453,
    38.662193298339844,
    58.571876525878906
  ]
}