{
  "sample_id": "1822",
  "total_index": [
    1,
    2,
    3,
    4,
    5,
    6,
    7
  ],
  "true_locations": [
    48,
    100,
    92,
    12,
    8,
    21,
    20
  ],
  "predicted_locations": [
    28,
    78,
    73,
    23,
    28,
    23,
    29
  ],
  "true_powers": [
    97.0,
    87.0,
    72.0,
    53.0,
    83.0,
    72.0,
    53.0
  ],
  "predicted_powers": [
    66.12393951416016,
    39.06171417236328,
    40.3408317565918,
    40.55419158935547,
    55.5804443359375,
    45.386741638183594,
    36.683807373046875
  ]
}