{
  "sample_id": "1916",
  "total_index": [
    0,
    3,
    4,
    5,
    6,
    7
  ],
  "true_locations": [
    16,
    37,
    1,
    6,
    84,
    84
  ],
  "predicted_locations": [
    28,
    28,
    23,
    28,
    83,
    83
  ],
  "true_powers": [
    70.0,
    56.0,
    83.0,
    86.0,
    84.0,
    88.0
  ],
  "predicted_powers": [
    42.993019104003906,
    45.47291564941406,
    38.69417190551758,
    45.21541976928711,
    77.10258483886719,
    81.18354797363281
  ]
}