{
  "sample_id": "1855",
  "total_index": [
    0,
    1,
    2,
    3,
    4,
    5,
    6
  ],
  "true_locations": [
    94,
    97,
    91,
    91,
    96,
    45,
    67
  ],
  "predicted_locations": [
    83,
    88,
    73,
    73,
    88,
    23,
    78
  ],
  "true_powers": [
    95.0,
    95.0,
    77.0,
    75.0,
    56.0,
    82.0,
    61.0
  ],
  "predicted_powers": [
    65.0461654663086,
    64.60919189453125,
    34.70615768432617,
    33.3883056640625,
    33.20002365112305,
    46.79729080200195,
    49.72706985473633
  ]
}