{
  "sample_id": "1786",
  "total_index": [
    0,
    1,
    2,
    6
  ],
  "true_locations": [
    52,
    10,
    15,
    43
  ],
  "predicted_locations": [
    73,
    28,
    23,
    23
  ],
  "true_powers": [
    99.0,
    89.0,
    64.0,
    87.0
  ],
  "predicted_powers": [
    60.92569351196289,
    39.96350860595703,
    39.584808349609375,
    59.40353775024414
  ]
}