{
  "sample_id": "1866",
  "total_index": [
    0,
    1,
    2,
    3,
    4,
    6
  ],
  "true_locations": [
    99,
    70,
    52,
    65,
    10,
    87
  ],
  "predicted_locations": [
    88,
    79,
    73,
    73,
    28,
    88
  ],
  "true_powers": [
    83.0,
    82.0,
    84.0,
    52.0,
    82.0,
    51.0
  ],
  "predicted_powers": [
    54.2691535949707,
    55.611385345458984,
    51.821571350097656,
    33.45246887207031,
    37.17860794067383,
    47.1914176940918
  ]
}