{
  "sample_id": "1929",
  "total_index": [
    0,
    1,
    2,
    3,
    4,
    5,
    6,
    7
  ],
  "true_locations": [
    64,
    91,
    72,
    39,
    67,
    87,
    13,
    36
  ],
  "predicted_locations": [
    73,
    73,
    72,
    29,
    78,
    78,
    13,
    28
  ],
  "true_powers": [
    78.0,
    88.0,
    74.0,
    81.0,
    68.0,
    81.0,
    68.0,
    95.0
  ],
  "predicted_powers": [
    62.920166015625,
    39.7409553527832,
    74.3423843383789,
    74.31717681884766,
    54.61589050292969,
    67.59770202636719,
    68.9988784790039,
    63.283077239990234
  ]
}