{
  "sample_id": "1718",
  "total_index": [
    0,
    1,
    2,
    3,
    4,
    5,
    7
  ],
  "true_locations": [
    35,
    1,
    25,
    41,
    25,
    1,
    25
  ],
  "predicted_locations": [
    23,
    23,
    23,
    23,
    23,
    23,
    23
  ],
  "true_powers": [
    51.0,
    93.0,
    79.0,
    99.0,
    86.0,
    94.0,
    78.0
  ],
  "predicted_powers": [
    32.958248138427734,
    41.65283966064453,
    53.75902557373047,
    49.77750778198242,
    57.99919891357422,
    48.318424224853516,
    55.59323501586914
  ]
}