{
  "sample_id": "1756",
  "total_index": [
    0,
    2,
    4,
    5,
    6
  ],
  "true_locations": [
    83,
    51,
    48,
    100,
    14
  ],
  "predicted_locations": [
    83,
    73,
    28,
    78,
    13
  ],
  "true_powers": [
    73.0,
    70.0,
    76.0,
    67.0,
    52.0
  ],
  "predicted_powers": [
    72.94190979003906,
    34.3417854309082,
    51.622440338134766,
    31.536849975585938,
    47.585418701171875
  ]
}