{
  "sample_id": "1844",
  "total_index": [
    0,
    1,
    2,
    3,
    4,
    5,
    6,
    7
  ],
  "true_locations": [
    1,
    53,
    70,
    26,
    31,
    33,
    90,
    34
  ],
  "predicted_locations": [
    23,
    73,
    79,
    28,
    23,
    23,
    79,
    23
  ],
  "true_powers": [
    98.0,
    60.0,
    78.0,
    86.0,
    79.0,
    72.0,
    76.0,
    90.0
  ],
  "predicted_powers": [
    43.937007904052734,
    41.018367767333984,
    53.786964416503906,
    59.08577346801758,
    48.7649040222168,
    69.1256332397461,
    49.825382232666016,
    75.17306518554688
  ]
}