{
  "sample_id": "1889",
  "total_index": [
    0,
    1,
    2,
    3,
    4,
    5,
    6,
    7
  ],
  "true_locations": [
    14,
    31,
    59,
    28,
    63,
    56,
    45,
    100
  ],
  "predicted_locations": [
    13,
    22,
    78,
    28,
    73,
    78,
    23,
    78
  ],
  "true_powers": [
    91.0,
    99.0,
    54.0,
    100.0,
    90.0,
    50.0,
    50.0,
    94.0
  ],
  "predicted_powers": [
    82.67884826660156,
    67.16006469726562,
    33.44292449951172,
    99.92389678955078,
    81.02710723876953,
    31.7099666595459,
    27.665502548217773,
    44.190521240234375
  ]
}