{
  "sample_id": "1753",
  "total_index": [
    0,
    1,
    2,
    5
  ],
  "true_locations": [
    29,
    95,
    10,
    9
  ],
  "predicted_locations": [
    29,
    73,
    28,
    28
  ],
  "true_powers": [
    70.0,
    82.0,
    63.0,
    83.0
  ],
  "predicted_powers": [
    69.87930297851562,
    40.26112365722656,
    28.310287475585938,
    48.77527618408203
  ]
}