{
  "sample_id": "1752",
  "total_index": [
    1,
    2,
    5,
    7
  ],
  "true_locations": [
    22,
    17,
    10,
    77
  ],
  "predicted_locations": [
    22,
    18,
    28,
    78
  ],
  "true_powers": [
    100.0,
    52.0,
    69.0,
    56.0
  ],
  "predicted_powers": [
    99.91979217529297,
    47.761844635009766,
    32.93757247924805,
    50.69599151611328
  ]
}