{
  "sample_id": "1761",
  "total_index": [
    0,
    1,
    2,
    3,
    4,
    5,
    6
  ],
  "true_locations": [
    96,
    13,
    28,
    96,
    7,
    13,
    100
  ],
  "predicted_locations": [
    78,
    13,
    28,
    78,
    28,
    13,
    78
  ],
  "true_powers": [
    51.0,
    100.0,
    52.0,
    84.0,
    55.0,
    94.0,
    80.0
  ],
  "predicted_powers": [
    24.806652069091797,
    100.44725036621094,
    52.883544921875,
    41.43861389160156,
    31.90450096130371,
    99.873779296875,
    36.137474060058594
  ]
}