{
  "sample_id": "1941",
  "total_index": [
    1,
    2,
    3,
    4,
    6
  ],
  "true_locations": [
    52,
    71,
    12,
    18,
    1
  ],
  "predicted_locations": [
    73,
    72,
    23,
    18,
    23
  ],
  "true_powers": [
    92.0,
    90.0,
    65.0,
    66.0,
    77.0
  ],
  "predicted_powers": [
    56.89094161987305,
    65.66841888427734,
    48.94596481323242,
    66.01648712158203,
    35.02888107299805
  ]
}