{
  "sample_id": "1830",
  "total_index": [
    0,
    3,
    5,
    6
  ],
  "true_locations": [
    25,
    91,
    79,
    10
  ],
  "predicted_locations": [
    23,
    73,
    79,
    28
  ],
  "true_powers": [
    68.0,
    97.0,
    92.0,
    83.0
  ],
  "predicted_powers": [
    46.28339385986328,
    43.274566650390625,
    94.28890991210938,
    37.3910026550293
  ]
}