{
  "sample_id": "1834",
  "total_index": [
    0,
    1,
    2,
    3,
    4,
    5,
    6,
    7
  ],
  "true_locations": [
    81,
    97,
    27,
    65,
    1,
    72,
    72,
    20
  ],
  "predicted_locations": [
    73,
    88,
    28,
    73,
    23,
    72,
    72,
    29
  ],
  "true_powers": [
    60.0,
    84.0,
    97.0,
    71.0,
    59.0,
    53.0,
    88.0,
    52.0
  ],
  "predicted_powers": [
    33.66856002807617,
    57.033668518066406,
    86.28941345214844,
    46.04541778564453,
    27.351531982421875,
    58.4293212890625,
    88.73631286621094,
    36.717716217041016
  ]
}