{
  "sample_id": "1817",
  "total_index": [
    0,
    1,
    2,
    3,
    4,
    5,
    6,
    7
  ],
  "true_locations": [
    10,
    7,
    84,
    49,
    16,
    13,
    71,
    19
  ],
  "predicted_locations": [
    28,
    18,
    83,
    29,
    28,
    13,
    72,
    28
  ],
  "true_powers": [
    98.0,
    99.0,
    77.0,
    95.0,
    82.0,
    73.0,
    74.0,
    87.0
  ],
  "predicted_powers": [
    43.48107147216797,
    67.84048461914062,
    70.88127899169922,
    68.00289154052734,
    53.1693229675293,
    77.7436752319336,
    55.14445114135742,
    68.40617370605469
  ]
}