{
  "sample_id": "1870",
  "total_index": [
    0,
    1,
    2,
    3,
    5,
    6,
    7
  ],
  "true_locations": [
    18,
    71,
    38,
    64,
    94,
    10,
    18
  ],
  "predicted_locations": [
    18,
    72,
    28,
    73,
    83,
    28,
    18
  ],
  "true_powers": [
    70.0,
    96.0,
    70.0,
    56.0,
    82.0,
    86.0,
    85.0
  ],
  "predicted_powers": [
    69.96611022949219,
    69.43017578125,
    62.365848541259766,
    45.32699203491211,
    61.115657806396484,
    39.567073822021484,
    88.855224609375
  ]
}