{
  "sample_id": "1801",
  "total_index": [
    3,
    4,
    5,
    6
  ],
  "true_locations": [
    37,
    12,
    46,
    1
  ],
  "predicted_locations": [
    28,
    23,
    28,
    23
  ],
  "true_powers": [
    67.0,
    76.0,
    50.0,
    74.0
  ],
  "predicted_powers": [
    54.17085266113281,
    57.622314453125,
    29.473485946655273,
    33.236759185791016
  ]
}