{
  "sample_id": "1716",
  "total_index": [
    2,
    3,
    4,
    5,
    6
  ],
  "true_locations": [
    44,
    1,
    29,
    3,
    86
  ],
  "predicted_locations": [
    23,
    23,
    29,
    23,
    78
  ],
  "true_powers": [
    70.0,
    82.0,
    78.0,
    55.0,
    80.0
  ],
  "predicted_powers": [
    45.187503814697266,
    37.001033782958984,
    78.60539245605469,
    36.95233154296875,
    49.604644775390625
  ]
}