{
  "sample_id": "1946",
  "total_index": [
    0,
    1,
    2,
    4,
    5,
    6,
    7
  ],
  "true_locations": [
    8,
    23,
    48,
    19,
    86,
    55,
    100
  ],
  "predicted_locations": [
    18,
    23,
    28,
    19,
    78,
    73,
    78
  ],
  "true_powers": [
    99.0,
    53.0,
    53.0,
    81.0,
    70.0,
    86.0,
    83.0
  ],
  "predicted_powers": [
    71.40612030029297,
    53.17436599731445,
    36.17401123046875,
    82.39379119873047,
    46.611480712890625,
    47.94997787475586,
    38.8165397644043
  ]
}