{
  "sample_id": "1709",
  "total_index": [
    0,
    1,
    3,
    4,
    5,
    7
  ],
  "true_locations": [
    45,
    20,
    100,
    52,
    59,
    65
  ],
  "predicted_locations": [
    23,
    29,
    78,
    73,
    78,
    73
  ],
  "true_powers": [
    70.0,
    68.0,
    93.0,
    69.0,
    75.0,
    93.0
  ],
  "predicted_powers": [
    38.292701721191406,
    44.239479064941406,
    42.07371139526367,
    42.9246826171875,
    49.171409606933594,
    61.233097076416016
  ]
}