{
  "sample_id": "1803",
  "total_index": [
    0,
    1,
    2,
    3,
    4,
    5,
    6,
    7
  ],
  "true_locations": [
    43,
    95,
    80,
    10,
    6,
    97,
    61,
    7
  ],
  "predicted_locations": [
    23,
    73,
    79,
    28,
    28,
    78,
    73,
    18
  ],
  "true_powers": [
    73.0,
    88.0,
    55.0,
    88.0,
    56.0,
    84.0,
    62.0,
    88.0
  ],
  "predicted_powers": [
    49.80411911010742,
    43.19633102416992,
    40.283573150634766,
    39.4146842956543,
    27.705135345458984,
    52.83749771118164,
    36.33041000366211,
    62.325645446777344
  ]
}