{
  "sample_id": "1903",
  "total_index": [
    1,
    2,
    3,
    4,
    6,
    7
  ],
  "true_locations": [
    23,
    8,
    11,
    18,
    62,
    100
  ],
  "predicted_locations": [
    23,
    18,
    22,
    18,
    72,
    78
  ],
  "true_powers": [
    53.0,
    70.0,
    62.0,
    75.0,
    58.0,
    74.0
  ],
  "predicted_powers": [
    53.292930603027344,
    50.87343215942383,
    41.3881721496582,
    75.66502380371094,
    52.987789154052734,
    34.112850189208984
  ]
}