{
  "sample_id": "1748",
  "total_index": [
    0,
    2,
    3,
    4,
    5,
    7
  ],
  "true_locations": [
    26,
    69,
    90,
    2,
    31,
    10
  ],
  "predicted_locations": [
    28,
    79,
    79,
    13,
    23,
    28
  ],
  "true_powers": [
    78.0,
    90.0,
    86.0,
    97.0,
    62.0,
    92.0
  ],
  "predicted_powers": [
    53.0777473449707,
    82.38249206542969,
    56.544288635253906,
    63.66881561279297,
    38.73280715942383,
    42.28145980834961
  ]
}