{
  "sample_id": "1898",
  "total_index": [
    0,
    2,
    3,
    4,
    5,
    6,
    7
  ],
  "true_locations": [
    46,
    93,
    61,
    25,
    100,
    25,
    54
  ],
  "predicted_locations": [
    28,
    83,
    72,
    23,
    78,
    23,
    73
  ],
  "true_powers": [
    64.0,
    55.0,
    67.0,
    68.0,
    58.0,
    74.0,
    84.0
  ],
  "predicted_powers": [
    34.83055877685547,
    40.132537841796875,
    45.68700408935547,
    46.91712188720703,
    28.137340545654297,
    51.20109939575195,
    55.86650466918945
  ]
}