{
  "sample_id": "1857",
  "total_index": [
    1,
    2,
    3,
    4,
    6,
    7
  ],
  "true_locations": [
    68,
    31,
    57,
    93,
    83,
    91
  ],
  "predicted_locations": [
    78,
    22,
    78,
    83,
    83,
    73
  ],
  "true_powers": [
    84.0,
    90.0,
    67.0,
    77.0,
    83.0,
    59.0
  ],
  "predicted_powers": [
    74.88262176513672,
    61.319129943847656,
    43.3587532043457,
    58.137027740478516,
    84.7886734008789,
    27.989784240722656
  ]
}