{
  "sample_id": "1876",
  "total_index": [
    0,
    2,
    4,
    5,
    6,
    7
  ],
  "true_locations": [
    10,
    51,
    64,
    55,
    14,
    68
  ],
  "predicted_locations": [
    28,
    73,
    73,
    73,
    13,
    78
  ],
  "true_powers": [
    73.0,
    95.0,
    73.0,
    89.0,
    63.0,
    62.0
  ],
  "predicted_powers": [
    32.670127868652344,
    46.774227142333984,
    59.72734451293945,
    51.619956970214844,
    58.20085525512695,
    56.79893493652344
  ]
}