{
  "sample_id": "1890",
  "total_index": [
    0,
    1,
    2,
    3,
    4,
    5,
    6,
    7
  ],
  "true_locations": [
    74,
    5,
    64,
    16,
    13,
    91,
    41,
    2
  ],
  "predicted_locations": [
    73,
    23,
    73,
    28,
    13,
    73,
    23,
    23
  ],
  "true_powers": [
    62.0,
    78.0,
    92.0,
    87.0,
    89.0,
    81.0,
    58.0,
    72.0
  ],
  "predicted_powers": [
    55.14030456542969,
    38.5318489074707,
    74.87666320800781,
    54.00447463989258,
    88.69622802734375,
    40.746456146240234,
    30.446029663085938,
    42.38263702392578
  ]
}