{
  "sample_id": "1864",
  "total_index": [
    0,
    1,
    2,
    4,
    5,
    7
  ],
  "true_locations": [
    60,
    10,
    22,
    87,
    93,
    74
  ],
  "predicted_locations": [
    78,
    28,
    22,
    88,
    73,
    73
  ],
  "true_powers": [
    55.0,
    98.0,
    90.0,
    91.0,
    67.0,
    72.0
  ],
  "predicted_powers": [
    26.886850357055664,
    43.83889389038086,
    89.9718246459961,
    82.78021240234375,
    44.28593063354492,
    66.26449584960938
  ]
}