{
  "sample_id": "1824",
  "total_index": [
    2,
    4,
    5,
    7
  ],
  "true_locations": [
    85,
    1,
    32,
    7
  ],
  "predicted_locations": [
    73,
    23,
    22,
    18
  ],
  "true_powers": [
    58.0,
    82.0,
    91.0,
    65.0
  ],
  "predicted_powers": [
    35.83420181274414,
    37.48505783081055,
    85.28044128417969,
    45.17692184448242
  ]
}