{
  "sample_id": "1833",
  "total_index": [
    0,
    1,
    4,
    5,
    6,
    7
  ],
  "true_locations": [
    15,
    4,
    7,
    100,
    13,
    8
  ],
  "predicted_locations": [
    23,
    13,
    18,
    78,
    13,
    18
  ],
  "true_powers": [
    58.0,
    56.0,
    72.0,
    55.0,
    67.0,
    50.0
  ],
  "predicted_powers": [
    35.977210998535156,
    37.891414642333984,
    49.35887145996094,
    25.867055892944336,
    67.33487701416016,
    37.72219467163086
  ]
}