{
  "sample_id": "1865",
  "total_index": [
    0,
    1,
    2,
    3,
    4,
    6,
    7
  ],
  "true_locations": [
    61,
    100,
    92,
    95,
    12,
    37,
    34
  ],
  "predicted_locations": [
    72,
    78,
    83,
    73,
    23,
    28,
    23
  ],
  "true_powers": [
    51.0,
    66.0,
    73.0,
    94.0,
    93.0,
    79.0,
    69.0
  ],
  "predicted_powers": [
    34.25246047973633,
    29.618770599365234,
    47.921939849853516,
    46.114139556884766,
    71.94082641601562,
    64.40447235107422,
    57.63954544067383
  ]
}