{
  "sample_id": "1909",
  "total_index": [
    0,
    1,
    2,
    3,
    4,
    5,
    6,
    7
  ],
  "true_locations": [
    36,
    68,
    62,
    65,
    22,
    86,
    100,
    100
  ],
  "predicted_locations": [
    28,
    78,
    72,
    73,
    22,
    78,
    78,
    78
  ],
  "true_powers": [
    62.0,
    56.0,
    50.0,
    54.0,
    84.0,
    93.0,
    92.0,
    87.0
  ],
  "predicted_powers": [
    39.79209899902344,
    50.17524337768555,
    45.70561218261719,
    34.947330474853516,
    84.23273468017578,
    61.989967346191406,
    42.01453399658203,
    41.349666595458984
  ]
}