{
  "sample_id": "1869",
  "total_index": [
    3,
    4,
    5,
    6,
    7
  ],
  "true_locations": [
    15,
    56,
    31,
    94,
    100
  ],
  "predicted_locations": [
    23,
    78,
    23,
    83,
    78
  ],
  "true_powers": [
    85.0,
    89.0,
    54.0,
    64.0,
    100.0
  ],
  "predicted_powers": [
    52.71114730834961,
    49.6645622253418,
    33.35129165649414,
    44.07202911376953,
    45.51516342163086
  ]
}