{
  "sample_id": "1904",
  "total_index": [
    0,
    1,
    3,
    4,
    5,
    6,
    7
  ],
  "true_locations": [
    76,
    53,
    63,
    28,
    35,
    100,
    69
  ],
  "predicted_locations": [
    78,
    73,
    73,
    28,
    23,
    78,
    79
  ],
  "true_powers": [
    93.0,
    82.0,
    92.0,
    71.0,
    67.0,
    87.0,
    70.0
  ],
  "predicted_powers": [
    63.61302185058594,
    56.04182434082031,
    82.77098846435547,
    70.9122085571289,
    46.05360794067383,
    39.39543151855469,
    66.43685913085938
  ]
}