{
  "sample_id": "1872",
  "total_index": [
    1,
    2,
    3,
    5,
    7
  ],
  "true_locations": [
    10,
    6,
    68,
    31,
    42
  ],
  "predicted_locations": [
    28,
    28,
    78,
    23,
    23
  ],
  "true_powers": [
    69.0,
    68.0,
    96.0,
    79.0,
    80.0
  ],
  "predicted_powers": [
    30.95306396484375,
    33.35719680786133,
    85.47637939453125,
    49.0742301940918,
    51.22777557373047
  ]
}