{
  "sample_id": "1735",
  "total_index": [
    0,
    1,
    2,
    3,
    4,
    5,
    6,
    7
  ],
  "true_locations": [
    15,
    1,
    56,
    39,
    98,
    39,
    79,
    1
  ],
  "predicted_locations": [
    23,
    23,
    78,
    29,
    88,
    28,
    79,
    23
  ],
  "true_powers": [
    75.0,
    81.0,
    68.0,
    81.0,
    76.0,
    55.0,
    96.0,
    51.0
  ],
  "predicted_powers": [
    46.154605865478516,
    36.16440200805664,
    38.0832633972168,
    74.02750396728516,
    54.557838439941406,
    47.56794738769531,
    96.70506286621094,
    24.580026626586914
  ]
}