{
  "sample_id": "1707",
  "total_index": [
    0,
    1,
    2,
    3,
    4,
    5,
    6,
    7
  ],
  "true_locations": [
    34,
    41,
    36,
    98,
    91,
    31,
    30,
    26
  ],
  "predicted_locations": [
    23,
    23,
    28,
    88,
    73,
    23,
    29,
    28
  ],
  "true_powers": [
    71.0,
    67.0,
    73.0,
    63.0,
    66.0,
    95.0,
    74.0,
    71.0
  ],
  "predicted_powers": [
    57.380882263183594,
    32.9504280090332,
    47.22030258178711,
    45.537471771240234,
    31.490739822387695,
    59.0329475402832,
    54.38739776611328,
    51.093448638916016
  ]
}