{
  "sample_id": "1701",
  "total_index": [
    0,
    1,
    4,
    5,
    6,
    7
  ],
  "true_locations": [
    62,
    93,
    84,
    3,
    1,
    3
  ],
  "predicted_locations": [
    72,
    83,
    83,
    23,
    23,
    13
  ],
  "true_powers": [
    69.0,
    76.0,
    58.0,
    82.0,
    74.0,
    96.0
  ],
  "predicted_powers": [
    62.60487747192383,
    54.8764762878418,
    53.879371643066406,
    53.535152435302734,
    33.654964447021484,
    71.58537292480469
  ]
}