{
  "sample_id": "1776",
  "total_index": [
    0,
    1,
    2,
    4,
    5,
    6,
    7
  ],
  "true_locations": [
    87,
    43,
    90,
    100,
    46,
    42,
    99
  ],
  "predicted_locations": [
    88,
    23,
    78,
    78,
    28,
    23,
    78
  ],
  "true_powers": [
    73.0,
    67.0,
    85.0,
    84.0,
    95.0,
    63.0,
    50.0
  ],
  "predicted_powers": [
    66.193359375,
    45.85790252685547,
    47.40167236328125,
    39.31980895996094,
    55.05193328857422,
    39.6441650390625,
    30.102672576904297
  ]
}