{
  "sample_id": "1746",
  "total_index": [
    0,
    1,
    2,
    3,
    6,
    7
  ],
  "true_locations": [
    15,
    52,
    90,
    79,
    72,
    10
  ],
  "predicted_locations": [
    23,
    73,
    78,
    79,
    72,
    28
  ],
  "true_powers": [
    82.0,
    75.0,
    60.0,
    74.0,
    84.0,
    71.0
  ],
  "predicted_powers": [
    50.485870361328125,
    46.35493469238281,
    33.757667541503906,
    74.19942474365234,
    85.48762512207031,
    33.0323600769043
  ]
}