{
  "sample_id": "1773",
  "total_index": [
    1,
    2,
    3,
    4,
    7
  ],
  "true_locations": [
    59,
    91,
    32,
    36,
    58
  ],
  "predicted_locations": [
    78,
    73,
    22,
    28,
    78
  ],
  "true_powers": [
    78.0,
    72.0,
    93.0,
    61.0,
    69.0
  ],
  "predicted_powers": [
    48.05255126953125,
    32.019386291503906,
    84.66791534423828,
    39.61451721191406,
    48.65403366088867
  ]
}