{
  "sample_id": "1750",
  "total_index": [
    0,
    4,
    5,
    6
  ],
  "true_locations": [
    81,
    36,
    91,
    1
  ],
  "predicted_locations": [
    72,
    28,
    73,
    23
  ],
  "true_powers": [
    73.0,
    89.0,
    95.0,
    77.0
  ],
  "predicted_powers": [
    47.60481262207031,
    57.52797317504883,
    43.860206604003906,
    34.31675720214844
  ]
}