{
  "sample_id": "1745",
  "total_index": [
    0,
    1,
    2,
    3,
    4,
    5,
    7
  ],
  "true_locations": [
    74,
    55,
    57,
    59,
    8,
    100,
    8
  ],
  "predicted_locations": [
    73,
    73,
    78,
    78,
    28,
    78,
    28
  ],
  "true_powers": [
    67.0,
    93.0,
    65.0,
    86.0,
    57.0,
    66.0,
    77.0
  ],
  "predicted_powers": [
    59.60121536254883,
    51.01936340332031,
    41.98308181762695,
    53.353275299072266,
    35.751827239990234,
    32.873687744140625,
    49.25321578979492
  ]
}