{
  "sample_id": "1875",
  "total_index": [
    0,
    1,
    2,
    3,
    4,
    5,
    6,
    7
  ],
  "true_locations": [
    41,
    20,
    97,
    85,
    99,
    59,
    90,
    1
  ],
  "predicted_locations": [
    23,
    29,
    88,
    73,
    78,
    78,
    78,
    23
  ],
  "true_powers": [
    88.0,
    93.0,
    100.0,
    76.0,
    52.0,
    71.0,
    72.0,
    93.0
  ],
  "predicted_powers": [
    43.18037796020508,
    60.74736785888672,
    67.68196868896484,
    47.54194641113281,
    30.17723846435547,
    48.976768493652344,
    40.6567268371582,
    42.97087097167969
  ]
}