{
  "sample_id": "1851",
  "total_index": [
    0,
    1,
    3,
    6,
    7
  ],
  "true_locations": [
    8,
    91,
    91,
    62,
    26
  ],
  "predicted_locations": [
    18,
    73,
    73,
    72,
    28
  ],
  "true_powers": [
    85.0,
    85.0,
    67.0,
    86.0,
    96.0
  ],
  "predicted_powers": [
    61.3863639831543,
    38.209285736083984,
    30.55220603942871,
    77.79243469238281,
    66.4918212890625
  ]
}