{
  "sample_id": "1734",
  "total_index": [
    1,
    2,
    4,
    5
  ],
  "true_locations": [
    37,
    68,
    73,
    10
  ],
  "predicted_locations": [
    28,
    78,
    73,
    28
  ],
  "true_powers": [
    95.0,
    75.0,
    88.0,
    87.0
  ],
  "predicted_powers": [
    76.93414306640625,
    67.11212921142578,
    88.18828582763672,
    43.17729187011719
  ]
}