{
  "sample_id": "1759",
  "total_index": [
    0,
    1,
    2,
    3,
    4,
    5,
    6,
    7
  ],
  "true_locations": [
    41,
    76,
    49,
    83,
    92,
    10,
    60,
    54
  ],
  "predicted_locations": [
    23,
    78,
    28,
    83,
    83,
    28,
    78,
    73
  ],
  "true_powers": [
    84.0,
    61.0,
    93.0,
    94.0,
    99.0,
    58.0,
    80.0,
    90.0
  ],
  "predicted_powers": [
    41.171241760253906,
    41.73949432373047,
    58.05727005004883,
    94.04423522949219,
    66.33011627197266,
    30.65999984741211,
    39.701045989990234,
    60.956668853759766
  ]
}