{
  "sample_id": "1928",
  "total_index": [
    0,
    2,
    3,
    4,
    5,
    6,
    7
  ],
  "true_locations": [
    33,
    36,
    91,
    77,
    89,
    76,
    20
  ],
  "predicted_locations": [
    23,
    28,
    73,
    78,
    78,
    78,
    29
  ],
  "true_powers": [
    72.0,
    71.0,
    94.0,
    57.0,
    84.0,
    77.0,
    95.0
  ],
  "predicted_powers": [
    63.979434967041016,
    45.941890716552734,
    42.30012512207031,
    50.69640350341797,
    67.75668334960938,
    53.73023223876953,
    63.397621154785156
  ]
}