{
  "sample_id": "1885",
  "total_index": [
    1,
    2,
    3,
    5,
    6,
    7
  ],
  "true_locations": [
    52,
    91,
    86,
    20,
    55,
    86
  ],
  "predicted_locations": [
    73,
    73,
    78,
    28,
    73,
    78
  ],
  "true_powers": [
    80.0,
    95.0,
    50.0,
    88.0,
    91.0,
    97.0
  ],
  "predicted_powers": [
    49.28757095336914,
    42.790000915527344,
    30.983728408813477,
    52.343807220458984,
    52.426029205322266,
    61.45246505737305
  ]
}