{
  "sample_id": "1732",
  "total_index": [
    0,
    2,
    3,
    4,
    5,
    6,
    7
  ],
  "true_locations": [
    29,
    37,
    8,
    46,
    100,
    24,
    25
  ],
  "predicted_locations": [
    29,
    28,
    18,
    28,
    78,
    23,
    23
  ],
  "true_powers": [
    68.0,
    57.0,
    50.0,
    92.0,
    56.0,
    59.0,
    89.0
  ],
  "predicted_powers": [
    67.76480865478516,
    46.054744720458984,
    36.345645904541016,
    51.05904769897461,
    27.404558181762695,
    53.69797134399414,
    62.868045806884766
  ]
}