{
  "sample_id": "1911",
  "total_index": [
    1,
    2,
    5,
    7
  ],
  "true_locations": [
    52,
    100,
    69,
    25
  ],
  "predicted_locations": [
    73,
    78,
    79,
    23
  ],
  "true_powers": [
    56.0,
    92.0,
    93.0,
    98.0
  ],
  "predicted_powers": [
    34.579742431640625,
    41.00309371948242,
    87.92174530029297,
    68.00221252441406
  ]
}