{
  "sample_id": "1712",
  "total_index": [
    0,
    1,
    2,
    3,
    4,
    5,
    6,
    7
  ],
  "true_locations": [
    9,
    68,
    26,
    33,
    79,
    57,
    74,
    91
  ],
  "predicted_locations": [
    18,
    78,
    28,
    23,
    79,
    78,
    73,
    73
  ],
  "true_powers": [
    70.0,
    74.0,
    92.0,
    99.0,
    84.0,
    58.0,
    60.0,
    92.0
  ],
  "predicted_powers": [
    45.47239303588867,
    65.96598815917969,
    63.06867599487305,
    87.86367797851562,
    87.20143127441406,
    42.309776306152344,
    54.13337707519531,
    43.42838668823242
  ]
}