{
  "sample_id": "1767",
  "total_index": [
    2,
    3,
    4,
    5,
    7
  ],
  "true_locations": [
    25,
    90,
    10,
    64,
    84
  ],
  "predicted_locations": [
    23,
    79,
    28,
    73,
    83
  ],
  "true_powers": [
    53.0,
    68.0,
    87.0,
    53.0,
    67.0
  ],
  "predicted_powers": [
    36.30827713012695,
    44.39236068725586,
    39.41377258300781,
    45.02805709838867,
    62.7813606262207
  ]
}