{
  "sample_id": "1820",
  "total_index": [
    0,
    4,
    5,
    6,
    7
  ],
  "true_locations": [
    91,
    37,
    25,
    64,
    28
  ],
  "predicted_locations": [
    73,
    28,
    23,
    73,
    28
  ],
  "true_powers": [
    79.0,
    64.0,
    56.0,
    76.0,
    75.0
  ],
  "predicted_powers": [
    35.30500411987305,
    52.53288269042969,
    40.1678466796875,
    61.879600524902344,
    77.16514587402344
  ]
}