{
  "sample_id": "1902",
  "total_index": [
    0,
    3,
    4,
    5,
    6,
    7
  ],
  "true_locations": [
    6,
    63,
    91,
    44,
    80,
    16
  ],
  "predicted_locations": [
    28,
    73,
    73,
    23,
    79,
    28
  ],
  "true_powers": [
    86.0,
    73.0,
    85.0,
    98.0,
    77.0,
    61.0
  ],
  "predicted_powers": [
    42.05998992919922,
    65.64334106445312,
    37.51505661010742,
    65.34652709960938,
    55.96614074707031,
    39.38487243652344
  ]
}