{
  "sample_id": "1821",
  "total_index": [
    0,
    1,
    2,
    3,
    4,
    5,
    6,
    7
  ],
  "true_locations": [
    42,
    57,
    1,
    21,
    37,
    47,
    75,
    47
  ],
  "predicted_locations": [
    23,
    78,
    23,
    22,
    28,
    28,
    73,
    28
  ],
  "true_powers": [
    76.0,
    99.0,
    68.0,
    95.0,
    65.0,
    56.0,
    54.0,
    89.0
  ],
  "predicted_powers": [
    46.52189636230469,
    63.76980972290039,
    29.92142105102539,
    69.26576232910156,
    54.126914978027344,
    41.03749084472656,
    37.62049102783203,
    59.29238510131836
  ]
}