{
  "sample_id": "1873",
  "total_index": [
    0,
    5,
    6,
    7
  ],
  "true_locations": [
    24,
    6,
    7,
    100
  ],
  "predicted_locations": [
    23,
    28,
    18,
    78
  ],
  "true_powers": [
    70.0,
    53.0,
    85.0,
    55.0
  ],
  "predicted_powers": [
    62.153202056884766,
    27.732160568237305,
    58.204872131347656,
    25.13893699645996
  ]
}