{
  "sample_id": "1715",
  "total_index": [
    1,
    2,
    3,
    5,
    7
  ],
  "true_locations": [
    78,
    40,
    91,
    19,
    27
  ],
  "predicted_locations": [
    78,
    29,
    73,
    29,
    28
  ],
  "true_powers": [
    83.0,
    54.0,
    78.0,
    84.0,
    64.0
  ],
  "predicted_powers": [
    83.06312561035156,
    37.1203727722168,
    34.62275314331055,
    77.85454559326172,
    59.75664138793945
  ]
}