{
  "sample_id": "1788",
  "total_index": [
    0,
    1,
    2,
    3,
    4,
    5,
    6
  ],
  "true_locations": [
    34,
    34,
    74,
    73,
    4,
    81,
    91
  ],
  "predicted_locations": [
    23,
    23,
    73,
    73,
    23,
    73,
    73
  ],
  "true_powers": [
    68.0,
    82.0,
    61.0,
    61.0,
    99.0,
    71.0,
    90.0
  ],
  "predicted_powers": [
    54.90382766723633,
    66.39216613769531,
    54.37257385253906,
    61.346763610839844,
    59.559627532958984,
    45.087100982666016,
    41.8585319519043
  ]
}