{
  "sample_id": "1813",
  "total_index": [
    0,
    1,
    2,
    3,
    4,
    5,
    6,
    7
  ],
  "true_locations": [
    1,
    86,
    17,
    97,
    52,
    79,
    56,
    75
  ],
  "predicted_locations": [
    23,
    78,
    18,
    88,
    73,
    78,
    78,
    73
  ],
  "true_powers": [
    86.0,
    70.0,
    82.0,
    91.0,
    79.0,
    58.0,
    55.0,
    92.0
  ],
  "predicted_powers": [
    38.3001708984375,
    43.20008087158203,
    75.01360321044922,
    62.29392623901367,
    47.223270416259766,
    55.83599853515625,
    30.430219650268555,
    65.02757263183594
  ]
}