{
  "sample_id": "1754",
  "total_index": [
    0,
    1,
    2,
    3,
    4,
    5,
    6
  ],
  "true_locations": [
    8,
    31,
    51,
    26,
    1,
    28,
    34
  ],
  "predicted_locations": [
    18,
    22,
    73,
    28,
    23,
    28,
    23
  ],
  "true_powers": [
    95.0,
    63.0,
    64.0,
    80.0,
    93.0,
    52.0,
    84.0
  ],
  "predicted_powers": [
    68.54444122314453,
    42.642921447753906,
    31.483320236206055,
    54.57944107055664,
    43.283687591552734,
    55.49173355102539,
    69.53036499023438
  ]
}