{
  "sample_id": "1798",
  "total_index": [
    2,
    3,
    4,
    5,
    6,
    7
  ],
  "true_locations": [
    32,
    24,
    25,
    3,
    10,
    15
  ],
  "predicted_locations": [
    22,
    23,
    23,
    13,
    28,
    23
  ],
  "true_powers": [
    58.0,
    80.0,
    55.0,
    80.0,
    58.0,
    98.0
  ],
  "predicted_powers": [
    53.30392837524414,
    72.04427337646484,
    39.17721939086914,
    62.99401092529297,
    27.053895950317383,
    62.74179458618164
  ]
}