{
  "sample_id": "1781",
  "total_index": [
    0,
    1,
    2,
    3,
    4,
    5,
    7
  ],
  "true_locations": [
    100,
    27,
    79,
    26,
    63,
    60,
    62
  ],
  "predicted_locations": [
    78,
    28,
    79,
    28,
    73,
    78,
    73
  ],
  "true_powers": [
    76.0,
    93.0,
    79.0,
    78.0,
    91.0,
    61.0,
    75.0
  ],
  "predicted_powers": [
    33.953514099121094,
    83.11048126220703,
    79.55799102783203,
    53.58964157104492,
    82.11951446533203,
    33.6624870300293,
    60.33477020263672
  ]
}