{
  "sample_id": "1711",
  "total_index": [
    0,
    1,
    2,
    3,
    4,
    5,
    6,
    7
  ],
  "true_locations": [
    47,
    100,
    69,
    19,
    71,
    59,
    90,
    29
  ],
  "predicted_locations": [
    28,
    78,
    79,
    28,
    73,
    78,
    78,
    29
  ],
  "true_powers": [
    57.0,
    76.0,
    99.0,
    58.0,
    86.0,
    50.0,
    59.0,
    72.0
  ],
  "predicted_powers": [
    36.627925872802734,
    34.10580825805664,
    90.7590103149414,
    44.13435363769531,
    53.5500602722168,
    35.033573150634766,
    33.90957260131836,
    74.20515441894531
  ]
}