{
  "sample_id": "1936",
  "total_index": [
    0,
    2,
    3,
    4,
    7
  ],
  "true_locations": [
    32,
    10,
    50,
    40,
    96
  ],
  "predicted_locations": [
    22,
    28,
    28,
    29,
    78
  ],
  "true_powers": [
    93.0,
    77.0,
    76.0,
    64.0,
    57.0
  ],
  "predicted_powers": [
    84.36123657226562,
    34.38492965698242,
    37.57036209106445,
    44.319480895996094,
    28.73099136352539
  ]
}