{
  "sample_id": "1947",
  "total_index": [
    0,
    1,
    2,
    3,
    4,
    5,
    6,
    7
  ],
  "true_locations": [
    40,
    12,
    41,
    49,
    29,
    79,
    10,
    37
  ],
  "predicted_locations": [
    29,
    23,
    23,
    28,
    29,
    79,
    28,
    28
  ],
  "true_powers": [
    87.0,
    88.0,
    96.0,
    79.0,
    98.0,
    54.0,
    80.0,
    93.0
  ],
  "predicted_powers": [
    58.65877914428711,
    66.7689437866211,
    47.45554733276367,
    48.840702056884766,
    99.9642105102539,
    57.724159240722656,
    37.19684600830078,
    78.48320770263672
  ]
}