{
  "sample_id": "1949",
  "total_index": [
    0,
    1,
    2,
    3,
    4,
    5,
    6,
    7
  ],
  "true_locations": [
    44,
    60,
    100,
    13,
    39,
    47,
    57,
    14
  ],
  "predicted_locations": [
    23,
    78,
    78,
    13,
    28,
    28,
    78,
    13
  ],
  "true_powers": [
    83.0,
    76.0,
    83.0,
    81.0,
    64.0,
    61.0,
    61.0,
    100.0
  ],
  "predicted_powers": [
    53.64768600463867,
    37.45697784423828,
    37.1832275390625,
    81.45751953125,
    50.71013259887695,
    42.51250457763672,
    40.523040771484375,
    93.10148620605469
  ]
}