{
  "sample_id": "1939",
  "total_index": [
    0,
    1,
    2,
    3,
    4,
    5,
    6,
    7
  ],
  "true_locations": [
    12,
    25,
    83,
    77,
    34,
    50,
    10,
    50
  ],
  "predicted_locations": [
    12,
    23,
    83,
    78,
    23,
    28,
    28,
    28
  ],
  "true_powers": [
    95.0,
    77.0,
    58.0,
    54.0,
    74.0,
    95.0,
    81.0,
    66.0
  ],
  "predicted_powers": [
    94.85896301269531,
    52.5816650390625,
    58.350284576416016,
    48.46039962768555,
    59.44742202758789,
    51.236488342285156,
    37.11060333251953,
    34.60988998413086
  ]
}