{
  "sample_id": "1841",
  "total_index": [
    0,
    1,
    2,
    4,
    5,
    6,
    7
  ],
  "true_locations": [
    54,
    42,
    11,
    64,
    91,
    11,
    51
  ],
  "predicted_locations": [
    73,
    23,
    23,
    73,
    73,
    22,
    73
  ],
  "true_powers": [
    82.0,
    99.0,
    68.0,
    69.0,
    91.0,
    81.0,
    65.0
  ],
  "predicted_powers": [
    52.59994888305664,
    61.30569076538086,
    38.1524543762207,
    56.140281677246094,
    44.827598571777344,
    54.96603775024414,
    33.68790817260742
  ]
}