{
  "sample_id": "1920",
  "total_index": [
    0,
    1,
    2,
    4,
    5,
    6,
    7
  ],
  "true_locations": [
    88,
    13,
    86,
    73,
    100,
    70,
    88
  ],
  "predicted_locations": [
    88,
    13,
    78,
    73,
    78,
    79,
    88
  ],
  "true_powers": [
    54.0,
    96.0,
    52.0,
    50.0,
    86.0,
    57.0,
    81.0
  ],
  "predicted_powers": [
    54.312278747558594,
    96.17635345458984,
    32.628170013427734,
    51.423789978027344,
    42.62715148925781,
    38.677696228027344,
    83.9416275024414
  ]
}