{
  "sample_id": "1922",
  "total_index": [
    0,
    2,
    4,
    5,
    6,
    7
  ],
  "true_locations": [
    44,
    88,
    81,
    1,
    85,
    34
  ],
  "predicted_locations": [
    23,
    88,
    73,
    23,
    73,
    23
  ],
  "true_powers": [
    93.0,
    54.0,
    88.0,
    81.0,
    77.0,
    87.0
  ],
  "predicted_powers": [
    59.6099739074707,
    54.54416275024414,
    49.78600311279297,
    38.96053695678711,
    48.3026123046875,
    72.13984680175781
  ]
}