{
  "sample_id": "1843",
  "total_index": [
    0,
    1,
    2,
    3,
    4,
    5,
    7
  ],
  "true_locations": [
    89,
    64,
    99,
    10,
    57,
    24,
    92
  ],
  "predicted_locations": [
    89,
    73,
    88,
    28,
    78,
    23,
    73
  ],
  "true_powers": [
    91.0,
    60.0,
    95.0,
    99.0,
    70.0,
    63.0,
    59.0
  ],
  "predicted_powers": [
    90.76531219482422,
    48.861305236816406,
    61.962501525878906,
    44.37994384765625,
    45.12169647216797,
    58.980892181396484,
    34.7611198425293
  ]
}