{
  "sample_id": "1933",
  "total_index": [
    2,
    5,
    6,
    7
  ],
  "true_locations": [
    11,
    2,
    47,
    100
  ],
  "predicted_locations": [
    22,
    23,
    28,
    78
  ],
  "true_powers": [
    95.0,
    67.0,
    98.0,
    58.0
  ],
  "predicted_powers": [
    62.17186737060547,
    40.342403411865234,
    63.34914779663086,
    26.91526985168457
  ]
}