{
  "sample_id": "1942",
  "total_index": [
    0,
    2,
    4,
    5,
    6,
    7
  ],
  "true_locations": [
    85,
    24,
    19,
    86,
    24,
    100
  ],
  "predicted_locations": [
    73,
    23,
    28,
    78,
    23,
    78
  ],
  "true_powers": [
    82.0,
    64.0,
    59.0,
    51.0,
    96.0,
    56.0
  ],
  "predicted_powers": [
    50.52775955200195,
    57.25212478637695,
    44.94060134887695,
    34.0798225402832,
    85.83967590332031,
    26.08990478515625
  ]
}