{
  "sample_id": "1774",
  "total_index": [
    0,
    1,
    2,
    3,
    4,
    5,
    6,
    7
  ],
  "true_locations": [
    100,
    64,
    94,
    99,
    47,
    20,
    12,
    83
  ],
  "predicted_locations": [
    78,
    73,
    83,
    78,
    28,
    28,
    23,
    83
  ],
  "true_powers": [
    85.0,
    75.0,
    59.0,
    70.0,
    70.0,
    66.0,
    53.0,
    94.0
  ],
  "predicted_powers": [
    37.751686096191406,
    60.833038330078125,
    40.915260314941406,
    39.54404830932617,
    45.310115814208984,
    39.54853439331055,
    40.88654327392578,
    97.4338607788086
  ]
}