{
  "sample_id": "1795",
  "total_index": [
    1,
    2,
    3,
    4,
    5,
    6
  ],
  "true_locations": [
    9,
    11,
    28,
    31,
    10,
    80
  ],
  "predicted_locations": [
    18,
    23,
    28,
    23,
    28,
    79
  ],
  "true_powers": [
    87.0,
    62.0,
    78.0,
    67.0,
    87.0,
    99.0
  ],
  "predicted_powers": [
    56.66636276245117,
    35.41626739501953,
    78.51791381835938,
    39.77961730957031,
    41.76915740966797,
    71.55359649658203
  ]
}