{
  "sample_id": "1823",
  "total_index": [
    0,
    1,
    2,
    3,
    4,
    5,
    6,
    7
  ],
  "true_locations": [
    22,
    45,
    93,
    11,
    70,
    91,
    90,
    23
  ],
  "predicted_locations": [
    22,
    23,
    83,
    22,
    79,
    73,
    78,
    23
  ],
  "true_powers": [
    90.0,
    64.0,
    86.0,
    65.0,
    52.0,
    99.0,
    76.0,
    99.0
  ],
  "predicted_powers": [
    90.4853744506836,
    35.167720794677734,
    62.384620666503906,
    42.99372482299805,
    36.646018981933594,
    48.507545471191406,
    43.3922004699707,
    101.21025848388672
  ]
}