{
  "sample_id": "1740",
  "total_index": [
    0,
    1,
    2,
    3,
    4,
    5,
    6
  ],
  "true_locations": [
    4,
    34,
    2,
    76,
    100,
    49,
    9
  ],
  "predicted_locations": [
    13,
    23,
    23,
    78,
    78,
    28,
    18
  ],
  "true_powers": [
    58.0,
    66.0,
    79.0,
    84.0,
    50.0,
    74.0,
    81.0
  ],
  "predicted_powers": [
    39.36882019042969,
    53.47275161743164,
    44.55595016479492,
    57.46992111206055,
    23.368831634521484,
    48.62849044799805,
    53.31429672241211
  ]
}