{
  "sample_id": "1931",
  "total_index": [
    2,
    3,
    6,
    7
  ],
  "true_locations": [
    91,
    18,
    41,
    83
  ],
  "predicted_locations": [
    73,
    18,
    23,
    83
  ],
  "true_powers": [
    83.0,
    76.0,
    66.0,
    98.0
  ],
  "predicted_powers": [
    37.33943176269531,
    76.04116821289062,
    32.571815490722656,
    99.89183807373047
  ]
}