{
  "sample_id": "1934",
  "total_index": [
    0,
    1,
    2,
    3,
    5,
    6,
    7
  ],
  "true_locations": [
    41,
    100,
    72,
    3,
    47,
    22,
    96
  ],
  "predicted_locations": [
    23,
    78,
    72,
    13,
    28,
    22,
    78
  ],
  "true_powers": [
    61.0,
    82.0,
    73.0,
    51.0,
    88.0,
    65.0,
    65.0
  ],
  "predicted_powers": [
    30.027132034301758,
    36.59317398071289,
    73.6783676147461,
    37.340431213378906,
    58.69732666015625,
    64.99878692626953,
    34.56235122680664
  ]
}