{
  "sample_id": "1818",
  "total_index": [
    1,
    2,
    3,
    6,
    7
  ],
  "true_locations": [
    40,
    73,
    52,
    10,
    25
  ],
  "predicted_locations": [
    29,
    73,
    73,
    28,
    23
  ],
  "true_powers": [
    50.0,
    95.0,
    90.0,
    74.0,
    94.0
  ],
  "predicted_powers": [
    33.82944869995117,
    95.30575561523438,
    55.22695541381836,
    34.593666076660156,
    65.40522003173828
  ]
}