{
  "sample_id": "1825",
  "total_index": [
    0,
    1,
    2,
    3,
    4,
    5,
    6,
    7
  ],
  "true_locations": [
    23,
    19,
    75,
    5,
    10,
    76,
    98,
    75
  ],
  "predicted_locations": [
    23,
    28,
    73,
    13,
    28,
    78,
    88,
    73
  ],
  "true_powers": [
    65.0,
    87.0,
    55.0,
    57.0,
    88.0,
    94.0,
    90.0,
    74.0
  ],
  "predicted_powers": [
    64.99369049072266,
    65.853759765625,
    38.39726638793945,
    32.88838577270508,
    40.45493698120117,
    68.14713287353516,
    65.65975189208984,
    52.93197250366211
  ]
}