{
  "sample_id": "1719",
  "total_index": [
    0,
    2,
    3,
    4,
    5,
    6
  ],
  "true_locations": [
    100,
    43,
    90,
    79,
    66,
    76
  ],
  "predicted_locations": [
    78,
    23,
    78,
    79,
    78,
    78
  ],
  "true_powers": [
    70.0,
    69.0,
    73.0,
    76.0,
    65.0,
    64.0
  ],
  "predicted_powers": [
    31.115354537963867,
    47.25146484375,
    40.65346908569336,
    76.51824188232422,
    45.35588455200195,
    45.33084487915039
  ]
}