{
  "sample_id": "1807",
  "total_index": [
    0,
    2,
    3,
    4,
    5,
    6,
    7
  ],
  "true_locations": [
    72,
    12,
    41,
    15,
    91,
    9,
    44
  ],
  "predicted_locations": [
    72,
    23,
    23,
    23,
    73,
    18,
    23
  ],
  "true_powers": [
    59.0,
    58.0,
    72.0,
    74.0,
    54.0,
    68.0,
    84.0
  ],
  "predicted_powers": [
    58.87995910644531,
    44.10517883300781,
    35.704280853271484,
    46.77150344848633,
    26.90372657775879,
    44.66521453857422,
    56.04422378540039
  ]
}