{
  "sample_id": "1835",
  "total_index": [
    1,
    2,
    3,
    4,
    5,
    7
  ],
  "true_locations": [
    67,
    51,
    10,
    3,
    71,
    55
  ],
  "predicted_locations": [
    78,
    73,
    28,
    13,
    73,
    73
  ],
  "true_powers": [
    77.0,
    74.0,
    90.0,
    76.0,
    79.0,
    57.0
  ],
  "predicted_powers": [
    62.302425384521484,
    36.703433990478516,
    40.23844909667969,
    55.457000732421875,
    52.0903434753418,
    32.82326889038086
  ]
}