{
  "sample_id": "1769",
  "total_index": [
    1,
    2,
    3,
    4,
    5
  ],
  "true_locations": [
    84,
    10,
    80,
    58,
    56
  ],
  "predicted_locations": [
    83,
    28,
    79,
    78,
    78
  ],
  "true_powers": [
    57.0,
    90.0,
    83.0,
    97.0,
    95.0
  ],
  "predicted_powers": [
    51.92564392089844,
    40.72233200073242,
    59.96982955932617,
    67.39215087890625,
    55.43248748779297
  ]
}