{
  "sample_id": "1871",
  "total_index": [
    0,
    1,
    2,
    3,
    4,
    5,
    6,
    7
  ],
  "true_locations": [
    85,
    89,
    64,
    60,
    61,
    80,
    100,
    77
  ],
  "predicted_locations": [
    73,
    78,
    73,
    78,
    73,
    78,
    78,
    78
  ],
  "true_powers": [
    61.0,
    73.0,
    67.0,
    85.0,
    79.0,
    87.0,
    90.0,
    51.0
  ],
  "predicted_powers": [
    37.61919021606445,
    55.12188720703125,
    54.35002136230469,
    41.75127029418945,
    47.69944381713867,
    58.42372512817383,
    41.18288803100586,
    48.79692840576172
  ]
}