{
  "sample_id": "1787",
  "total_index": [
    0,
    1,
    2,
    3,
    4,
    6,
    7
  ],
  "true_locations": [
    100,
    41,
    41,
    81,
    29,
    9,
    5
  ],
  "predicted_locations": [
    78,
    23,
    23,
    72,
    29,
    28,
    23
  ],
  "true_powers": [
    69.0,
    78.0,
    76.0,
    61.0,
    66.0,
    63.0,
    80.0
  ],
  "predicted_powers": [
    30.894901275634766,
    38.347198486328125,
    37.55677795410156,
    40.00968551635742,
    67.1434555053711,
    36.000431060791016,
    40.256309509277344
  ]
}