{
  "sample_id": "1915",
  "total_index": [
    1,
    2,
    3,
    4,
    5,
    6,
    7
  ],
  "true_locations": [
    91,
    66,
    68,
    91,
    22,
    86,
    51
  ],
  "predicted_locations": [
    73,
    78,
    78,
    73,
    22,
    78,
    73
  ],
  "true_powers": [
    84.0,
    65.0,
    82.0,
    89.0,
    85.0,
    67.0,
    82.0
  ],
  "predicted_powers": [
    37.5528564453125,
    41.97693634033203,
    73.29859924316406,
    41.02827835083008,
    89.81236267089844,
    41.582557678222656,
    42.79885482788086
  ]
}