{
  "sample_id": "1789",
  "total_index": [
    0,
    1,
    2,
    3
  ],
  "true_locations": [
    1,
    43,
    36,
    4
  ],
  "predicted_locations": [
    23,
    23,
    28,
    13
  ],
  "true_powers": [
    87.0,
    82.0,
    90.0,
    93.0
  ],
  "predicted_powers": [
    38.95737838745117,
    55.95817565917969,
    57.934471130371094,
    62.8545036315918
  ]
}