{
  "sample_id": "1784",
  "total_index": [
    0,
    1,
    2,
    3,
    4,
    5,
    6,
    7
  ],
  "true_locations": [
    89,
    18,
    10,
    23,
    90,
    62,
    1,
    36
  ],
  "predicted_locations": [
    89,
    18,
    28,
    23,
    78,
    73,
    23,
    28
  ],
  "true_powers": [
    83.0,
    55.0,
    87.0,
    76.0,
    93.0,
    61.0,
    78.0,
    97.0
  ],
  "predicted_powers": [
    83.34480285644531,
    55.104469299316406,
    39.560604095458984,
    76.42951202392578,
    52.70692443847656,
    50.61018753051758,
    35.749244689941406,
    65.0518798828125
  ]
}