{
  "sample_id": "1877",
  "total_index": [
    0,
    1,
    2,
    3,
    4
  ],
  "true_locations": [
    91,
    28,
    60,
    25,
    15
  ],
  "predicted_locations": [
    73,
    28,
    78,
    23,
    23
  ],
  "true_powers": [
    87.0,
    57.0,
    52.0,
    84.0,
    57.0
  ],
  "predicted_powers": [
    38.84199905395508,
    57.10962677001953,
    25.788801193237305,
    57.41615295410156,
    35.15436935424805
  ]
}