{
  "sample_id": "1796",
  "total_index": [
    0,
    1,
    2,
    3,
    4,
    5,
    6,
    7
  ],
  "true_locations": [
    15,
    62,
    2,
    1,
    4,
    79,
    63,
    1
  ],
  "predicted_locations": [
    23,
    72,
    23,
    23,
    23,
    78,
    73,
    23
  ],
  "true_powers": [
    90.0,
    65.0,
    75.0,
    96.0,
    57.0,
    60.0,
    71.0,
    74.0
  ],
  "predicted_powers": [
    55.604637145996094,
    59.094879150390625,
    42.11980438232422,
    43.34212112426758,
    34.48923873901367,
    54.20292663574219,
    63.95522689819336,
    36.489784240722656
  ]
}