{
  "sample_id": "1725",
  "total_index": [
    0,
    1,
    3,
    5,
    6,
    7
  ],
  "true_locations": [
    15,
    43,
    86,
    47,
    1,
    72
  ],
  "predicted_locations": [
    23,
    23,
    78,
    28,
    23,
    72
  ],
  "true_powers": [
    68.0,
    85.0,
    88.0,
    76.0,
    66.0,
    71.0
  ],
  "predicted_powers": [
    41.9215087890625,
    57.97709655761719,
    54.43796157836914,
    51.2996940612793,
    29.54289436340332,
    73.02535247802734
  ]
}