{
  "sample_id": "1899",
  "total_index": [
    0,
    1,
    2,
    3,
    4,
    5,
    6,
    7
  ],
  "true_locations": [
    74,
    44,
    67,
    94,
    44,
    44,
    20,
    1
  ],
  "predicted_locations": [
    73,
    23,
    78,
    73,
    23,
    23,
    28,
    23
  ],
  "true_powers": [
    52.0,
    81.0,
    65.0,
    75.0,
    85.0,
    57.0,
    86.0,
    59.0
  ],
  "predicted_powers": [
    46.23285675048828,
    52.32943344116211,
    52.81792449951172,
    43.7332878112793,
    54.123287200927734,
    41.21107482910156,
    48.69709777832031,
    29.562105178833008
  ]
}