{
  "sample_id": "1894",
  "total_index": [
    0,
    1,
    2,
    6
  ],
  "true_locations": [
    57,
    72,
    1,
    28
  ],
  "predicted_locations": [
    78,
    72,
    23,
    28
  ],
  "true_powers": [
    83.0,
    72.0,
    87.0,
    89.0
  ],
  "predicted_powers": [
    53.513912200927734,
    72.15125274658203,
    38.784873962402344,
    89.52482604980469
  ]
}