{
  "sample_id": "1832",
  "total_index": [
    0,
    2,
    3,
    6,
    7
  ],
  "true_locations": [
    51,
    83,
    43,
    10,
    33
  ],
  "predicted_locations": [
    73,
    83,
    23,
    28,
    23
  ],
  "true_powers": [
    64.0,
    63.0,
    74.0,
    94.0,
    60.0
  ],
  "predicted_powers": [
    31.292076110839844,
    63.27622604370117,
    50.8121452331543,
    42.00969314575195,
    54.64306640625
  ]
}