{
  "sample_id": "1790",
  "total_index": [
    2,
    3,
    5,
    7
  ],
  "true_locations": [
    8,
    61,
    50,
    100
  ],
  "predicted_locations": [
    18,
    72,
    28,
    78
  ],
  "true_powers": [
    99.0,
    74.0,
    66.0,
    79.0
  ],
  "predicted_powers": [
    71.35530090332031,
    50.28948211669922,
    35.03212356567383,
    36.58488082885742
  ]
}