{
  "sample_id": "1806",
  "total_index": [
    0,
    1,
    2,
    3,
    4,
    5,
    6,
    7
  ],
  "true_locations": [
    39,
    52,
    22,
    1,
    34,
    19,
    63,
    52
  ],
  "predicted_locations": [
    29,
    73,
    22,
    23,
    23,
    18,
    73,
    73
  ],
  "true_powers": [
    56.0,
    99.0,
    100.0,
    82.0,
    51.0,
    84.0,
    100.0,
    93.0
  ],
  "predicted_powers": [
    50.66337966918945,
    61.399681091308594,
    100.67861938476562,
    37.1076545715332,
    43.37245559692383,
    78.07502746582031,
    90.27648162841797,
    59.982505798339844
  ]
}