{
  "sample_id": "1811",
  "total_index": [
    1,
    3,
    4,
    5,
    6,
    7
  ],
  "true_locations": [
    82,
    17,
    82,
    41,
    8,
    91
  ],
  "predicted_locations": [
    73,
    18,
    82,
    23,
    18,
    73
  ],
  "true_powers": [
    71.0,
    92.0,
    97.0,
    96.0,
    66.0,
    85.0
  ],
  "predicted_powers": [
    53.52336120605469,
    84.17972564697266,
    100.87423706054688,
    49.47699737548828,
    48.7423210144043,
    40.1619873046875
  ]
}