{
  "sample_id": "1772",
  "total_index": [
    0,
    1,
    2,
    3,
    4,
    5,
    6,
    7
  ],
  "true_locations": [
    2,
    91,
    62,
    3,
    65,
    86,
    32,
    40
  ],
  "predicted_locations": [
    23,
    73,
    72,
    23,
    73,
    78,
    22,
    28
  ],
  "true_powers": [
    83.0,
    92.0,
    100.0,
    75.0,
    95.0,
    83.0,
    84.0,
    92.0
  ],
  "predicted_powers": [
    46.338130950927734,
    41.32489776611328,
    91.44662475585938,
    47.109622955322266,
    61.49235916137695,
    55.13566970825195,
    76.67223358154297,
    55.74790954589844
  ]
}