{
  "sample_id": "1768",
  "total_index": [
    1,
    2,
    3,
    4,
    5,
    6,
    7
  ],
  "true_locations": [
    60,
    59,
    34,
    43,
    17,
    1,
    92
  ],
  "predicted_locations": [
    78,
    78,
    23,
    23,
    28,
    23,
    73
  ],
  "true_powers": [
    97.0,
    58.0,
    63.0,
    56.0,
    95.0,
    62.0,
    66.0
  ],
  "predicted_powers": [
    47.49554443359375,
    35.8041877746582,
    50.98128890991211,
    38.31822967529297,
    78.85743713378906,
    28.327991485595703,
    39.007022857666016
  ]
}