{
  "sample_id": "1809",
  "total_index": [
    3,
    4,
    5,
    6,
    7
  ],
  "true_locations": [
    60,
    57,
    1,
    100,
    31
  ],
  "predicted_locations": [
    78,
    78,
    23,
    78,
    22
  ],
  "true_powers": [
    50.0,
    59.0,
    99.0,
    80.0,
    100.0
  ],
  "predicted_powers": [
    24.579082489013672,
    38.1479377746582,
    46.1447639465332,
    35.931640625,
    69.04093933105469
  ]
}