{
  "sample_id": "1918",
  "total_index": [
    1,
    2,
    3,
    5,
    6
  ],
  "true_locations": [
    53,
    1,
    65,
    49,
    45
  ],
  "predicted_locations": [
    73,
    23,
    73,
    28,
    23
  ],
  "true_powers": [
    54.0,
    94.0,
    57.0,
    52.0,
    84.0
  ],
  "predicted_powers": [
    36.94383239746094,
    42.22807312011719,
    36.409400939941406,
    34.10749053955078,
    46.41359329223633
  ]
}