{
  "sample_id": "1940",
  "total_index": [
    0,
    1,
    3,
    5,
    6,
    7
  ],
  "true_locations": [
    61,
    30,
    10,
    72,
    58,
    29
  ],
  "predicted_locations": [
    72,
    29,
    28,
    72,
    78,
    29
  ],
  "true_powers": [
    55.0,
    77.0,
    80.0,
    52.0,
    65.0,
    87.0
  ],
  "predicted_powers": [
    37.357452392578125,
    55.3669319152832,
    35.557010650634766,
    54.76958465576172,
    44.7548713684082,
    89.0193099975586
  ]
}