{
  "sample_id": "1762",
  "total_index": [
    1,
    3,
    6,
    7
  ],
  "true_locations": [
    44,
    100,
    18,
    47
  ],
  "predicted_locations": [
    23,
    78,
    18,
    28
  ],
  "true_powers": [
    67.0,
    79.0,
    74.0,
    51.0
  ],
  "predicted_powers": [
    43.07929611206055,
    35.36337661743164,
    75.14292907714844,
    33.79286193847656
  ]
}