{
  "sample_id": "1744",
  "total_index": [
    0,
    1,
    2,
    3,
    4,
    5,
    7
  ],
  "true_locations": [
    42,
    37,
    83,
    91,
    68,
    19,
    77
  ],
  "predicted_locations": [
    23,
    28,
    83,
    73,
    78,
    28,
    78
  ],
  "true_powers": [
    97.0,
    94.0,
    74.0,
    70.0,
    57.0,
    74.0,
    65.0
  ],
  "predicted_powers": [
    59.940826416015625,
    76.0108642578125,
    74.64945983886719,
    31.676286697387695,
    51.8393440246582,
    60.60984802246094,
    60.69855499267578
  ]
}