{
  "sample_id": "1901",
  "total_index": [
    0,
    1,
    2,
    3,
    5
  ],
  "true_locations": [
    72,
    27,
    51,
    72,
    10
  ],
  "predicted_locations": [
    72,
    28,
    73,
    72,
    28
  ],
  "true_powers": [
    71.0,
    97.0,
    51.0,
    59.0,
    55.0
  ],
  "predicted_powers": [
    70.82025146484375,
    86.26651763916016,
    25.224292755126953,
    58.378173828125,
    27.397584915161133
  ]
}