{
  "sample_id": "1730",
  "total_index": [
    0,
    1,
    2,
    3,
    4,
    5,
    6,
    7
  ],
  "true_locations": [
    85,
    41,
    4,
    1,
    32,
    84,
    32,
    41
  ],
  "predicted_locations": [
    73,
    23,
    13,
    23,
    22,
    73,
    22,
    23
  ],
  "true_powers": [
    78.0,
    95.0,
    57.0,
    89.0,
    81.0,
    84.0,
    65.0,
    56.0
  ],
  "predicted_powers": [
    47.59633255004883,
    46.797340393066406,
    39.85306930541992,
    40.08575439453125,
    77.40201568603516,
    69.08263397216797,
    60.29305648803711,
    30.424890518188477
  ]
}