{
  "sample_id": "1770",
  "total_index": [
    1,
    3,
    6,
    7
  ],
  "true_locations": [
    12,
    100,
    9,
    71
  ],
  "predicted_locations": [
    23,
    78,
    28,
    72
  ],
  "true_powers": [
    67.0,
    79.0,
    82.0,
    74.0
  ],
  "predicted_powers": [
    50.437843322753906,
    35.430686950683594,
    46.225341796875,
    54.35670852661133
  ]
}