{
  "sample_id": "1771",
  "total_index": [
    0,
    1,
    2,
    3
  ],
  "true_locations": [
    10,
    99,
    39,
    38
  ],
  "predicted_locations": [
    28,
    88,
    29,
    28
  ],
  "true_powers": [
    90.0,
    100.0,
    83.0,
    54.0
  ],
  "predicted_powers": [
    39.9979248046875,
    65.16069030761719,
    75.58686065673828,
    48.1048698425293
  ]
}