{
  "sample_id": "1923",
  "total_index": [
    0,
    1,
    2,
    3,
    4,
    5,
    6
  ],
  "true_locations": [
    46,
    19,
    3,
    90,
    55,
    73,
    1
  ],
  "predicted_locations": [
    28,
    28,
    13,
    78,
    73,
    73,
    23
  ],
  "true_powers": [
    80.0,
    71.0,
    72.0,
    98.0,
    70.0,
    69.0,
    78.0
  ],
  "predicted_powers": [
    43.606685638427734,
    53.84408950805664,
    51.605403900146484,
    55.142391204833984,
    39.95438766479492,
    71.9620132446289,
    36.14525604248047
  ]
}