{
  "sample_id": "1919",
  "total_index": [
    0,
    1,
    3,
    4,
    6
  ],
  "true_locations": [
    13,
    52,
    10,
    72,
    43
  ],
  "predicted_locations": [
    13,
    73,
    28,
    72,
    23
  ],
  "true_powers": [
    57.0,
    89.0,
    83.0,
    62.0,
    86.0
  ],
  "predicted_powers": [
    57.54821014404297,
    54.90069580078125,
    37.081947326660156,
    63.73003387451172,
    58.799076080322266
  ]
}