{
  "sample_id": "1700",
  "total_index": [
    0,
    1,
    2,
    4,
    5,
    6
  ],
  "true_locations": [
    95,
    37,
    38,
    100,
    36,
    18
  ],
  "predicted_locations": [
    73,
    28,
    28,
    78,
    28,
    18
  ],
  "true_powers": [
    100.0,
    74.0,
    53.0,
    79.0,
    67.0,
    56.0
  ],
  "predicted_powers": [
    48.903743743896484,
    59.90137481689453,
    46.6871223449707,
    37.3778190612793,
    48.01131057739258,
    58.08344268798828
  ]
}