{
  "sample_id": "1945",
  "total_index": [
    0,
    1,
    3,
    4,
    5,
    6,
    7
  ],
  "true_locations": [
    22,
    14,
    59,
    14,
    14,
    52,
    10
  ],
  "predicted_locations": [
    22,
    13,
    78,
    13,
    13,
    73,
    28
  ],
  "true_powers": [
    50.0,
    94.0,
    65.0,
    60.0,
    60.0,
    58.0,
    85.0
  ],
  "predicted_powers": [
    50.20683288574219,
    85.2398681640625,
    40.13071823120117,
    55.95356750488281,
    59.58467483520508,
    36.0748405456543,
    39.51899719238281
  ]
}