{
  "sample_id": "1751",
  "total_index": [
    1,
    4,
    5,
    6,
    7
  ],
  "true_locations": [
    18,
    64,
    64,
    13,
    1
  ],
  "predicted_locations": [
    18,
    73,
    73,
    13,
    23
  ],
  "true_powers": [
    90.0,
    61.0,
    66.0,
    84.0,
    74.0
  ],
  "predicted_powers": [
    89.88265991210938,
    49.38916778564453,
    56.07516098022461,
    84.69115447998047,
    34.15073776245117
  ]
}