{
  "sample_id": "1766",
  "total_index": [
    0,
    2,
    3,
    5,
    6
  ],
  "true_locations": [
    86,
    59,
    23,
    100,
    7
  ],
  "predicted_locations": [
    78,
    78,
    23,
    78,
    28
  ],
  "true_powers": [
    78.0,
    90.0,
    83.0,
    100.0,
    56.0
  ],
  "predicted_powers": [
    48.109588623046875,
    55.49231719970703,
    82.85933685302734,
    47.73056411743164,
    32.790985107421875
  ]
}