{
  "sample_id": "1884",
  "total_index": [
    0,
    1,
    2,
    3,
    4,
    5,
    6,
    7
  ],
  "true_locations": [
    20,
    75,
    79,
    38,
    93,
    10,
    17,
    80
  ],
  "predicted_locations": [
    29,
    73,
    79,
    28,
    83,
    28,
    28,
    78
  ],
  "true_powers": [
    97.0,
    84.0,
    85.0,
    59.0,
    82.0,
    59.0,
    66.0,
    71.0
  ],
  "predicted_powers": [
    63.39698028564453,
    57.40696334838867,
    85.52730560302734,
    53.101898193359375,
    60.76729202270508,
    31.572179794311523,
    52.4517822265625,
    46.736785888671875
  ]
}