{
  "sample_id": "1861",
  "total_index": [
    2,
    3,
    4,
    5,
    6,
    7
  ],
  "true_locations": [
    66,
    58,
    7,
    11,
    35,
    91
  ],
  "predicted_locations": [
    78,
    78,
    28,
    23,
    23,
    73
  ],
  "true_powers": [
    86.0,
    62.0,
    93.0,
    61.0,
    77.0,
    65.0
  ],
  "predicted_powers": [
    55.15228271484375,
    42.13221740722656,
    56.536495208740234,
    37.685272216796875,
    50.905738830566406,
    30.849449157714844
  ]
}