{
  "sample_id": "1777",
  "total_index": [
    0,
    1,
    2,
    3,
    4,
    5,
    6,
    7
  ],
  "true_locations": [
    49,
    67,
    72,
    71,
    22,
    92,
    89,
    1
  ],
  "predicted_locations": [
    28,
    78,
    72,
    72,
    22,
    73,
    78,
    23
  ],
  "true_powers": [
    60.0,
    75.0,
    77.0,
    69.0,
    65.0,
    87.0,
    62.0,
    95.0
  ],
  "predicted_powers": [
    36.97389602661133,
    60.746673583984375,
    78.12804412841797,
    51.188323974609375,
    67.17889404296875,
    53.84587097167969,
    47.54423522949219,
    44.60886764526367
  ]
}