{
  "sample_id": "1780",
  "total_index": [
    0,
    1,
    2,
    5,
    6
  ],
  "true_locations": [
    91,
    31,
    90,
    58,
    70
  ],
  "predicted_locations": [
    73,
    22,
    79,
    78,
    79
  ],
  "true_powers": [
    96.0,
    60.0,
    76.0,
    87.0,
    96.0
  ],
  "predicted_powers": [
    42.77167892456055,
    40.71940231323242,
    49.819698333740234,
    62.336116790771484,
    65.99183654785156
  ]
}