{
  "sample_id": "1862",
  "total_index": [
    1,
    2,
    3,
    4,
    6
  ],
  "true_locations": [
    1,
    7,
    65,
    71,
    82
  ],
  "predicted_locations": [
    23,
    18,
    73,
    72,
    72
  ],
  "true_powers": [
    71.0,
    80.0,
    50.0,
    70.0,
    57.0
  ],
  "predicted_powers": [
    31.62755012512207,
    54.81706619262695,
    32.41950607299805,
    52.133934020996094,
    50.231689453125
  ]
}