{
  "sample_id": "1932",
  "total_index": [
    2,
    3,
    5,
    7
  ],
  "true_locations": [
    1,
    50,
    95,
    63
  ],
  "predicted_locations": [
    23,
    29,
    73,
    73
  ],
  "true_powers": [
    99.0,
    78.0,
    64.0,
    67.0
  ],
  "predicted_powers": [
    44.08781814575195,
    45.0080680847168,
    33.21775436401367,
    60.950740814208984
  ]
}