{
  "sample_id": "1910",
  "total_index": [
    0,
    1,
    2,
    3,
    4,
    5,
    6,
    7
  ],
  "true_locations": [
    32,
    65,
    87,
    80,
    71,
    6,
    92,
    10
  ],
  "predicted_locations": [
    22,
    73,
    88,
    79,
    72,
    28,
    83,
    28
  ],
  "true_powers": [
    51.0,
    55.0,
    73.0,
    64.0,
    85.0,
    53.0,
    95.0,
    89.0
  ],
  "predicted_powers": [
    46.338340759277344,
    35.5450439453125,
    67.59873962402344,
    47.041160583496094,
    61.64555358886719,
    29.01715850830078,
    62.32872772216797,
    41.27994918823242
  ]
}