{
  "sample_id": "1765",
  "total_index": [
    2,
    3,
    4,
    7
  ],
  "true_locations": [
    8,
    88,
    10,
    68
  ],
  "predicted_locations": [
    18,
    88,
    28,
    78
  ],
  "true_powers": [
    80.0,
    54.0,
    95.0,
    58.0
  ],
  "predicted_powers": [
    57.84328079223633,
    53.981536865234375,
    43.69686508178711,
    53.010868072509766
  ]
}