{
  "sample_id": "1924",
  "total_index": [
    0,
    2,
    3,
    7
  ],
  "true_locations": [
    92,
    31,
    56,
    91
  ],
  "predicted_locations": [
    83,
    22,
    78,
    73
  ],
  "true_powers": [
    87.0,
    68.0,
    52.0,
    97.0
  ],
  "predicted_powers": [
    56.53962707519531,
    45.95744323730469,
    28.39895248413086,
    44.480926513671875
  ]
}