{
  "sample_id": "1720",
  "total_index": [
    2,
    3,
    5,
    6
  ],
  "true_locations": [
    63,
    51,
    12,
    10
  ],
  "predicted_locations": [
    73,
    73,
    23,
    28
  ],
  "true_powers": [
    70.0,
    62.0,
    89.0,
    97.0
  ],
  "predicted_powers": [
    62.314151763916016,
    30.549936294555664,
    69.81419372558594,
    43.399436950683594
  ]
}