{
  "sample_id": "1850",
  "total_index": [
    1,
    2,
    3,
    4,
    5,
    6
  ],
  "true_locations": [
    15,
    95,
    66,
    62,
    10,
    99
  ],
  "predicted_locations": [
    23,
    73,
    78,
    73,
    28,
    78
  ],
  "true_powers": [
    67.0,
    80.0,
    85.0,
    87.0,
    75.0,
    64.0
  ],
  "predicted_powers": [
    41.27654266357422,
    40.0867805480957,
    54.89427185058594,
    67.39466857910156,
    35.72149658203125,
    35.801490783691406
  ]
}