{
  "sample_id": "1892",
  "total_index": [
    1,
    2,
    3,
    4,
    6,
    7
  ],
  "true_locations": [
    71,
    34,
    88,
    100,
    22,
    56
  ],
  "predicted_locations": [
    72,
    23,
    88,
    78,
    22,
    78
  ],
  "true_powers": [
    56.0,
    83.0,
    93.0,
    70.0,
    72.0,
    76.0
  ],
  "predicted_powers": [
    40.594200134277344,
    67.8775634765625,
    93.63568878173828,
    32.11623001098633,
    72.65311431884766,
    43.46357727050781
  ]
}