{
  "sample_id": "1907",
  "total_index": [
    0,
    2,
    3,
    5,
    6
  ],
  "true_locations": [
    51,
    85,
    89,
    10,
    73
  ],
  "predicted_locations": [
    73,
    73,
    78,
    28,
    73
  ],
  "true_powers": [
    85.0,
    88.0,
    79.0,
    64.0,
    61.0
  ],
  "predicted_powers": [
    41.59041976928711,
    54.694801330566406,
    60.004093170166016,
    30.397785186767578,
    60.563175201416016
  ]
}