{
  "sample_id": "1943",
  "total_index": [
    0,
    1,
    2,
    3,
    4,
    6,
    7
  ],
  "true_locations": [
    65,
    22,
    10,
    6,
    13,
    41,
    88
  ],
  "predicted_locations": [
    73,
    22,
    28,
    18,
    13,
    23,
    88
  ],
  "true_powers": [
    100.0,
    98.0,
    99.0,
    57.0,
    77.0,
    81.0,
    56.0
  ],
  "predicted_powers": [
    64.40196990966797,
    98.10049438476562,
    44.285545349121094,
    33.00464630126953,
    80.0367660522461,
    41.33120346069336,
    58.01628112792969
  ]
}