{
  "sample_id": "1722",
  "total_index": [
    0,
    1,
    2,
    3,
    4,
    5,
    6,
    7
  ],
  "true_locations": [
    3,
    11,
    38,
    31,
    4,
    99,
    1,
    72
  ],
  "predicted_locations": [
    13,
    23,
    28,
    22,
    23,
    78,
    23,
    72
  ],
  "true_powers": [
    73.0,
    68.0,
    93.0,
    68.0,
    82.0,
    91.0,
    91.0,
    71.0
  ],
  "predicted_powers": [
    52.74148178100586,
    38.226348876953125,
    83.03926086425781,
    47.156253814697266,
    47.55305099487305,
    53.71867370605469,
    42.043434143066406,
    72.5647964477539
  ]
}