{
  "sample_id": "1713",
  "total_index": [
    0,
    1,
    2,
    3,
    4,
    5,
    6,
    7
  ],
  "true_locations": [
    7,
    82,
    62,
    18,
    12,
    94,
    100,
    68
  ],
  "predicted_locations": [
    18,
    73,
    72,
    18,
    23,
    83,
    78,
    78
  ],
  "true_powers": [
    91.0,
    72.0,
    59.0,
    93.0,
    80.0,
    77.0,
    92.0,
    69.0
  ],
  "predicted_powers": [
    61.95915222167969,
    54.46811294555664,
    54.2712287902832,
    93.15372467041016,
    60.156517028808594,
    58.87815475463867,
    41.64689636230469,
    63.72145080566406
  ]
}