{
  "sample_id": "1938",
  "total_index": [
    0,
    2,
    3,
    4,
    5,
    6
  ],
  "true_locations": [
    19,
    3,
    100,
    29,
    43,
    77
  ],
  "predicted_locations": [
    28,
    13,
    78,
    29,
    23,
    78
  ],
  "true_powers": [
    65.0,
    56.0,
    82.0,
    86.0,
    89.0,
    89.0
  ],
  "predicted_powers": [
    48.968814849853516,
    40.60125732421875,
    36.77874755859375,
    86.71744537353516,
    63.558746337890625,
    79.93658447265625
  ]
}