{
  "sample_id": "1706",
  "total_index": [
    0,
    1,
    2,
    3,
    4,
    5,
    6,
    7
  ],
  "true_locations": [
    1,
    6,
    93,
    18,
    87,
    26,
    21,
    15
  ],
  "predicted_locations": [
    23,
    28,
    83,
    18,
    88,
    28,
    23,
    23
  ],
  "true_powers": [
    85.0,
    94.0,
    98.0,
    76.0,
    81.0,
    61.0,
    57.0,
    72.0
  ],
  "predicted_powers": [
    37.743255615234375,
    46.36811065673828,
    70.97205352783203,
    76.21277618408203,
    75.35311889648438,
    45.899803161621094,
    35.87689208984375,
    47.284095764160156
  ]
}