{
  "sample_id": "1930",
  "total_index": [
    0,
    1,
    2,
    3,
    4,
    5,
    6,
    7
  ],
  "true_locations": [
    25,
    100,
    63,
    72,
    96,
    35,
    100,
    47
  ],
  "predicted_locations": [
    23,
    78,
    73,
    72,
    78,
    23,
    78,
    28
  ],
  "true_powers": [
    97.0,
    79.0,
    64.0,
    76.0,
    56.0,
    82.0,
    75.0,
    80.0
  ],
  "predicted_powers": [
    66.21263122558594,
    35.533111572265625,
    57.176971435546875,
    77.23003387451172,
    27.650423049926758,
    55.73106384277344,
    33.982078552246094,
    53.478397369384766
  ]
}