{
  "sample_id": "1782",
  "total_index": [
    0,
    1,
    2,
    3,
    4,
    6
  ],
  "true_locations": [
    1,
    49,
    63,
    29,
    4,
    20
  ],
  "predicted_locations": [
    23,
    28,
    73,
    29,
    13,
    28
  ],
  "true_powers": [
    79.0,
    66.0,
    67.0,
    83.0,
    88.0,
    100.0
  ],
  "predicted_powers": [
    35.23160934448242,
    40.73231887817383,
    60.097537994384766,
    83.63152313232422,
    59.67845916748047,
    57.56241226196289
  ]
}