{
  "sample_id": "1867",
  "total_index": [
    2,
    3,
    5,
    6
  ],
  "true_locations": [
    91,
    65,
    71,
    29
  ],
  "predicted_locations": [
    73,
    73,
    72,
    29
  ],
  "true_powers": [
    82.0,
    66.0,
    61.0,
    72.0
  ],
  "predicted_powers": [
    37.04359817504883,
    42.36268997192383,
    46.26405334472656,
    72.37420654296875
  ]
}