{
  "sample_id": "1778",
  "total_index": [
    0,
    1,
    2,
    4,
    5,
    6
  ],
  "true_locations": [
    45,
    50,
    100,
    20,
    13,
    66
  ],
  "predicted_locations": [
    23,
    28,
    78,
    28,
    13,
    78
  ],
  "true_powers": [
    65.0,
    51.0,
    92.0,
    84.0,
    98.0,
    71.0
  ],
  "predicted_powers": [
    35.54236602783203,
    25.242380142211914,
    41.53780746459961,
    48.75015640258789,
    101.40044403076172,
    46.23212432861328
  ]
}