{
  "sample_id": "1838",
  "total_index": [
    0,
    1,
    2,
    4,
    5,
    6,
    7
  ],
  "true_locations": [
    45,
    57,
    97,
    100,
    50,
    15,
    26
  ],
  "predicted_locations": [
    23,
    78,
    88,
    78,
    28,
    23,
    28
  ],
  "true_powers": [
    78.0,
    74.0,
    64.0,
    89.0,
    83.0,
    50.0,
    55.0
  ],
  "predicted_powers": [
    42.615421295166016,
    47.648502349853516,
    44.11387252807617,
    40.29977798461914,
    44.11832046508789,
    31.68162727355957,
    39.82963943481445
  ]
}