{
  "sample_id": "1849",
  "total_index": [
    0,
    1,
    3,
    4,
    5,
    6,
    7
  ],
  "true_locations": [
    97,
    30,
    43,
    87,
    6,
    100,
    72
  ],
  "predicted_locations": [
    88,
    29,
    23,
    78,
    28,
    78,
    72
  ],
  "true_powers": [
    92.0,
    62.0,
    93.0,
    61.0,
    94.0,
    93.0,
    84.0
  ],
  "predicted_powers": [
    62.59463119506836,
    44.84212112426758,
    63.545291900634766,
    48.355262756347656,
    48.8378791809082,
    41.56644058227539,
    85.97341918945312
  ]
}