{
  "sample_id": "1859",
  "total_index": [
    0,
    1,
    2,
    3,
    4,
    5,
    6,
    7
  ],
  "true_locations": [
    31,
    74,
    18,
    49,
    55,
    36,
    10,
    94
  ],
  "predicted_locations": [
    22,
    73,
    18,
    28,
    73,
    28,
    28,
    83
  ],
  "true_powers": [
    83.0,
    52.0,
    78.0,
    82.0,
    87.0,
    66.0,
    60.0,
    91.0
  ],
  "predicted_powers": [
    56.54572677612305,
    46.46166229248047,
    77.37593078613281,
    50.58890151977539,
    50.858367919921875,
    47.53144836425781,
    27.79012107849121,
    64.722412109375
  ]
}