{
  "sample_id": "1758",
  "total_index": [
    0,
    1,
    2,
    4,
    5,
    6,
    7
  ],
  "true_locations": [
    32,
    47,
    14,
    55,
    41,
    95,
    1
  ],
  "predicted_locations": [
    22,
    28,
    13,
    73,
    23,
    73,
    23
  ],
  "true_powers": [
    72.0,
    53.0,
    69.0,
    85.0,
    90.0,
    67.0,
    63.0
  ],
  "predicted_powers": [
    65.69402313232422,
    34.14591979980469,
    63.40332794189453,
    47.805259704589844,
    47.46870422363281,
    33.525535583496094,
    30.862346649169922
  ]
}