{
  "sample_id": "1948",
  "total_index": [
    0,
    1,
    2,
    3,
    4,
    5,
    6,
    7
  ],
  "true_locations": [
    68,
    45,
    37,
    63,
    44,
    91,
    46,
    69
  ],
  "predicted_locations": [
    78,
    23,
    28,
    73,
    23,
    73,
    28,
    78
  ],
  "true_powers": [
    66.0,
    96.0,
    97.0,
    65.0,
    55.0,
    67.0,
    54.0,
    89.0
  ],
  "predicted_powers": [
    58.70738983154297,
    52.60868453979492,
    78.5765609741211,
    58.654090881347656,
    37.896148681640625,
    34.203269958496094,
    31.491945266723633,
    72.15299224853516
  ]
}