{
  "sample_id": "1944",
  "total_index": [
    0,
    1,
    2,
    3,
    4,
    5,
    6,
    7
  ],
  "true_locations": [
    37,
    89,
    91,
    19,
    17,
    45,
    78,
    93
  ],
  "predicted_locations": [
    28,
    78,
    73,
    28,
    28,
    23,
    78,
    73
  ],
  "true_powers": [
    63.0,
    51.0,
    81.0,
    78.0,
    87.0,
    88.0,
    91.0,
    54.0
  ],
  "predicted_powers": [
    50.942665100097656,
    38.5264778137207,
    36.34541320800781,
    59.142879486083984,
    68.20736694335938,
    51.042327880859375,
    91.67031860351562,
    35.84723663330078
  ]
}