{
  "sample_id": "1853",
  "total_index": [
    0,
    2,
    3,
    4,
    5,
    6,
    7
  ],
  "true_locations": [
    64,
    91,
    84,
    79,
    38,
    63,
    99
  ],
  "predicted_locations": [
    73,
    73,
    83,
    79,
    28,
    73,
    78
  ],
  "true_powers": [
    54.0,
    78.0,
    61.0,
    87.0,
    89.0,
    90.0,
    71.0
  ],
  "predicted_powers": [
    43.63737869262695,
    35.02124786376953,
    56.10664749145508,
    87.07609558105469,
    82.52852630615234,
    81.37455749511719,
    41.3611946105957
  ]
}