{
  "sample_id": "1927",
  "total_index": [
    0,
    1,
    2,
    3,
    4,
    6
  ],
  "true_locations": [
    91,
    99,
    86,
    44,
    47,
    55
  ],
  "predicted_locations": [
    73,
    78,
    78,
    23,
    28,
    73
  ],
  "true_powers": [
    72.0,
    65.0,
    75.0,
    84.0,
    50.0,
    55.0
  ],
  "predicted_powers": [
    32.22058868408203,
    36.53133773803711,
    46.94872283935547,
    54.198509216308594,
    32.40194320678711,
    30.618772506713867
  ]
}