{
  "sample_id": "1837",
  "total_index": [
    0,
    2,
    3,
    4,
    6,
    7
  ],
  "true_locations": [
    49,
    21,
    77,
    75,
    10,
    53
  ],
  "predicted_locations": [
    28,
    22,
    78,
    73,
    28,
    73
  ],
  "true_powers": [
    80.0,
    93.0,
    65.0,
    93.0,
    66.0,
    67.0
  ],
  "predicted_powers": [
    49.243560791015625,
    67.1108627319336,
    57.8756103515625,
    64.45963287353516,
    29.876941680908203,
    47.4500617980957
  ]
}