true_r1,true_r2,true_r3,true_r4,,pred_r1,pred_r2,pred_r3,pred_r4, ,mask_r1,mask_r2,mask_r3,mask_r4
0.013401634059846401,0.10559029877185822,0.025871966034173965,0.02164541929960251,,0.012904888950288296,0.10583638399839401,0.025965306907892227,0.021693173795938492,,0.0,0.0,0.0,0.0
0.07463672757148743,0.03249286860227585,0.028494497761130333,0.11167009174823761,,0.07533194124698639,0.033086732029914856,0.028439538553357124,0.11157800257205963,,0.0,0.0,0.0,0.0
0.02680571749806404,0.05026726797223091,0.020398182794451714,0.140628844499588,,0.027284173294901848,0.05042698234319687,0.01988896168768406,0.14061686396598816,,0.0,0.0,0.0,0.0
0.1740538626909256,0.019476840272545815,0.03948367387056351,0.03006572835147381,,0.17277193069458008,0.01739545539021492,0.04162430390715599,0.03261804208159447,,0.0,0.0,0.0,0.0
0.027162741869688034,0.028567319735884666,0.09651990979909897,0.02083495259284973,,0.027939049527049065,0.027302581816911697,0.09493501484394073,0.01696920208632946,,0.0,0.0,0.0,1.0
0.06079324334859848,0.022119130939245224,0.01817554421722889,0.08197726309299469,,0.059353306889534,0.021056145429611206,0.018780378624796867,0.0800183042883873,,0.0,0.0,0.0,0.0
0.02224215492606163,0.18001621961593628,0.03702332079410553,0.04146157577633858,,0.022934166714549065,0.18100948631763458,0.037957750260829926,0.03921794891357422,,0.0,0.0,0.0,0.0
