true_r1,true_r2,true_r3,true_r4,,pred_r1,pred_r2,pred_r3,pred_r4, ,mask_r1,mask_r2,mask_r3,mask_r4
0.051875125616788864,0.08783666789531708,0.06476517021656036,0.06543415784835815,,0.05188002809882164,0.08711051195859909,0.0656726062297821,0.06537226587533951,,0.0,0.0,0.0,0.0
0.01416169386357069,0.13467450439929962,0.026126107200980186,0.02543664537370205,,0.01438763178884983,0.13499920070171356,0.026167135685682297,0.0260482057929039,,0.0,0.0,0.0,0.0
0.019983354955911636,0.03247491642832756,0.11137068271636963,0.01442460622638464,,0.020378107205033302,0.03321880102157593,0.10884151607751846,0.014847559854388237,,0.0,0.0,0.0,0.0
0.027364155277609825,0.03295024484395981,0.01686386577785015,0.13526476919651031,,0.027831990271806717,0.03351841866970062,0.01723782904446125,0.1364009827375412,,0.0,0.0,0.0,0.0
0.08348692208528519,0.04712057113647461,0.06285303086042404,0.05982566997408867,,0.08029826730489731,0.04690758138895035,0.06009577959775925,0.057903140783309937,,0.0,0.0,0.0,0.0
0.17933093011379242,0.024614257737994194,0.041117019951343536,0.038353580981492996,,0.17810091376304626,0.02396717481315136,0.04092086851596832,0.03785194084048271,,0.0,0.0,0.0,0.0
0.02087593823671341,0.021188678219914436,0.08368709683418274,0.013635700568556786,,0.022427935153245926,0.022050170227885246,0.08817430585622787,0.014740712940692902,,0.0,0.0,0.0,1.0
