true_r1,true_r2,true_r3,true_r4,,pred_r1,pred_r2,pred_r3,pred_r4, ,mask_r1,mask_r2,mask_r3,mask_r4
0.07257639616727829,0.024157823994755745,0.09650722146034241,0.02198943682014942,,0.0716387927532196,0.023785723373293877,0.09648174792528152,0.02117784135043621,,0.0,0.0,0.0,0.0
0.015866180881857872,0.12911823391914368,0.025806277990341187,0.03150897100567818,,0.01596137508749962,0.1294407993555069,0.026062576100230217,0.032385095953941345,,0.0,0.0,0.0,0.0
0.06041797623038292,0.028446190059185028,0.02220783941447735,0.13963378965854645,,0.06058217212557793,0.0279887355864048,0.022510701790452003,0.13837966322898865,,0.0,0.0,0.0,0.0
0.10596700012683868,0.024906909093260765,0.026355667039752007,0.07386898994445801,,0.10679838806390762,0.02437446638941765,0.02601061388850212,0.07560905069112778,,0.0,0.0,0.0,0.0
0.016910316422581673,0.016897426918148994,0.010279768146574497,0.07484496384859085,,0.021567383781075478,0.016699293628335,0.012066575698554516,0.07341587543487549,,0.0,0.0,1.0,0.0
0.028074607253074646,0.07558311522006989,0.02741343528032303,0.10831139981746674,,0.02834487147629261,0.07404781877994537,0.026675088331103325,0.11030647158622742,,0.0,0.0,0.0,0.0
0.021394919604063034,0.025167645886540413,0.013182925991714,0.10104167461395264,,0.02124953456223011,0.02505815401673317,0.013100474141538143,0.10031085461378098,,0.0,0.0,0.0,0.0
0.029809148982167244,0.02666459232568741,0.10337948054075241,0.021034736186265945,,0.026330942288041115,0.027728373184800148,0.10463843494653702,0.01707579381763935,,0.0,0.0,0.0,1.0
