true_r1,true_r2,true_r3,true_r4,,pred_r1,pred_r2,pred_r3,pred_r4, ,mask_r1,mask_r2,mask_r3,mask_r4
0.07400272786617279,0.011447788216173649,0.032005589455366135,0.015056312084197998,,0.07372461259365082,0.011524428613483906,0.03154318407177925,0.014521879144012928,,0.0,0.0,0.0,0.0
0.018740354105830193,0.14810477197170258,0.027269672602415085,0.043186888098716736,,0.019129395484924316,0.1480306088924408,0.027377022430300713,0.04333753138780594,,0.0,0.0,0.0,0.0
0.0724787786602974,0.013024929910898209,0.014762603677809238,0.03147342801094055,,0.0724906176328659,0.01177315041422844,0.015682920813560486,0.030840110033750534,,0.0,0.0,0.0,0.0
0.04844939336180687,0.023277301341295242,0.1362285017967224,0.020760301500558853,,0.049969229847192764,0.028911322355270386,0.13474968075752258,0.02063697576522827,,0.0,0.0,0.0,0.0
0.018344422802329063,0.02238401025533676,0.012263378128409386,0.06619676202535629,,0.01960466429591179,0.021631712093949318,0.013195033185184002,0.0671117827296257,,0.0,0.0,1.0,0.0
0.05822093039751053,0.04013275355100632,0.17720326781272888,0.02769031748175621,,0.05777261033654213,0.04196520894765854,0.17879225313663483,0.028484292328357697,,0.0,0.0,0.0,0.0
0.022103384137153625,0.18161645531654358,0.04560862109065056,0.03320890665054321,,0.02149641141295433,0.18195857107639313,0.043961647897958755,0.032647743821144104,,0.0,0.0,0.0,0.0
