true_r1,true_r2,true_r3,true_r4,,pred_r1,pred_r2,pred_r3,pred_r4, ,mask_r1,mask_r2,mask_r3,mask_r4
0.011415783315896988,0.06930352747440338,0.014059487730264664,0.029697680845856667,,0.01082884706556797,0.06920681148767471,0.014168608002364635,0.0301663875579834,,0.0,0.0,0.0,0.0
0.23874084651470184,0.027019811794161797,0.048051949590444565,0.04784218966960907,,0.23824186623096466,0.025746973231434822,0.04836047813296318,0.04746165871620178,,0.0,0.0,0.0,0.0
0.12576285004615784,0.027349714189767838,0.08642270416021347,0.030195100232958794,,0.12414044141769409,0.028272587805986404,0.08661344647407532,0.031063934788107872,,0.0,0.0,0.0,0.0
0.012212778441607952,0.083012156188488,0.020774930715560913,0.02019450068473816,,0.015354836359620094,0.08484013378620148,0.020236290991306305,0.019385606050491333,,1.0,0.0,0.0,0.0
0.04594926908612251,0.09994380921125412,0.14518646895885468,0.03960907831788063,,0.045056965202093124,0.09927360713481903,0.14552102982997894,0.03803066164255142,,0.0,0.0,0.0,0.0
