true_r1,true_r2,true_r3,true_r4,,pred_r1,pred_r2,pred_r3,pred_r4, ,mask_r1,mask_r2,mask_r3,mask_r4
0.17765262722969055,0.01918364316225052,0.030577214434742928,0.041351068764925,,0.17648151516914368,0.019223017618060112,0.03055291436612606,0.04055161774158478,,0.0,0.0,0.0,0.0
0.03612806648015976,0.06664399057626724,0.027324194088578224,0.1866128146648407,,0.036738038063049316,0.06698229908943176,0.028345130383968353,0.18445338308811188,,0.0,0.0,0.0,0.0
0.07858284562826157,0.010632500052452087,0.020461667329072952,0.02112710475921631,,0.07886366546154022,0.010530796833336353,0.0185186006128788,0.018950205296278,,0.0,1.0,0.0,0.0
0.07820587605237961,0.028575636446475983,0.11560952663421631,0.028843451291322708,,0.084030881524086,0.02798295207321644,0.11664985865354538,0.02915973588824272,,0.0,0.0,0.0,0.0
0.03562169149518013,0.024296600371599197,0.12384314835071564,0.020296959206461906,,0.03645741567015648,0.022767016664147377,0.12479468435049057,0.02090182527899742,,0.0,0.0,0.0,0.0
0.029612503945827484,0.03220795840024948,0.017276667058467865,0.13017520308494568,,0.02861699089407921,0.031998489052057266,0.015934022143483162,0.13342401385307312,,0.0,0.0,0.0,0.0
0.04147549346089363,0.02533188834786415,0.13015268743038177,0.02232370525598526,,0.038797084242105484,0.025584086775779724,0.12775073945522308,0.021286843344569206,,0.0,0.0,0.0,0.0
