true_r1,true_r2,true_r3,true_r4,,pred_r1,pred_r2,pred_r3,pred_r4, ,mask_r1,mask_r2,mask_r3,mask_r4
0.05059410631656647,0.01593407616019249,0.06690515577793121,0.0153250303119421,,0.05001742020249367,0.016192782670259476,0.06707947701215744,0.015106515027582645,,0.0,0.0,0.0,0.0
0.021856945008039474,0.021704554557800293,0.012494636699557304,0.08986200392246246,,0.021524988114833832,0.021747088059782982,0.014118931256234646,0.08970779925584793,,0.0,0.0,1.0,0.0
0.15807940065860748,0.017334846779704094,0.03609367460012436,0.0279737189412117,,0.15863555669784546,0.017784982919692993,0.03603411838412285,0.027285095304250717,,0.0,0.0,0.0,0.0
0.015692610293626785,0.02306867018342018,0.07739721238613129,0.010210394859313965,,0.016149446368217468,0.02317962795495987,0.07878856360912323,0.009984179399907589,,0.0,0.0,0.0,0.0
0.04954182356595993,0.12781906127929688,0.05918790400028229,0.09028457850217819,,0.051297713071107864,0.12494760751724243,0.05909021943807602,0.08914515376091003,,0.0,0.0,0.0,0.0
0.03253697231411934,0.024918431416153908,0.14122143387794495,0.015646427869796753,,0.032186344265937805,0.025024225935339928,0.13964582979679108,0.01614423654973507,,0.0,0.0,0.0,0.0
0.057400401681661606,0.01901758648455143,0.018603490665555,0.07433167099952698,,0.055351123213768005,0.020680943503975868,0.019000627100467682,0.07706749439239502,,0.0,0.0,0.0,0.0
