true_r1,true_r2,true_r3,true_r4,,pred_r1,pred_r2,pred_r3,pred_r4, ,mask_r1,mask_r2,mask_r3,mask_r4
0.022389331832528114,0.017811354249715805,0.09299129992723465,0.01142135914415121,,0.022506877779960632,0.01896040514111519,0.09317207336425781,0.011080671101808548,,0.0,0.0,0.0,0.0
0.01855263113975525,0.08343478292226791,0.019735872745513916,0.06110890209674835,,0.018296698108315468,0.0827743262052536,0.019647251814603806,0.061583761125802994,,0.0,0.0,0.0,0.0
0.021059466525912285,0.021075289696455002,0.012479680590331554,0.08813214302062988,,0.02205951325595379,0.02069973759353161,0.011656622402369976,0.08638794720172882,,0.0,0.0,1.0,0.0
0.025159619748592377,0.11029591411352158,0.027681084349751472,0.08470871299505234,,0.024392733350396156,0.11160736531019211,0.026957014575600624,0.08310693502426147,,0.0,0.0,0.0,0.0
0.03142247721552849,0.11924245208501816,0.03551878407597542,0.08329712599515915,,0.031001834198832512,0.11970772594213486,0.03696019947528839,0.0836058035492897,,0.0,0.0,0.0,0.0
0.06485703587532043,0.022271230816841125,0.09291741251945496,0.020890893414616585,,0.06404368579387665,0.02408549189567566,0.09210067987442017,0.02195890061557293,,0.0,0.0,0.0,0.0
0.03732184320688248,0.07020572572946548,0.028934264555573463,0.1928306221961975,,0.03826802596449852,0.0670643001794815,0.027429722249507904,0.19176535308361053,,0.0,0.0,0.0,0.0
