true_r1,true_r2,true_r3,true_r4,,pred_r1,pred_r2,pred_r3,pred_r4, ,mask_r1,mask_r2,mask_r3,mask_r4
0.010902000591158867,0.08010386675596237,0.01948806643486023,0.01930471695959568,,0.012729845009744167,0.0801229476928711,0.01901973783969879,0.01938178390264511,,1.0,0.0,0.0,0.0
0.10541637986898422,0.023731091991066933,0.07796171307563782,0.026344474405050278,,0.10461490601301193,0.023390058428049088,0.07702192664146423,0.025579381734132767,,0.0,0.0,0.0,0.0
0.1417628675699234,0.031623709946870804,0.04869912192225456,0.051024261862039566,,0.13975763320922852,0.03061884641647339,0.05074898153543472,0.048988740891218185,,0.0,0.0,0.0,0.0
0.10277082026004791,0.06109676510095596,0.07840508967638016,0.07838037610054016,,0.10298481583595276,0.0610140822827816,0.07814227044582367,0.07787241786718369,,0.0,0.0,0.0,0.0
0.02381615899503231,0.04245005175471306,0.12128907442092896,0.016543906182050705,,0.02380097657442093,0.0427124910056591,0.12125439196825027,0.018390748649835587,,0.0,0.0,0.0,0.0
0.03398008272051811,0.04571176692843437,0.024496298283338547,0.13612015545368195,,0.03420396149158478,0.045603979378938675,0.02376219630241394,0.13650834560394287,,0.0,0.0,0.0,0.0
