true_r1,true_r2,true_r3,true_r4,,pred_r1,pred_r2,pred_r3,pred_r4, ,mask_r1,mask_r2,mask_r3,mask_r4
0.02401408925652504,0.06546243280172348,0.09404739737510681,0.02113577350974083,,0.02376546896994114,0.06571704894304276,0.09430816769599915,0.020495496690273285,,0.0,0.0,0.0,0.0
0.08667165786027908,0.03753505274653435,0.1300223022699356,0.03279348835349083,,0.08701770752668381,0.037568509578704834,0.12975198030471802,0.03292521834373474,,0.0,0.0,0.0,0.0
0.08468122035264969,0.02968970313668251,0.026334242895245552,0.12283455580472946,,0.08660167455673218,0.02975458838045597,0.026892809197306633,0.1224033385515213,,0.0,0.0,0.0,0.0
0.043396834284067154,0.10874701291322708,0.05247104540467262,0.07929618656635284,,0.04437975585460663,0.10955478996038437,0.05151066184043884,0.07652246952056885,,0.0,0.0,0.0,0.0
0.018560539931058884,0.019396884366869926,0.07430927455425262,0.010661382228136063,,0.01743030734360218,0.018999498337507248,0.07196266204118729,0.012861084192991257,,0.0,0.0,0.0,1.0
0.1570899486541748,0.020180169492959976,0.03715430945158005,0.028237028047442436,,0.15590700507164001,0.0186346136033535,0.03887595608830452,0.029976315796375275,,0.0,0.0,0.0,0.0
