true_r1,true_r2,true_r3,true_r4,,pred_r1,pred_r2,pred_r3,pred_r4, ,mask_r1,mask_r2,mask_r3,mask_r4
0.08087804913520813,0.01814395934343338,0.0204736590385437,0.055989693850278854,,0.08080801367759705,0.017580775544047356,0.019426334649324417,0.056058187037706375,,0.0,0.0,0.0,0.0
0.022057779133319855,0.022102564573287964,0.09297052770853043,0.012135720811784267,,0.02398242987692356,0.023114029318094254,0.09145212918519974,0.01345659326761961,,0.0,0.0,0.0,1.0
0.06375303864479065,0.035574398934841156,0.176509827375412,0.025941137224435806,,0.06458725035190582,0.03505609929561615,0.17725776135921478,0.02632256969809532,,0.0,0.0,0.0,0.0
0.017174407839775085,0.09126167744398117,0.04141254723072052,0.019651884213089943,,0.015818636864423752,0.09187764674425125,0.041808873414993286,0.019238470122218132,,0.0,0.0,0.0,0.0
