true_r1,true_r2,true_r3,true_r4,,pred_r1,pred_r2,pred_r3,pred_r4, ,mask_r1,mask_r2,mask_r3,mask_r4
0.03740368410944939,0.03696182742714882,0.020352620631456375,0.18434742093086243,,0.03681415691971779,0.03714180737733841,0.020632777363061905,0.18510279059410095,,0.0,0.0,0.0,0.0
0.06947293132543564,0.04832258075475693,0.033105142414569855,0.2135324329137802,,0.06971315294504166,0.048083238303661346,0.03268780931830406,0.2136135846376419,,0.0,0.0,0.0,0.0
0.011188473552465439,0.08356301486492157,0.019950225949287415,0.02137068845331669,,0.011930972337722778,0.0838681161403656,0.020014621317386627,0.020258238539099693,,1.0,0.0,0.0,0.0
0.020270109176635742,0.18040841817855835,0.03534841537475586,0.034976664930582047,,0.01987718604505062,0.17694301903247833,0.0358569510281086,0.03555835038423538,,0.0,0.0,0.0,0.0
0.024059858173131943,0.09496994316577911,0.02499338425695896,0.07531725615262985,,0.025747589766979218,0.10319554805755615,0.02520027756690979,0.07585486769676208,,0.0,0.0,0.0,0.0
0.11239349842071533,0.048598263412714005,0.04916496202349663,0.08325684070587158,,0.11211152374744415,0.047349005937576294,0.04912682995200157,0.08422137796878815,,0.0,0.0,0.0,0.0
