true_r1,true_r2,true_r3,true_r4,,pred_r1,pred_r2,pred_r3,pred_r4, ,mask_r1,mask_r2,mask_r3,mask_r4
0.028248442336916924,0.028208570554852486,0.016753626987338066,0.1480834037065506,,0.029719514772295952,0.02815762721002102,0.015431107953190804,0.1476372331380844,,0.0,0.0,0.0,0.0
0.10104155540466309,0.05937758460640907,0.07461520284414291,0.07460594177246094,,0.10057199001312256,0.059295397251844406,0.07431202381849289,0.0746910572052002,,0.0,0.0,0.0,0.0
0.0750521793961525,0.010858130641281605,0.018914077430963516,0.01760949194431305,,0.07571211457252502,0.011971333995461464,0.01727324351668358,0.018106402829289436,,0.0,1.0,0.0,0.0
0.10224894434213638,0.04465563967823982,0.1513683944940567,0.03888745233416557,,0.10308485478162766,0.04425511136651039,0.15179777145385742,0.03879992663860321,,0.0,0.0,0.0,0.0
0.027889423072338104,0.20514579117298126,0.0467475950717926,0.04296596348285675,,0.027245892211794853,0.20536580681800842,0.05024799704551697,0.04167554900050163,,0.0,0.0,0.0,0.0
0.16905388236045837,0.02762858010828495,0.065733902156353,0.036603160202503204,,0.17212577164173126,0.029342113062739372,0.06611009687185287,0.03818467631936073,,0.0,0.0,0.0,0.0
0.08469708263874054,0.036197587847709656,0.12295424938201904,0.032384444028139114,,0.08054441958665848,0.0355476438999176,0.12274480611085892,0.030862141400575638,,0.0,0.0,0.0,0.0
0.03282564505934715,0.02066982164978981,0.09954811632633209,0.014079488813877106,,0.03360290452837944,0.019855845719575882,0.09929008781909943,0.014424224384129047,,0.0,0.0,0.0,0.0
