true_r1,true_r2,true_r3,true_r4,,pred_r1,pred_r2,pred_r3,pred_r4, ,mask_r1,mask_r2,mask_r3,mask_r4
0.049330420792102814,0.02314409241080284,0.11602432280778885,0.018757665529847145,,0.0494597852230072,0.02287903241813183,0.11598973721265793,0.01850370317697525,,0.0,0.0,0.0,0.0
0.11250346153974533,0.017549458891153336,0.02566191554069519,0.03681124374270439,,0.11253267526626587,0.017570272088050842,0.025241738185286522,0.03673609718680382,,0.0,0.0,0.0,0.0
0.01861109770834446,0.17027926445007324,0.03822942078113556,0.02881772443652153,,0.01723012514412403,0.1665552407503128,0.03882082924246788,0.028523683547973633,,0.0,0.0,0.0,0.0
0.025077812373638153,0.11343763768672943,0.028119804337620735,0.07858385145664215,,0.024460462853312492,0.11386427283287048,0.02827799879014492,0.07956860214471817,,0.0,0.0,0.0,0.0
0.09792723506689072,0.059280555695295334,0.07276928424835205,0.07478085905313492,,0.10244567692279816,0.06436067074537277,0.07205184549093246,0.07440029829740524,,0.0,0.0,0.0,0.0
0.0418425090610981,0.10010316967964172,0.06828446686267853,0.044881775975227356,,0.03938668966293335,0.1028909757733345,0.06823284924030304,0.044440414756536484,,0.0,0.0,0.0,0.0
0.010486864484846592,0.06918249279260635,0.017234688624739647,0.01830480434000492,,0.011024068109691143,0.06788313388824463,0.01660098508000374,0.017314109951257706,,1.0,0.0,0.0,0.0
0.12948937714099884,0.027910642325878143,0.027785638347268105,0.056803956627845764,,0.13168948888778687,0.025123929604887962,0.028765365481376648,0.057524193078279495,,0.0,0.0,0.0,0.0
