true_r1,true_r2,true_r3,true_r4,,pred_r1,pred_r2,pred_r3,pred_r4, ,mask_r1,mask_r2,mask_r3,mask_r4
0.03426897153258324,0.03538775071501732,0.17982052266597748,0.019237011671066284,,0.03407841548323631,0.03374244645237923,0.1797783076763153,0.019092712551355362,,0.0,0.0,0.0,0.0
0.034388236701488495,0.07919611036777496,0.11789525300264359,0.03025168739259243,,0.034552328288555145,0.07920245826244354,0.11752691119909286,0.02983963117003441,,0.0,0.0,0.0,0.0
0.12545014917850494,0.014034640975296497,0.02245882712304592,0.02911030501127243,,0.12567183375358582,0.014243648387491703,0.021628769114613533,0.028273118659853935,,0.0,0.0,0.0,0.0
0.03774070739746094,0.025802427902817726,0.01780875213444233,0.11699330806732178,,0.03809118643403053,0.02651083655655384,0.01844479702413082,0.11736894398927689,,0.0,0.0,0.0,0.0
0.05377565324306488,0.05284496024250984,0.14427141845226288,0.032879214733839035,,0.051353659480810165,0.04998204484581947,0.13861729204654694,0.031125595793128014,,0.0,0.0,0.0,0.0
0.03177406266331673,0.11233370751142502,0.030722038820385933,0.08349933475255966,,0.028718555346131325,0.11380164325237274,0.031210696324706078,0.08342577517032623,,0.0,0.0,0.0,0.0
0.011312226764857769,0.08988027274608612,0.023971904069185257,0.022569116204977036,,0.014707724563777447,0.09032072126865387,0.02465170994400978,0.022293811663985252,,1.0,0.0,0.0,0.0
0.018774639815092087,0.07632551342248917,0.021335352212190628,0.05515297129750252,,0.018480448052287102,0.07602863013744354,0.02248612605035305,0.0596783310174942,,0.0,0.0,0.0,0.0
