true_r1,true_r2,true_r3,true_r4,,pred_r1,pred_r2,pred_r3,pred_r4, ,mask_r1,mask_r2,mask_r3,mask_r4
0.10506244748830795,0.014184764586389065,0.0253544133156538,0.025067344307899475,,0.10509292781352997,0.01355951838195324,0.025888606905937195,0.02513189986348152,,0.0,1.0,0.0,0.0
0.0358358696103096,0.017012646421790123,0.08329974859952927,0.013023328967392445,,0.03588111698627472,0.016814183443784714,0.08341719955205917,0.013242701068520546,,0.0,0.0,0.0,0.0
0.02101314067840576,0.025592386722564697,0.012626091949641705,0.10630952566862106,,0.02130163460969925,0.026400446891784668,0.013449285179376602,0.10616554319858551,,0.0,0.0,0.0,0.0
0.0421457439661026,0.09348835796117783,0.03739534690976143,0.1387278139591217,,0.04138445109128952,0.0920698270201683,0.03660054877400398,0.13947388529777527,,0.0,0.0,0.0,0.0
0.027732903137803078,0.058032743632793427,0.022174736484885216,0.13484440743923187,,0.026804601773619652,0.05750676244497299,0.02112201415002346,0.13544774055480957,,0.0,0.0,0.0,0.0
