true_r1,true_r2,true_r3,true_r4,,pred_r1,pred_r2,pred_r3,pred_r4, ,mask_r1,mask_r2,mask_r3,mask_r4
0.04352106153964996,0.04342123493552208,0.21695390343666077,0.024037180468440056,,0.04343944787979126,0.0433865562081337,0.21708546578884125,0.02441391535103321,,0.0,0.0,0.0,0.0
0.03643536567687988,0.028012752532958984,0.16232864558696747,0.017160849645733833,,0.03617442771792412,0.02823478728532791,0.16121581196784973,0.017627058550715446,,0.0,0.0,0.0,0.0
0.016560211777687073,0.01830196939408779,0.011299275793135166,0.069060780107975,,0.01600838638842106,0.017866337671875954,0.013511787168681622,0.06800282001495361,,0.0,0.0,1.0,0.0
0.03442280367016792,0.09312032908201218,0.04404687508940697,0.06512068212032318,,0.03451436012983322,0.09320151805877686,0.043623894453048706,0.06563491374254227,,0.0,0.0,0.0,0.0
0.01824771985411644,0.015557095408439636,0.011107965372502804,0.07316073775291443,,0.01878606155514717,0.01659954898059368,0.012624313123524189,0.07236308604478836,,0.0,0.0,0.0,0.0
