true_r1,true_r2,true_r3,true_r4,,pred_r1,pred_r2,pred_r3,pred_r4, ,mask_r1,mask_r2,mask_r3,mask_r4
0.025378430262207985,0.22819048166275024,0.04594710096716881,0.04632594808936119,,0.025296993553638458,0.22702902555465698,0.04627049341797829,0.04626177251338959,,0.0,0.0,0.0,0.0
0.07092949002981186,0.07130279392004013,0.09586682915687561,0.05587051063776016,,0.07110019773244858,0.07139070332050323,0.09548015892505646,0.0564606599509716,,0.0,0.0,0.0,0.0
0.10782796889543533,0.015123303048312664,0.026203738525509834,0.027848239988088608,,0.10743410140275955,0.014380505308508873,0.02541423588991165,0.025931159034371376,,0.0,1.0,0.0,0.0
0.02681322582066059,0.10862848162651062,0.030889157205820084,0.07174052298069,,0.027547305449843407,0.10609067976474762,0.03138027340173721,0.07160516828298569,,0.0,0.0,0.0,0.0
0.10187457501888275,0.019246429204940796,0.07720617204904556,0.02672150731086731,,0.10619889944791794,0.023913444951176643,0.07910396158695221,0.029307488352060318,,0.0,0.0,0.0,0.0
0.08127942681312561,0.040254365652799606,0.03244568035006523,0.11690829694271088,,0.08149848133325577,0.03849070891737938,0.0331820584833622,0.11622213572263718,,0.0,0.0,0.0,0.0
0.023738473653793335,0.041975121945142746,0.01774667762219906,0.11407342553138733,,0.023281671106815338,0.04354407638311386,0.016758495941758156,0.11677321046590805,,0.0,0.0,0.0,0.0
