true_r1,true_r2,true_r3,true_r4,,pred_r1,pred_r2,pred_r3,pred_r4, ,mask_r1,mask_r2,mask_r3,mask_r4
0.025691231712698936,0.026347549632191658,0.014767310582101345,0.10725731402635574,,0.025760192424058914,0.025624766945838928,0.012908108532428741,0.10706691443920135,,0.0,0.0,1.0,0.0
0.02766280435025692,0.10900694876909256,0.03156936168670654,0.07335017621517181,,0.027627160772681236,0.10843351483345032,0.032333917915821075,0.07236558943986893,,0.0,0.0,0.0,0.0
0.040370482951402664,0.027766283601522446,0.12257348746061325,0.019001269713044167,,0.04002680629491806,0.027658389881253242,0.12310845404863358,0.019372526556253433,,0.0,0.0,0.0,0.0
0.02149328589439392,0.09963902831077576,0.026903238147497177,0.06927428394556046,,0.022644653916358948,0.10144279152154922,0.025833340361714363,0.06977271288633347,,0.0,0.0,0.0,0.0
0.017751554027199745,0.12372437119483948,0.04454610124230385,0.024535859003663063,,0.01781347766518593,0.12378242611885071,0.043271150439977646,0.024933205917477608,,0.0,0.0,0.0,0.0
