true_r1,true_r2,true_r3,true_r4,,pred_r1,pred_r2,pred_r3,pred_r4, ,mask_r1,mask_r2,mask_r3,mask_r4
0.02797788381576538,0.03536517545580864,0.15501739084720612,0.01630525104701519,,0.027412844821810722,0.03551381826400757,0.15620973706245422,0.01695781573653221,,0.0,0.0,0.0,0.0
0.016713546589016914,0.0732712596654892,0.01846989430487156,0.054553158581256866,,0.01610061340034008,0.07428395748138428,0.018759112805128098,0.05532555282115936,,0.0,0.0,0.0,0.0
0.025141065940260887,0.03377695381641388,0.019070448353886604,0.1369401514530182,,0.026818064972758293,0.031774237751960754,0.01773546077311039,0.13204357028007507,,0.0,0.0,0.0,0.0
0.02553935907781124,0.024701975286006927,0.017740357667207718,0.09114670008420944,,0.024949276819825172,0.02507544495165348,0.016008684411644936,0.0915844589471817,,0.0,0.0,1.0,0.0
0.10825469344854355,0.02417737804353237,0.08068696409463882,0.027587924152612686,,0.10935117304325104,0.02379906177520752,0.08098738640546799,0.028061574324965477,,0.0,0.0,0.0,0.0
0.0973455086350441,0.022684698924422264,0.02753269672393799,0.069524385035038,,0.09682642668485641,0.022282695397734642,0.024561021476984024,0.0681307464838028,,0.0,0.0,0.0,0.0
