true_r1,true_r2,true_r3,true_r4,,pred_r1,pred_r2,pred_r3,pred_r4, ,mask_r1,mask_r2,mask_r3,mask_r4
0.11366376280784607,0.04107259213924408,0.07879465818405151,0.048819463700056076,,0.11354668438434601,0.041046615689992905,0.078953318297863,0.048726167529821396,,0.0,0.0,0.0,0.0
0.09572959691286087,0.03335430100560188,0.13769730925559998,0.030291683971881866,,0.09577086567878723,0.03341105580329895,0.1382131576538086,0.03031178005039692,,0.0,0.0,0.0,0.0
0.023186441510915756,0.019114846363663673,0.0962570309638977,0.011909649707376957,,0.02383214235305786,0.019349006935954094,0.09422146528959274,0.011983274482190609,,0.0,0.0,0.0,0.0
0.12954136729240417,0.02803492546081543,0.04824613779783249,0.046101223677396774,,0.13154055178165436,0.029593903571367264,0.044500961899757385,0.04791264235973358,,0.0,0.0,0.0,0.0
0.10910668969154358,0.01643853262066841,0.032687101513147354,0.02670345827937126,,0.10844416916370392,0.017223726958036423,0.0338759645819664,0.026424886658787727,,0.0,1.0,0.0,0.0
0.029471836984157562,0.023856589570641518,0.11555620282888412,0.014725521206855774,,0.028457362204790115,0.02240685001015663,0.11749135702848434,0.014649573713541031,,0.0,0.0,0.0,0.0
0.07564052939414978,0.0175264123827219,0.05789198353886604,0.01865219883620739,,0.07484420388936996,0.016527537256479263,0.05788538604974747,0.018697159364819527,,0.0,0.0,0.0,0.0
