true_r1,true_r2,true_r3,true_r4,,pred_r1,pred_r2,pred_r3,pred_r4, ,mask_r1,mask_r2,mask_r3,mask_r4
0.010364989750087261,0.07586423307657242,0.01838945597410202,0.018215181306004524,,0.012531268410384655,0.07592040300369263,0.018084324896335602,0.017994925379753113,,1.0,0.0,0.0,0.0
0.016552025452256203,0.07512546330690384,0.05625959113240242,0.017448212951421738,,0.01658765971660614,0.07448162138462067,0.055673904716968536,0.018172500655055046,,0.0,0.0,0.0,0.0
0.04677443206310272,0.06652809679508209,0.032638069242239,0.20747554302215576,,0.04665318876504898,0.06790173798799515,0.03155997022986412,0.20700673758983612,,0.0,0.0,0.0,0.0
0.0507623553276062,0.027309546247124672,0.1163254901766777,0.023361271247267723,,0.0512574203312397,0.026768891140818596,0.11577590554952621,0.02370503917336464,,0.0,0.0,0.0,0.0
0.07753080129623413,0.029356198385357857,0.11464441567659378,0.026495184749364853,,0.07876086980104446,0.030652599409222603,0.11510878056287766,0.026141606271266937,,0.0,0.0,0.0,0.0
