true_r1,true_r2,true_r3,true_r4,,pred_r1,pred_r2,pred_r3,pred_r4, ,mask_r1,mask_r2,mask_r3,mask_r4
0.047824762761592865,0.04896723851561546,0.02853713557124138,0.13449200987815857,,0.04718222841620445,0.04715482145547867,0.028948161751031876,0.1340784877538681,,0.0,0.0,0.0,0.0
0.02137100137770176,0.1384846419095993,0.045178916305303574,0.03100961446762085,,0.02170816995203495,0.1383906751871109,0.044952597469091415,0.03142853081226349,,0.0,0.0,0.0,0.0
0.13445711135864258,0.018094567582011223,0.03858352452516556,0.025540105998516083,,0.132948637008667,0.017420416697859764,0.03935839980840683,0.02531256154179573,,0.0,0.0,0.0,0.0
0.019512249156832695,0.05518551170825958,0.01871458813548088,0.07924608886241913,,0.019594233483076096,0.05553537234663963,0.0183931365609169,0.07992589473724365,,0.0,0.0,0.0,0.0
0.11103687435388565,0.021011129021644592,0.05236617103219032,0.02555033005774021,,0.11268140375614166,0.0205845907330513,0.047605935484170914,0.02557659149169922,,0.0,0.0,0.0,0.0
0.10947025567293167,0.06682656705379486,0.0791219025850296,0.08183825016021729,,0.10793609917163849,0.06955893337726593,0.07965082675218582,0.08556219190359116,,0.0,0.0,0.0,0.0
0.016431789845228195,0.092473104596138,0.024097125977277756,0.023091202601790428,,0.0165414959192276,0.09434372186660767,0.022581320255994797,0.02145475707948208,,1.0,0.0,0.0,0.0
0.030559655278921127,0.06526242196559906,0.023345131427049637,0.13988474011421204,,0.03135857358574867,0.06352686882019043,0.025035200640559196,0.13774380087852478,,0.0,0.0,0.0,0.0
