true_r1,true_r2,true_r3,true_r4,,pred_r1,pred_r2,pred_r3,pred_r4, ,mask_r1,mask_r2,mask_r3,mask_r4
0.2245875597000122,0.02464144676923752,0.044971708208322525,0.04483216255903244,,0.224900022149086,0.025312460958957672,0.04506956785917282,0.0449180081486702,,0.0,0.0,0.0,0.0
0.09180165082216263,0.033500783145427704,0.06369902938604355,0.03945572301745415,,0.09215032309293747,0.033154066652059555,0.06351923942565918,0.03940131515264511,,0.0,0.0,0.0,0.0
0.018381847068667412,0.14535756409168243,0.02926059439778328,0.029558351263403893,,0.018590230494737625,0.14602795243263245,0.030494827777147293,0.028966836631298065,,0.0,0.0,0.0,0.0
0.07518075406551361,0.010819857008755207,0.01858569122850895,0.01874043047428131,,0.07474098354578018,0.011532281525433064,0.018291518092155457,0.01846335642039776,,0.0,1.0,0.0,0.0
0.153349831700325,0.015659915283322334,0.0352775938808918,0.026336414739489555,,0.15654662251472473,0.019740041345357895,0.036810919642448425,0.027106957510113716,,0.0,0.0,0.0,0.0
0.09086460620164871,0.018570123240351677,0.025053827092051506,0.024297090247273445,,0.09689528495073318,0.01690169982612133,0.023498624563217163,0.0238262340426445,,0.0,1.0,0.0,0.0
0.1394621729850769,0.023122582584619522,0.04531239718198776,0.0314444899559021,,0.13432370126247406,0.02185850404202938,0.04393300786614418,0.03204288333654404,,0.0,0.0,0.0,0.0
0.020322121679782867,0.08028955012559891,0.020254220813512802,0.0204361230134964,,0.017505990341305733,0.07930264621973038,0.022008832544088364,0.020751921460032463,,1.0,0.0,0.0,0.0
