true_r1,true_r2,true_r3,true_r4,,pred_r1,pred_r2,pred_r3,pred_r4, ,mask_r1,mask_r2,mask_r3,mask_r4
0.04368077963590622,0.09910563379526138,0.14759206771850586,0.03770691528916359,,0.04329569637775421,0.10001183301210403,0.14794233441352844,0.03792484849691391,,0.0,0.0,0.0,0.0
0.020743340253829956,0.021369971334934235,0.012495091184973717,0.08735128492116928,,0.022013302892446518,0.021290423348546028,0.01323218084871769,0.0869051143527031,,0.0,0.0,1.0,0.0
0.13977400958538055,0.022492794319987297,0.045939117670059204,0.030856424942612648,,0.13832208514213562,0.02127097360789776,0.04537465423345566,0.031910430639982224,,0.0,0.0,0.0,0.0
0.16519474983215332,0.017977725714445114,0.037025000900030136,0.029281526803970337,,0.16643762588500977,0.018220027908682823,0.03723977133631706,0.028658229857683182,,0.0,0.0,0.0,0.0
0.049703799188137054,0.01513874251395464,0.016264094039797783,0.06715469807386398,,0.044236768037080765,0.015202810056507587,0.014398301020264626,0.06202182173728943,,0.0,0.0,0.0,0.0
0.059872306883335114,0.08305023610591888,0.11989303678274155,0.049316853284835815,,0.05659303441643715,0.08627579361200333,0.1180858314037323,0.04980934411287308,,0.0,0.0,0.0,0.0
0.02018868923187256,0.021481730043888092,0.013049887493252754,0.08401618152856827,,0.022529037669301033,0.02129722386598587,0.010497333481907845,0.08286882191896439,,0.0,0.0,1.0,0.0
0.04319430887699127,0.11585241556167603,0.050074245780706406,0.08011572062969208,,0.04594872519373894,0.11392616480588913,0.05383196473121643,0.08122134208679199,,0.0,0.0,0.0,0.0
