true_r1,true_r2,true_r3,true_r4,,pred_r1,pred_r2,pred_r3,pred_r4, ,mask_r1,mask_r2,mask_r3,mask_r4
0.038764312863349915,0.021123936399817467,0.11195209622383118,0.01596704311668873,,0.03951447829604149,0.021577810868620872,0.11110585927963257,0.015871893614530563,,0.0,0.0,0.0,0.0
0.038962800055742264,0.057179372757673264,0.1718665361404419,0.026652613654732704,,0.03878067061305046,0.05703669413924217,0.17461831867694855,0.026652080938220024,,0.0,0.0,0.0,0.0
0.025136232376098633,0.058722447603940964,0.0929378792643547,0.02143707126379013,,0.02509097196161747,0.0560411736369133,0.08837053179740906,0.021516337990760803,,0.0,0.0,0.0,0.0
0.0252977404743433,0.040584564208984375,0.13517682254314423,0.01664942316710949,,0.025018928572535515,0.03860148787498474,0.13335396349430084,0.01738881506025791,,0.0,0.0,0.0,0.0
0.010064023546874523,0.06469633430242538,0.01761273853480816,0.016073809936642647,,0.011704704724252224,0.06605041772127151,0.017027320340275764,0.015620549209415913,,1.0,0.0,0.0,0.0
0.0344509482383728,0.09678439050912857,0.13876742124557495,0.031677160412073135,,0.03501943126320839,0.09806651622056961,0.14126478135585785,0.03111613169312477,,0.0,0.0,0.0,0.0
