true_r1,true_r2,true_r3,true_r4,,pred_r1,pred_r2,pred_r3,pred_r4, ,mask_r1,mask_r2,mask_r3,mask_r4
0.040437787771224976,0.11243226379156113,0.07763592153787613,0.047948453575372696,,0.041588783264160156,0.11255369335412979,0.07763497531414032,0.04820747300982475,,0.0,0.0,0.0,0.0
0.0341537669301033,0.055914390832185745,0.029192540794610977,0.08093472570180893,,0.03498365730047226,0.055669594556093216,0.029293211176991463,0.08040869981050491,,0.0,0.0,0.0,0.0
0.04932381957769394,0.02644568867981434,0.01983080990612507,0.13700276613235474,,0.04926514998078346,0.026698701083660126,0.019543444737792015,0.13855606317520142,,0.0,0.0,0.0,0.0
0.1490698903799057,0.018589045852422714,0.04280243441462517,0.02723948284983635,,0.14711880683898926,0.01900492236018181,0.04222985729575157,0.028812376782298088,,0.0,0.0,0.0,0.0
0.09359768033027649,0.010862782597541809,0.023351984098553658,0.025977348908782005,,0.08902907371520996,0.015622938983142376,0.02326706238090992,0.02346908487379551,,0.0,1.0,0.0,0.0
0.13139493763446808,0.030638286843895912,0.0476723350584507,0.052273791283369064,,0.13400034606456757,0.0293895211070776,0.04795117303729057,0.052664075046777725,,0.0,0.0,0.0,0.0
0.07796917855739594,0.04820016399025917,0.039801180362701416,0.10949286073446274,,0.07439778745174408,0.04736832529306412,0.040402401238679886,0.10824795067310333,,0.0,0.0,0.0,0.0
