true_r1,true_r2,true_r3,true_r4,,pred_r1,pred_r2,pred_r3,pred_r4, ,mask_r1,mask_r2,mask_r3,mask_r4
0.05218591168522835,0.05216696113348007,0.031800463795661926,0.14590995013713837,,0.05151703581213951,0.051737867295742035,0.0314977765083313,0.14598873257637024,,0.0,0.0,0.0,0.0
0.08177327364683151,0.01789223589003086,0.06124131754040718,0.01981979049742222,,0.08198758214712143,0.018882807344198227,0.06045791879296303,0.020274179056286812,,0.0,0.0,0.0,0.0
0.015612613409757614,0.0988389402627945,0.023766744881868362,0.023607540875673294,,0.01462809182703495,0.09859725832939148,0.02418089099228382,0.024134784936904907,,1.0,0.0,0.0,0.0
0.023056810721755028,0.032071493566036224,0.11578576266765594,0.015989484265446663,,0.023206699639558792,0.03392331302165985,0.11731288582086563,0.014347911812365055,,0.0,0.0,0.0,0.0
0.12570293247699738,0.020370716229081154,0.03778921067714691,0.02771804668009281,,0.1267598420381546,0.019266461953520775,0.03917980194091797,0.027575647458434105,,0.0,0.0,0.0,0.0
0.06698302924633026,0.04007824882864952,0.04963872581720352,0.050477635115385056,,0.06546971201896667,0.039846062660217285,0.04956705868244171,0.049127109348773956,,0.0,0.0,0.0,0.0
