true_r1,true_r2,true_r3,true_r4,,pred_r1,pred_r2,pred_r3,pred_r4, ,mask_r1,mask_r2,mask_r3,mask_r4
0.10145020484924316,0.021786727011203766,0.036338139325380325,0.03588896244764328,,0.10225540399551392,0.022066105157136917,0.0361553430557251,0.03614744171500206,,0.0,0.0,0.0,0.0
0.08553145080804825,0.013086353428661823,0.02048259600996971,0.02113177254796028,,0.08591949939727783,0.014006245881319046,0.020696427673101425,0.020116183906793594,,0.0,1.0,0.0,0.0
0.11797299981117249,0.015834735706448555,0.02248060330748558,0.043598100543022156,,0.1169353723526001,0.01714305765926838,0.0216590017080307,0.04224211722612381,,0.0,0.0,0.0,0.0
0.03486279398202896,0.04485291987657547,0.022455913946032524,0.18998649716377258,,0.03341682255268097,0.04325444996356964,0.023009326308965683,0.18691644072532654,,0.0,0.0,0.0,0.0
0.03966141864657402,0.19767504930496216,0.04669717699289322,0.0682411640882492,,0.036909546703100204,0.19777953624725342,0.04652947559952736,0.07093850523233414,,0.0,0.0,0.0,0.0
0.19651389122009277,0.030960580334067345,0.06456276029348373,0.045937761664390564,,0.19696755707263947,0.030516933649778366,0.06395568698644638,0.04536699131131172,,0.0,0.0,0.0,0.0
0.027269406244158745,0.024215824902057648,0.013648537918925285,0.10118373483419418,,0.028881562873721123,0.022077450528740883,0.013445165939629078,0.10126610100269318,,0.0,0.0,0.0,0.0
