true_r1,true_r2,true_r3,true_r4,,pred_r1,pred_r2,pred_r3,pred_r4, ,mask_r1,mask_r2,mask_r3,mask_r4
0.038985077291727066,0.17989718914031982,0.06369826942682266,0.06384877860546112,,0.039038918912410736,0.18023164570331573,0.06387768685817719,0.06375931203365326,,0.0,0.0,0.0,0.0
0.036419354379177094,0.05319167301058769,0.02500130794942379,0.16134460270404816,,0.036452945321798325,0.051466379314661026,0.02483903430402279,0.16293035447597504,,0.0,0.0,0.0,0.0
0.21996501088142395,0.02690955437719822,0.044082168489694595,0.04778096824884415,,0.2200598418712616,0.030149079859256744,0.044945381581783295,0.04215706139802933,,0.0,0.0,0.0,0.0
0.017109356820583344,0.10126078128814697,0.02515900321304798,0.029649322852492332,,0.01549001969397068,0.10526169836521149,0.026229023933410645,0.028413504362106323,,1.0,0.0,0.0,0.0
