true_r1,true_r2,true_r3,true_r4,,pred_r1,pred_r2,pred_r3,pred_r4, ,mask_r1,mask_r2,mask_r3,mask_r4
0.022617990151047707,0.04151766374707222,0.016958491876721382,0.11790380626916885,,0.022842317819595337,0.04174560308456421,0.016559969633817673,0.11736094206571579,,0.0,0.0,0.0,0.0
0.015688123181462288,0.09723427146673203,0.04192902147769928,0.019520221278071404,,0.015546542592346668,0.09751782566308975,0.04166029021143913,0.019720949232578278,,0.0,0.0,0.0,0.0
0.02103038877248764,0.04006551578640938,0.10923787206411362,0.01616670750081539,,0.02172388695180416,0.038396626710891724,0.1107204332947731,0.015626875683665276,,0.0,0.0,0.0,0.0
0.021192077547311783,0.14072619378566742,0.02564111538231373,0.041204944252967834,,0.017469648271799088,0.14278949797153473,0.02867957577109337,0.04116980358958244,,0.0,0.0,0.0,0.0
0.013527590781450272,0.0881640613079071,0.025836575776338577,0.0224022027105093,,0.014468947425484657,0.08773455023765564,0.024600232020020485,0.022474080324172974,,1.0,0.0,0.0,0.0
0.09444625675678253,0.03450116515159607,0.13723450899124146,0.029958181083202362,,0.09509193897247314,0.035782814025878906,0.1376531422138214,0.030483268201351166,,0.0,0.0,0.0,0.0
0.05074587091803551,0.02054872177541256,0.06964829564094543,0.016470592468976974,,0.05041376128792763,0.020571105182170868,0.06954417377710342,0.015925483778119087,,0.0,0.0,0.0,0.0
