true_r1,true_r2,true_r3,true_r4,,pred_r1,pred_r2,pred_r3,pred_r4, ,mask_r1,mask_r2,mask_r3,mask_r4
0.02133830077946186,0.126578688621521,0.05384845659136772,0.025252364575862885,,0.020388824865221977,0.12698447704315186,0.05447273701429367,0.02527242712676525,,0.0,0.0,0.0,0.0
0.136392742395401,0.01449582539498806,0.026589995250105858,0.026479676365852356,,0.13664627075195312,0.014303285628557205,0.02620523050427437,0.026342244818806648,,0.0,0.0,0.0,0.0
0.11111854016780853,0.016652580350637436,0.04074249789118767,0.02249053865671158,,0.11310218274593353,0.016076328232884407,0.04059545695781708,0.021661141887307167,,0.0,0.0,0.0,0.0
0.020699186250567436,0.2004212588071823,0.044987909495830536,0.03421958535909653,,0.02223680354654789,0.20051446557044983,0.04528646916151047,0.03532053530216217,,0.0,0.0,0.0,0.0
0.04050145670771599,0.033032096922397614,0.15290912985801697,0.01877305842936039,,0.03226754069328308,0.03054334782063961,0.14953221380710602,0.019663982093334198,,0.0,0.0,0.0,0.0
0.11450997740030289,0.023478908464312553,0.026254991069436073,0.05091846361756325,,0.11990374326705933,0.023684360086917877,0.02546585537493229,0.05199911445379257,,0.0,0.0,0.0,0.0
0.029533645138144493,0.024502752348780632,0.01461776252835989,0.10084371268749237,,0.02527306042611599,0.02770516462624073,0.013973922468721867,0.10158371180295944,,0.0,0.0,1.0,0.0
0.04042520746588707,0.052479665726423264,0.025552494451403618,0.15474367141723633,,0.0376887172460556,0.05279932916164398,0.025690745562314987,0.15306249260902405,,0.0,0.0,0.0,0.0
