true_r1,true_r2,true_r3,true_r4,,pred_r1,pred_r2,pred_r3,pred_r4, ,mask_r1,mask_r2,mask_r3,mask_r4
0.03210190683603287,0.0858997032046318,0.06005498766899109,0.036791518330574036,,0.030702941119670868,0.08586588501930237,0.060456592589616776,0.03649086505174637,,0.0,0.0,0.0,0.0
0.02764413319528103,0.03944234177470207,0.01847699284553528,0.12126390635967255,,0.027266528457403183,0.039826326072216034,0.018692852929234505,0.12152621895074844,,0.0,0.0,0.0,0.0
0.09558063000440598,0.01380123756825924,0.034352898597717285,0.017611121758818626,,0.09511110186576843,0.014011935330927372,0.03407014533877373,0.018916981294751167,,0.0,0.0,0.0,0.0
0.07469048351049423,0.02741185948252678,0.03197142481803894,0.05333995819091797,,0.07530595362186432,0.027157476171851158,0.032244667410850525,0.05332016572356224,,0.0,0.0,0.0,0.0
0.042898185551166534,0.031220579519867897,0.18133272230625153,0.026390856131911278,,0.04180460050702095,0.03311065956950188,0.18039017915725708,0.025007793679833412,,0.0,0.0,0.0,0.0
0.09611111134290695,0.035888854414224625,0.03274604305624962,0.13868653774261475,,0.09801357239484787,0.03459464758634567,0.03217589110136032,0.1391894370317459,,0.0,0.0,0.0,0.0
0.02552105486392975,0.02487798221409321,0.014643565751612186,0.10403971374034882,,0.026957448571920395,0.025119684636592865,0.018013395369052887,0.10231906920671463,,0.0,0.0,1.0,0.0
0.026765810325741768,0.0249097291380167,0.016224026679992676,0.10155300050973892,,0.025544660165905952,0.025174550712108612,0.011796249076724052,0.10146579146385193,,0.0,0.0,1.0,0.0
