true_r1,true_r2,true_r3,true_r4,,pred_r1,pred_r2,pred_r3,pred_r4, ,mask_r1,mask_r2,mask_r3,mask_r4
0.04836311936378479,0.03689539059996605,0.21574623882770538,0.02340477891266346,,0.04862537607550621,0.03698994964361191,0.21529659628868103,0.023151759058237076,,0.0,0.0,0.0,0.0
0.014093585312366486,0.09851472824811935,0.03458474576473236,0.018711168318986893,,0.01440565288066864,0.0996619239449501,0.03499779850244522,0.019124921411275864,,0.0,0.0,0.0,0.0
0.012256757356226444,0.08173085004091263,0.024389462545514107,0.020722929388284683,,0.01007541548460722,0.07961199432611465,0.02481565997004509,0.021267101168632507,,1.0,0.0,0.0,0.0
0.03993437439203262,0.029818251729011536,0.022784490138292313,0.12256172299385071,,0.04039488732814789,0.02878001146018505,0.02177044004201889,0.1221899464726448,,0.0,0.0,0.0,0.0
