true_r1,true_r2,true_r3,true_r4,,pred_r1,pred_r2,pred_r3,pred_r4, ,mask_r1,mask_r2,mask_r3,mask_r4
0.02634730562567711,0.021946370601654053,0.013485964387655258,0.10978718101978302,,0.02614404819905758,0.022040728479623795,0.013539735227823257,0.10989276319742203,,0.0,0.0,0.0,0.0
0.1394696682691574,0.01780853047966957,0.025693997740745544,0.04221068695187569,,0.1386808454990387,0.018031544983386993,0.025995155796408653,0.040311675518751144,,0.0,0.0,0.0,0.0
0.02530638501048088,0.04700658842921257,0.019184166565537453,0.13322454690933228,,0.02542988210916519,0.04710466414690018,0.01936984993517399,0.1325322836637497,,0.0,0.0,0.0,0.0
0.02607421763241291,0.021763451397418976,0.014111454598605633,0.08387508243322372,,0.026015866547822952,0.02203824557363987,0.014631051570177078,0.08790851384401321,,0.0,0.0,1.0,0.0
0.05167460814118385,0.018105508759617805,0.07412886619567871,0.0174662284553051,,0.05194554105401039,0.018730299547314644,0.07402627170085907,0.018483120948076248,,0.0,0.0,0.0,0.0
0.15646368265151978,0.03476747125387192,0.055431902408599854,0.05979606881737709,,0.15746979415416718,0.03342171013355255,0.055009592324495316,0.05597852170467377,,0.0,0.0,0.0,0.0
