true_r1,true_r2,true_r3,true_r4,,pred_r1,pred_r2,pred_r3,pred_r4, ,mask_r1,mask_r2,mask_r3,mask_r4
0.05529932677745819,0.09409432858228683,0.06975484639406204,0.06966429948806763,,0.055316995829343796,0.09433532506227493,0.07005806267261505,0.06967401504516602,,0.0,0.0,0.0,0.0
0.02994132786989212,0.06901202350854874,0.027076339349150658,0.10216635465621948,,0.03054714947938919,0.06847067922353745,0.026254795491695404,0.10237053036689758,,0.0,0.0,0.0,0.0
0.035338398069143295,0.04524081200361252,0.19056084752082825,0.02588481269776821,,0.0351332426071167,0.0455317460000515,0.19174054265022278,0.02387128584086895,,0.0,0.0,0.0,0.0
0.041650909930467606,0.013096334412693977,0.01284037809818983,0.055586375296115875,,0.041547682136297226,0.013878460973501205,0.0120990676805377,0.05718030780553818,,0.0,0.0,0.0,0.0
0.09723372757434845,0.015480506233870983,0.026533283293247223,0.025107581168413162,,0.09812457114458084,0.015538590960204601,0.0264913197606802,0.026253309100866318,,0.0,1.0,0.0,0.0
