true_r1,true_r2,true_r3,true_r4,,pred_r1,pred_r2,pred_r3,pred_r4, ,mask_r1,mask_r2,mask_r3,mask_r4
0.020833496004343033,0.1940494328737259,0.043509747833013535,0.033328428864479065,,0.020920097827911377,0.19367265701293945,0.043681200593709946,0.033275797963142395,,0.0,0.0,0.0,0.0
0.11536327749490738,0.024944113567471504,0.04124108701944351,0.04107493534684181,,0.11525554209947586,0.025123080238699913,0.043729837983846664,0.04041074961423874,,0.0,0.0,0.0,0.0
0.12846297025680542,0.032272979617118835,0.04861409589648247,0.04695146158337593,,0.13011805713176727,0.03263494372367859,0.050445981323719025,0.04650144279003143,,0.0,0.0,0.0,0.0
0.032796572893857956,0.04225194826722145,0.1805134415626526,0.02040727622807026,,0.032984595745801926,0.04151768609881401,0.18216297030448914,0.0193664338439703,,0.0,0.0,0.0,0.0
0.021768108010292053,0.022559326142072678,0.08805876970291138,0.01232659351080656,,0.0205793846398592,0.02329992689192295,0.08333463221788406,0.010354815982282162,,0.0,0.0,0.0,1.0
