true_r1,true_r2,true_r3,true_r4,,pred_r1,pred_r2,pred_r3,pred_r4, ,mask_r1,mask_r2,mask_r3,mask_r4
0.09233608841896057,0.012621010653674603,0.02241932600736618,0.022610872983932495,,0.0921357274055481,0.012125070206820965,0.022462282329797745,0.022881681099534035,,0.0,1.0,0.0,0.0
0.06256391853094101,0.03882167860865593,0.03227540850639343,0.09257350116968155,,0.0640953779220581,0.03896301984786987,0.035050198435783386,0.09012716263532639,,0.0,0.0,0.0,0.0
0.03994564339518547,0.058075785636901855,0.02696547657251358,0.17643089592456818,,0.041585732251405716,0.05757857486605644,0.02663627453148365,0.17737607657909393,,0.0,0.0,0.0,0.0
0.10331040620803833,0.01494368351995945,0.027053477242588997,0.025621570646762848,,0.10011054575443268,0.014009736478328705,0.023320836946368217,0.02855651266872883,,0.0,1.0,0.0,0.0
0.048694223165512085,0.0351438894867897,0.19101832807064056,0.025612344965338707,,0.049148984253406525,0.03510969504714012,0.1913781315088272,0.02634894847869873,,0.0,0.0,0.0,0.0
0.0666111409664154,0.022967780008912086,0.02319759875535965,0.09465672075748444,,0.06524983793497086,0.023326899856328964,0.020957857370376587,0.09351231902837753,,0.0,0.0,0.0,0.0
0.09385794401168823,0.021792519837617874,0.06998973339796066,0.02727363631129265,,0.09444274753332138,0.022532768547534943,0.0710197389125824,0.028637608513236046,,0.0,0.0,0.0,0.0
