true_r1,true_r2,true_r3,true_r4,,pred_r1,pred_r2,pred_r3,pred_r4, ,mask_r1,mask_r2,mask_r3,mask_r4
0.013227146118879318,0.040564507246017456,0.012575813569128513,0.05509370565414429,,0.013406184501945972,0.040882695466279984,0.012645401060581207,0.05485931783914566,,0.0,0.0,0.0,0.0
0.03589857742190361,0.05768783017992973,0.03030676767230034,0.08127690106630325,,0.035228922963142395,0.057783789932727814,0.03317895159125328,0.08188774436712265,,0.0,0.0,0.0,0.0
0.02867780067026615,0.02842392399907112,0.1142401471734047,0.018912753090262413,,0.02870449423789978,0.028414202854037285,0.11303425580263138,0.01401377934962511,,0.0,0.0,0.0,1.0
0.021168358623981476,0.021545231342315674,0.012461782433092594,0.08771068602800369,,0.02133847028017044,0.021865567192435265,0.013985036872327328,0.08792973309755325,,0.0,0.0,1.0,0.0
0.060709673911333084,0.028720039874315262,0.14143362641334534,0.024226181209087372,,0.060517385601997375,0.028995869681239128,0.141229048371315,0.024268310517072678,,0.0,0.0,0.0,0.0
