true_r1,true_r2,true_r3,true_r4,,pred_r1,pred_r2,pred_r3,pred_r4, ,mask_r1,mask_r2,mask_r3,mask_r4
0.04561624303460121,0.07779399305582047,0.0595172718167305,0.057679709047079086,,0.04662002995610237,0.07805491983890533,0.05788750201463699,0.05786459147930145,,0.0,0.0,0.0,0.0
0.015736043453216553,0.09630981832742691,0.04168928414583206,0.01938677206635475,,0.015110534615814686,0.09609176218509674,0.04137681424617767,0.019201116636395454,,0.0,0.0,0.0,0.0
0.0319850891828537,0.08142595738172531,0.03687376528978348,0.05618836358189583,,0.02984655648469925,0.08126766234636307,0.03437787666916847,0.05606018751859665,,0.0,0.0,0.0,0.0
0.10109249502420425,0.01767677627503872,0.029454795643687248,0.02632281742990017,,0.1018204391002655,0.01720583625137806,0.030972536653280258,0.026945024728775024,,0.0,1.0,0.0,0.0
0.05833980813622475,0.03349313884973526,0.16129420697689056,0.02351531572639942,,0.0582919642329216,0.03222079575061798,0.16400328278541565,0.023831970989704132,,0.0,0.0,0.0,0.0
0.02977198362350464,0.02066388726234436,0.09904847294092178,0.013673619367182255,,0.030699416995048523,0.01995738409459591,0.09650614857673645,0.012808750383555889,,0.0,0.0,0.0,0.0
