true_r1,true_r2,true_r3,true_r4,,pred_r1,pred_r2,pred_r3,pred_r4, ,mask_r1,mask_r2,mask_r3,mask_r4
0.03206171467900276,0.046180687844753265,0.022158093750476837,0.14170235395431519,,0.03180968388915062,0.046652600169181824,0.02224775403738022,0.14215748012065887,,0.0,0.0,0.0,0.0
0.07793459296226501,0.07798600196838379,0.10535456985235214,0.062742218375206,,0.07818793505430222,0.07834891229867935,0.10542158782482147,0.062443990260362625,,0.0,0.0,0.0,0.0
0.04054116830229759,0.18464691936969757,0.06572752445936203,0.06617995351552963,,0.0408426858484745,0.18398843705654144,0.0642271637916565,0.06604990363121033,,0.0,0.0,0.0,0.0
0.1405978500843048,0.021627768874168396,0.04615146294236183,0.031629301607608795,,0.14147493243217468,0.02147456258535385,0.04751994088292122,0.03405684977769852,,0.0,0.0,0.0,0.0
0.055405206978321075,0.03943532705307007,0.0793197751045227,0.03182127699255943,,0.05513586476445198,0.036664243787527084,0.08161402493715286,0.031636692583560944,,0.0,0.0,0.0,0.0
0.07937384396791458,0.020301539450883865,0.025788340717554092,0.028070855885744095,,0.08119899034500122,0.017931094393134117,0.025933198630809784,0.025132538750767708,,0.0,1.0,0.0,0.0
0.037844739854335785,0.06057918444275856,0.0454988107085228,0.045346491038799286,,0.03598261997103691,0.06407927721738815,0.04590333253145218,0.04371107742190361,,0.0,0.0,0.0,0.0
0.038337342441082,0.06506531685590744,0.026917744427919388,0.17062169313430786,,0.038008905947208405,0.06497982144355774,0.025474483147263527,0.17361177504062653,,0.0,0.0,0.0,0.0
