true_r1,true_r2,true_r3,true_r4,,pred_r1,pred_r2,pred_r3,pred_r4, ,mask_r1,mask_r2,mask_r3,mask_r4
0.05538517236709595,0.02584136091172695,0.020130183547735214,0.12804143130779266,,0.05499814823269844,0.02557617798447609,0.020316550508141518,0.12831705808639526,,0.0,0.0,0.0,0.0
0.012240626849234104,0.09439054131507874,0.018121955916285515,0.02776225283741951,,0.012473327107727528,0.09484563767910004,0.017880193889141083,0.027743805199861526,,0.0,0.0,0.0,0.0
0.09598533064126968,0.04271506145596504,0.1416710764169693,0.03607133403420448,,0.0965844988822937,0.04162551835179329,0.14180207252502441,0.03680535778403282,,0.0,0.0,0.0,0.0
0.045450638979673386,0.02292560786008835,0.01596708595752716,0.11769620329141617,,0.04004182666540146,0.025308432057499886,0.016178078949451447,0.11718404293060303,,0.0,0.0,0.0,0.0
0.027929022908210754,0.10861680656671524,0.0813523381948471,0.03130917623639107,,0.028794799000024796,0.1083083227276802,0.08015599101781845,0.029153339564800262,,0.0,0.0,0.0,0.0
0.026140043511986732,0.02563876286149025,0.014538037590682507,0.1033620536327362,,0.026310265064239502,0.025773124769330025,0.014186682179570198,0.10151932388544083,,0.0,0.0,1.0,0.0
0.18517807126045227,0.022599244490265846,0.043951090425252914,0.03364165499806404,,0.1838594377040863,0.022172844037413597,0.04465297609567642,0.034807443618774414,,0.0,0.0,0.0,0.0
