true_r1,true_r2,true_r3,true_r4,,pred_r1,pred_r2,pred_r3,pred_r4, ,mask_r1,mask_r2,mask_r3,mask_r4
0.033145833760499954,0.06158643588423729,0.1729232370853424,0.024360770359635353,,0.032766640186309814,0.06131936237215996,0.17245043814182281,0.02460024505853653,,0.0,0.0,0.0,0.0
0.05931060388684273,0.027381662279367447,0.1378277689218521,0.021938510239124298,,0.059091631323099136,0.027093570679426193,0.1376533955335617,0.022391341626644135,,0.0,0.0,0.0,0.0
0.01870802789926529,0.051872704178094864,0.01839028112590313,0.07657293975353241,,0.01841997727751732,0.052579108625650406,0.01632174476981163,0.07531473785638809,,0.0,0.0,0.0,0.0
0.02797507308423519,0.2503003776073456,0.05075325071811676,0.05020252242684364,,0.027680857107043266,0.24940899014472961,0.051682062447071075,0.05028765648603439,,0.0,0.0,0.0,0.0
0.19630753993988037,0.035431526601314545,0.06485788524150848,0.045907169580459595,,0.19469910860061646,0.036101218312978745,0.06908860802650452,0.04372979700565338,,0.0,0.0,0.0,0.0
0.04697294905781746,0.0508129820227623,0.039687104523181915,0.05950741097331047,,0.04658091813325882,0.050414539873600006,0.040191516280174255,0.06273079663515091,,0.0,0.0,0.0,0.0
0.04148710146546364,0.042491547763347626,0.05709877982735634,0.03344346955418587,,0.04385535791516304,0.04268809035420418,0.05455450341105461,0.03318781778216362,,0.0,0.0,0.0,0.0
0.028781112283468246,0.028764069080352783,0.01778392121195793,0.10972246527671814,,0.02872891165316105,0.029590245336294174,0.01682284288108349,0.1071452796459198,,0.0,0.0,1.0,0.0
