true_r1,true_r2,true_r3,true_r4,,pred_r1,pred_r2,pred_r3,pred_r4, ,mask_r1,mask_r2,mask_r3,mask_r4
0.012548994272947311,0.12217944860458374,0.028599411249160767,0.02087102271616459,,0.012896164320409298,0.12231480330228806,0.027308303862810135,0.020941179245710373,,0.0,0.0,0.0,0.0
0.1061653196811676,0.015577055513858795,0.02581840567290783,0.025958122685551643,,0.10600387305021286,0.01404575351625681,0.02585366927087307,0.02579922415316105,,0.0,1.0,0.0,0.0
0.11768042296171188,0.0252680666744709,0.02885877899825573,0.08119925856590271,,0.11698225140571594,0.02605269104242325,0.029584890231490135,0.08166461437940598,,0.0,0.0,0.0,0.0
0.030017826706171036,0.03607414290308952,0.16160917282104492,0.018038492649793625,,0.0288277305662632,0.037383973598480225,0.1618637889623642,0.016448823735117912,,0.0,0.0,0.0,0.0
0.027682673186063766,0.025610659271478653,0.017964588478207588,0.09896673262119293,,0.027433788403868675,0.022938402369618416,0.015872756019234657,0.10132881999015808,,0.0,0.0,1.0,0.0
0.03677238151431084,0.14121340215206146,0.05258932709693909,0.05320519581437111,,0.0384676419198513,0.1416001319885254,0.05338969826698303,0.0538339726626873,,0.0,0.0,0.0,0.0
0.057961516082286835,0.0328216627240181,0.15992732346057892,0.024270575493574142,,0.05695248395204544,0.0313229113817215,0.1574617475271225,0.02433381788432598,,0.0,0.0,0.0,0.0
0.05276195704936981,0.01828211545944214,0.02188420668244362,0.0685625895857811,,0.0510917529463768,0.01950669288635254,0.02036461792886257,0.06961126625537872,,0.0,0.0,0.0,0.0
