true_r1,true_r2,true_r3,true_r4,,pred_r1,pred_r2,pred_r3,pred_r4, ,mask_r1,mask_r2,mask_r3,mask_r4
0.01515893917530775,0.06915905326604843,0.01693289540708065,0.05066526681184769,,0.014924224466085434,0.06887438148260117,0.016648078337311745,0.051230184733867645,,0.0,0.0,0.0,0.0
0.03916379436850548,0.1767694503068924,0.06294898688793182,0.06532877683639526,,0.039024822413921356,0.1796371340751648,0.0626724511384964,0.06552455574274063,,0.0,0.0,0.0,0.0
0.015322144143283367,0.06890606135129929,0.01623092032968998,0.04994022101163864,,0.015393275767564774,0.06820257008075714,0.01626204513013363,0.04997028410434723,,0.0,0.0,0.0,0.0
0.022452639415860176,0.026482349261641502,0.013698283582925797,0.09233765304088593,,0.02244405634701252,0.0254766047000885,0.01481646578758955,0.09217118471860886,,0.0,0.0,1.0,0.0
