true_r1,true_r2,true_r3,true_r4,,pred_r1,pred_r2,pred_r3,pred_r4, ,mask_r1,mask_r2,mask_r3,mask_r4
0.03001299686729908,0.08363915234804153,0.03619980067014694,0.05763997137546539,,0.030112000182271004,0.08323308825492859,0.03630094230175018,0.057799577713012695,,0.0,0.0,0.0,0.0
0.09512670338153839,0.015758857131004333,0.023612674325704575,0.024754924699664116,,0.09538932144641876,0.01340432558208704,0.022311167791485786,0.022225787863135338,,0.0,1.0,0.0,0.0
0.04221470654010773,0.09427941590547562,0.14139355719089508,0.036555495113134384,,0.04337674006819725,0.09566795825958252,0.14099006354808807,0.03724211826920509,,0.0,0.0,0.0,0.0
0.10466135293245316,0.01393868401646614,0.030540136620402336,0.020301563665270805,,0.10553199797868729,0.012861605733633041,0.03177597373723984,0.019671715795993805,,0.0,0.0,0.0,0.0
