true_r1,true_r2,true_r3,true_r4,,pred_r1,pred_r2,pred_r3,pred_r4, ,mask_r1,mask_r2,mask_r3,mask_r4
0.06234270706772804,0.03334980830550194,0.17598973214626312,0.024900687858462334,,0.06239521875977516,0.03375352546572685,0.175961434841156,0.024932095780968666,,0.0,0.0,0.0,0.0
0.011503946967422962,0.08491844683885574,0.019887607544660568,0.019749943166971207,,0.012092487886548042,0.08436277508735657,0.020496925339102745,0.020474039018154144,,1.0,0.0,0.0,0.0
0.018726728856563568,0.08305114507675171,0.01968023180961609,0.06247320398688316,,0.01849030703306198,0.08407098799943924,0.019939973950386047,0.06243047118186951,,0.0,0.0,0.0,0.0
0.013894522562623024,0.08975165337324142,0.0180807001888752,0.04156339168548584,,0.013611973263323307,0.09132280200719833,0.016988001763820648,0.0380798876285553,,0.0,0.0,0.0,0.0
0.047695405781269073,0.017654696479439735,0.015300766564905643,0.06331997364759445,,0.047266583889722824,0.01820441707968712,0.015259393490850925,0.06367074698209763,,0.0,0.0,0.0,0.0
