true_r1,true_r2,true_r3,true_r4,,pred_r1,pred_r2,pred_r3,pred_r4, ,mask_r1,mask_r2,mask_r3,mask_r4
0.02297421358525753,0.022896651178598404,0.09526832401752472,0.012986495159566402,,0.023598039522767067,0.022815989330410957,0.09559395164251328,0.013594985008239746,,0.0,0.0,0.0,1.0
0.08403591066598892,0.03641809895634651,0.12517055869102478,0.03199367597699165,,0.08405955880880356,0.03633755445480347,0.12517939507961273,0.03199828788638115,,0.0,0.0,0.0,0.0
0.04505879059433937,0.12513042986392975,0.08705642074346542,0.053533509373664856,,0.04509800300002098,0.1250985711812973,0.08693815022706985,0.05357043072581291,,0.0,0.0,0.0,0.0
0.025735413655638695,0.05505642294883728,0.13015922904014587,0.01987849920988083,,0.02641143836081028,0.055453501641750336,0.12872160971164703,0.019956039264798164,,0.0,0.0,0.0,0.0
