true_r1,true_r2,true_r3,true_r4,,pred_r1,pred_r2,pred_r3,pred_r4, ,mask_r1,mask_r2,mask_r3,mask_r4
0.05961311608552933,0.05986291542649269,0.1685444712638855,0.036351267248392105,,0.06040332093834877,0.05987120047211647,0.16839177906513214,0.03621382266283035,,0.0,0.0,0.0,0.0
0.1511174589395523,0.019505349919199944,0.028153540566563606,0.043726976960897446,,0.15056553483009338,0.01934918202459812,0.02804308570921421,0.044005900621414185,,0.0,0.0,0.0,0.0
0.04771409183740616,0.015236154198646545,0.01506695058196783,0.06445249915122986,,0.04796965792775154,0.01523312833160162,0.015061602927744389,0.06395453959703445,,0.0,0.0,0.0,0.0
0.02496667578816414,0.02269802987575531,0.09307520091533661,0.013969781808555126,,0.02524098940193653,0.022395703941583633,0.09255889058113098,0.012340216897428036,,0.0,0.0,0.0,1.0
