true_r1,true_r2,true_r3,true_r4,,pred_r1,pred_r2,pred_r3,pred_r4, ,mask_r1,mask_r2,mask_r3,mask_r4
0.021822605282068253,0.09705812484025955,0.0671282485127449,0.023638660088181496,,0.021356845274567604,0.096915103495121,0.06718453019857407,0.023415524512529373,,0.0,0.0,0.0,0.0
0.02246900461614132,0.1067449077963829,0.03819601237773895,0.038032568991184235,,0.022933587431907654,0.10660146176815033,0.038111362606287,0.037042245268821716,,0.0,0.0,0.0,0.0
0.02412775531411171,0.024211199954152107,0.08992119133472443,0.012000586837530136,,0.02375386469066143,0.024794133380055428,0.09453118592500687,0.012849695049226284,,0.0,0.0,0.0,1.0
0.025454336777329445,0.1000710129737854,0.0741397961974144,0.02549062855541706,,0.026570236310362816,0.100617915391922,0.07459087669849396,0.02494416944682598,,0.0,0.0,0.0,0.0
0.1592712104320526,0.0227715652436018,0.030453406274318695,0.05797901749610901,,0.16096852719783783,0.022844094783067703,0.029293959960341454,0.05753132328391075,,0.0,0.0,0.0,0.0
0.17214538156986237,0.02594580315053463,0.034569382667541504,0.06065363064408302,,0.16851189732551575,0.026172485202550888,0.03362303599715233,0.06178304925560951,,0.0,0.0,0.0,0.0
