true_r1,true_r2,true_r3,true_r4,,pred_r1,pred_r2,pred_r3,pred_r4, ,mask_r1,mask_r2,mask_r3,mask_r4
0.011535239405930042,0.10731238126754761,0.018310682848095894,0.02447313815355301,,0.01173312682658434,0.10738743841648102,0.018582455813884735,0.024478085339069366,,0.0,0.0,0.0,0.0
0.02048356831073761,0.027200018987059593,0.11885663121938705,0.013187479227781296,,0.02034473605453968,0.027043327689170837,0.118973009288311,0.013469671830534935,,0.0,0.0,0.0,0.0
0.016430271789431572,0.0163401048630476,0.010012482292950153,0.0682886615395546,,0.016849175095558167,0.01808043010532856,0.010179590433835983,0.06830763816833496,,0.0,0.0,1.0,0.0
0.01763218268752098,0.1339930146932602,0.025879861786961555,0.03998280316591263,,0.01774875447154045,0.13502776622772217,0.02656736597418785,0.04067598655819893,,0.0,0.0,0.0,0.0
0.11113691329956055,0.03346841409802437,0.07927936315536499,0.03044883906841278,,0.10854338854551315,0.029800385236740112,0.07265646755695343,0.03011847473680973,,0.0,0.0,0.0,0.0
0.05947833135724068,0.04016764834523201,0.0853753387928009,0.03570440784096718,,0.05957525223493576,0.04061764106154442,0.0839506983757019,0.03640305623412132,,0.0,0.0,0.0,0.0
0.01655224710702896,0.12425064295530319,0.03725416585803032,0.026031315326690674,,0.01726122945547104,0.1262851506471634,0.03622790798544884,0.021686812862753868,,0.0,0.0,0.0,0.0
0.06727544218301773,0.03989658132195473,0.027238989248871803,0.18563556671142578,,0.0676959753036499,0.037543997168540955,0.029949404299259186,0.18663795292377472,,0.0,0.0,0.0,0.0
