true_r1,true_r2,true_r3,true_r4,,pred_r1,pred_r2,pred_r3,pred_r4, ,mask_r1,mask_r2,mask_r3,mask_r4
0.01842285692691803,0.018323887139558792,0.01091863214969635,0.07597816735506058,,0.018211668357253075,0.018320569768548012,0.011810543946921825,0.07575105130672455,,0.0,0.0,1.0,0.0
0.06346751749515533,0.020549733191728592,0.08542223274707794,0.01897924579679966,,0.06389190256595612,0.020827271044254303,0.08566131442785263,0.019042594358325005,,0.0,0.0,0.0,0.0
0.06356198340654373,0.02153482660651207,0.08353250473737717,0.01892721839249134,,0.062136974185705185,0.020445536822080612,0.08399198204278946,0.01848583295941353,,0.0,0.0,0.0,0.0
0.08511148393154144,0.01007216889411211,0.020726580172777176,0.017302285879850388,,0.08494190126657486,0.011258258484303951,0.02226717211306095,0.017280686646699905,,0.0,0.0,0.0,0.0
0.01464263629168272,0.1450483798980713,0.03037511743605137,0.03310073912143707,,0.01599540188908577,0.14415302872657776,0.02800142392516136,0.03237985819578171,,0.0,0.0,0.0,0.0
0.013343369588255882,0.08893240243196487,0.022699493914842606,0.01820892095565796,,0.01262824796140194,0.0886901244521141,0.02268976904451847,0.018405340611934662,,0.0,0.0,0.0,0.0
0.024401593953371048,0.0680270865559578,0.09069234132766724,0.02090662159025669,,0.0244296882301569,0.06684287637472153,0.0893372893333435,0.02108442597091198,,0.0,0.0,0.0,0.0
