true_r1,true_r2,true_r3,true_r4,,pred_r1,pred_r2,pred_r3,pred_r4, ,mask_r1,mask_r2,mask_r3,mask_r4
0.14903415739536285,0.038161490112543106,0.09994564205408096,0.04342402145266533,,0.14801858365535736,0.03779423236846924,0.09980862587690353,0.04268152266740799,,0.0,0.0,0.0,0.0
0.021515626460313797,0.02101237326860428,0.012096311897039413,0.08794538676738739,,0.021761110052466393,0.02090633288025856,0.013263562694191933,0.08824042230844498,,0.0,0.0,1.0,0.0
0.0822177603840828,0.021200139075517654,0.025402884930372238,0.05443192273378372,,0.08422224968671799,0.02122972346842289,0.02414778433740139,0.05665450543165207,,0.0,0.0,0.0,0.0
0.06003762409090996,0.058045681565999985,0.035984549671411514,0.16123901307582855,,0.058948006480932236,0.05776835232973099,0.035715121775865555,0.16338062286376953,,0.0,0.0,0.0,0.0
