true_r1,true_r2,true_r3,true_r4,,pred_r1,pred_r2,pred_r3,pred_r4, ,mask_r1,mask_r2,mask_r3,mask_r4
0.02076837606728077,0.020526761189103127,0.08443416655063629,0.011763152666389942,,0.02009873278439045,0.020338160917162895,0.0839051678776741,0.0115171754732728,,0.0,0.0,0.0,1.0
0.059471871703863144,0.01867586560547352,0.08218792080879211,0.01815243996679783,,0.05908767879009247,0.019582895562052727,0.08306295424699783,0.018167806789278984,,0.0,0.0,0.0,0.0
0.0382528118789196,0.037882909178733826,0.18799129128456116,0.021711504086852074,,0.03945364058017731,0.03800078108906746,0.18759660422801971,0.021118005737662315,,0.0,0.0,0.0,0.0
0.07854265719652176,0.012846683152019978,0.01710478402674198,0.033484239131212234,,0.07840456068515778,0.012086434289813042,0.017062760889530182,0.033355917781591415,,0.0,0.0,0.0,0.0
