true_r1,true_r2,true_r3,true_r4,,pred_r1,pred_r2,pred_r3,pred_r4, ,mask_r1,mask_r2,mask_r3,mask_r4
0.021748296916484833,0.02145501598715782,0.08930211514234543,0.01205515582114458,,0.020492304116487503,0.02150372602045536,0.0907815471291542,0.01171918772161007,,0.0,0.0,0.0,1.0
0.20732563734054565,0.031857505440711975,0.06836026906967163,0.046768441796302795,,0.20755735039710999,0.03189995139837265,0.06764793395996094,0.047315564006567,,0.0,0.0,0.0,0.0
0.03558504953980446,0.03656170889735222,0.18592005968093872,0.020288938656449318,,0.037689510732889175,0.035996612161397934,0.1883130669593811,0.01928712986409664,,0.0,0.0,0.0,0.0
0.027667002752423286,0.045447103679180145,0.017882568761706352,0.10959620028734207,,0.024870317429304123,0.04612370952963829,0.017432628199458122,0.1100258156657219,,0.0,0.0,0.0,0.0
0.09703406691551208,0.01411452703177929,0.027120986953377724,0.024900982156395912,,0.09910047054290771,0.01568124257028103,0.026827115565538406,0.025600038468837738,,0.0,1.0,0.0,0.0
0.020799893885850906,0.030776049941778183,0.016568390652537346,0.10138648748397827,,0.020514896139502525,0.029797319322824478,0.014408069662749767,0.10051450878381729,,0.0,0.0,0.0,0.0
0.19314539432525635,0.02982289157807827,0.06361900269985199,0.045519910752773285,,0.1887405812740326,0.02994207665324211,0.06367669254541397,0.045161906629800797,,0.0,0.0,0.0,0.0
