true_r1,true_r2,true_r3,true_r4,,pred_r1,pred_r2,pred_r3,pred_r4, ,mask_r1,mask_r2,mask_r3,mask_r4
0.0242655910551548,0.018273504450917244,0.10784870386123657,0.011623016558587551,,0.02409982495009899,0.018963927403092384,0.10818134248256683,0.011717598885297775,,0.0,0.0,0.0,0.0
0.03424471989274025,0.06374125182628632,0.17818526923656464,0.02513219602406025,,0.03419457748532295,0.06356212496757507,0.17765472829341888,0.02526390366256237,,0.0,0.0,0.0,0.0
0.02199743315577507,0.06286025047302246,0.02168019488453865,0.09045159816741943,,0.02197982743382454,0.06186245009303093,0.018734745681285858,0.09074144810438156,,0.0,0.0,0.0,0.0
0.02465997077524662,0.03735926374793053,0.11872103810310364,0.016209814697504044,,0.023190241307020187,0.04379451274871826,0.11586706340312958,0.01803753897547722,,0.0,0.0,0.0,0.0
0.025216612964868546,0.04527585580945015,0.12160490453243256,0.019956819713115692,,0.024211330339312553,0.04584016278386116,0.12370818853378296,0.018652724102139473,,0.0,0.0,0.0,0.0
0.08020836114883423,0.02000737562775612,0.053635112941265106,0.021244803443551064,,0.08105485886335373,0.01852261833846569,0.05701714754104614,0.019995667040348053,,0.0,0.0,0.0,0.0
0.015232467092573643,0.09638036042451859,0.027694234624505043,0.02314232476055622,,0.015156119130551815,0.0954124704003334,0.02928200736641884,0.024840638041496277,,1.0,0.0,0.0,0.0
