true_r1,true_r2,true_r3,true_r4,,pred_r1,pred_r2,pred_r3,pred_r4, ,mask_r1,mask_r2,mask_r3,mask_r4
0.02214239351451397,0.021959640085697174,0.09325066953897476,0.013127375394105911,,0.02259310893714428,0.022193022072315216,0.09353920072317123,0.012900259345769882,,0.0,0.0,0.0,1.0
0.03276015445590019,0.055966682732105255,0.04134686663746834,0.04211607947945595,,0.032559335231781006,0.055036693811416626,0.04199187830090523,0.04191203787922859,,0.0,0.0,0.0,0.0
0.014950800687074661,0.04223357141017914,0.01359208207577467,0.05607712268829346,,0.014027186669409275,0.04241793230175972,0.012959732674062252,0.05644308775663376,,0.0,0.0,0.0,0.0
0.03726841136813164,0.051713891327381134,0.21535493433475494,0.02519392967224121,,0.03799664229154587,0.057167451828718185,0.2140519917011261,0.02934139221906662,,0.0,0.0,0.0,0.0
0.023832105100154877,0.10057420283555984,0.028282592073082924,0.0727735087275505,,0.025722645223140717,0.10079479962587357,0.02795545943081379,0.0719083920121193,,0.0,0.0,0.0,0.0
0.054356273263692856,0.05434956029057503,0.041925862431526184,0.07224845886230469,,0.053538233041763306,0.052697598934173584,0.04248928278684616,0.07095221430063248,,0.0,0.0,0.0,0.0
0.06542832404375076,0.031419284641742706,0.028063591569662094,0.09749098122119904,,0.06545288860797882,0.03151573985815048,0.02694111317396164,0.09855979681015015,,0.0,0.0,0.0,0.0
