true_r1,true_r2,true_r3,true_r4,,pred_r1,pred_r2,pred_r3,pred_r4, ,mask_r1,mask_r2,mask_r3,mask_r4
0.011660730466246605,0.09041213244199753,0.022125834599137306,0.01822659745812416,,0.010856952518224716,0.0900035947561264,0.02210068516433239,0.018007362261414528,,0.0,0.0,0.0,0.0
0.02102709375321865,0.14771422743797302,0.028510529547929764,0.05275852978229523,,0.02098378911614418,0.14818480610847473,0.027935389429330826,0.05250267684459686,,0.0,0.0,0.0,0.0
0.13505277037620544,0.019811805337667465,0.048144612461328506,0.025991171598434448,,0.1339452564716339,0.01932678371667862,0.04816008359193802,0.026234298944473267,,0.0,0.0,0.0,0.0
0.029751932248473167,0.0516996905207634,0.1485413759946823,0.021657010540366173,,0.032124701887369156,0.05345636606216431,0.14726193249225616,0.020368140190839767,,0.0,0.0,0.0,0.0
0.08810693025588989,0.016449308022856712,0.027196792885661125,0.024058476090431213,,0.08846401423215866,0.015192379243671894,0.0256588626652956,0.023892709985375404,,0.0,1.0,0.0,0.0
0.058524489402770996,0.02699238248169422,0.02182636596262455,0.0872197300195694,,0.06063327565789223,0.027563320472836494,0.024208541959524155,0.08748534321784973,,0.0,0.0,0.0,0.0
0.03307231888175011,0.03125591203570366,0.1516699194908142,0.01861267350614071,,0.03145195543766022,0.03194880485534668,0.15270671248435974,0.018083523958921432,,0.0,0.0,0.0,0.0
