true_r1,true_r2,true_r3,true_r4,,pred_r1,pred_r2,pred_r3,pred_r4, ,mask_r1,mask_r2,mask_r3,mask_r4
0.04729977622628212,0.02307812310755253,0.017192648723721504,0.10940153151750565,,0.04749612510204315,0.023332741111516953,0.017636334523558617,0.11011255532503128,,0.0,0.0,0.0,0.0
0.022602003067731857,0.0679086372256279,0.02072075754404068,0.09300921857357025,,0.023014526814222336,0.06886663287878036,0.02031676098704338,0.0918024331331253,,0.0,0.0,0.0,0.0
0.10421960800886154,0.013082174584269524,0.019967881962656975,0.025080440565943718,,0.10359559208154678,0.013832484371960163,0.02199069783091545,0.024631649255752563,,0.0,0.0,0.0,0.0
0.015768205747008324,0.09808237105607986,0.04195282235741615,0.020383883267641068,,0.015072861686348915,0.09765660017728806,0.04173965007066727,0.021029245108366013,,0.0,0.0,0.0,0.0
0.01563837379217148,0.024021027609705925,0.07308319956064224,0.01288201566785574,,0.020377732813358307,0.018792705610394478,0.07034728676080704,0.0129591329023242,,0.0,0.0,0.0,1.0
0.052298687398433685,0.0523226223886013,0.03371010348200798,0.13269443809986115,,0.05179606378078461,0.05176433548331261,0.03139694407582283,0.13157378137111664,,0.0,0.0,0.0,0.0
0.04135306179523468,0.18302688002586365,0.06739945709705353,0.0665014460682869,,0.041810713708400726,0.1838332861661911,0.06780866533517838,0.06666871160268784,,0.0,0.0,0.0,0.0
0.08863265812397003,0.03815847635269165,0.12783697247505188,0.03197239339351654,,0.08965428918600082,0.03578145429491997,0.1284836083650589,0.0321272537112236,,0.0,0.0,0.0,0.0
