true_r1,true_r2,true_r3,true_r4,,pred_r1,pred_r2,pred_r3,pred_r4, ,mask_r1,mask_r2,mask_r3,mask_r4
0.02016190066933632,0.17787756025791168,0.035543836653232574,0.03606248274445534,,0.02009553089737892,0.17831763625144958,0.03545917198061943,0.03626769408583641,,0.0,0.0,0.0,0.0
0.09769397228956223,0.014750865288078785,0.02405443787574768,0.022333331406116486,,0.09901764243841171,0.01379779540002346,0.023937229067087173,0.02253606729209423,,0.0,1.0,0.0,0.0
0.14386086165905,0.033025313168764114,0.03672350198030472,0.09954513609409332,,0.14156366884708405,0.032676372677087784,0.036829154938459396,0.09893254190683365,,0.0,0.0,0.0,0.0
0.018932219594717026,0.0211778711527586,0.07230061292648315,0.011023081839084625,,0.02103373222053051,0.020092885941267014,0.07240478694438934,0.007525187451392412,,0.0,0.0,0.0,1.0
