true_r1,true_r2,true_r3,true_r4,,pred_r1,pred_r2,pred_r3,pred_r4, ,mask_r1,mask_r2,mask_r3,mask_r4
0.08500931411981583,0.011117496527731419,0.0248964074999094,0.015943756327033043,,0.08589863777160645,0.011174623854458332,0.024860724806785583,0.016373710706830025,,0.0,0.0,0.0,0.0
0.055904556065797806,0.056264545768499374,0.15752169489860535,0.03467513993382454,,0.05714685097336769,0.056556880474090576,0.15875302255153656,0.03483578935265541,,0.0,0.0,0.0,0.0
0.046414658427238464,0.03508496284484863,0.02151111327111721,0.20047247409820557,,0.04566476121544838,0.03442150354385376,0.02257329225540161,0.20168128609657288,,0.0,0.0,0.0,0.0
0.019418878480792046,0.018520379438996315,0.017387209460139275,0.07842100411653519,,0.019490806385874748,0.019462836906313896,0.014377167448401451,0.07831686735153198,,0.0,0.0,1.0,0.0
0.03644690290093422,0.02720676362514496,0.1568746566772461,0.020571989938616753,,0.036750856786966324,0.027297399938106537,0.15603967010974884,0.017976341769099236,,0.0,0.0,0.0,0.0
0.06425323337316513,0.06358446180820465,0.05290624126791954,0.08632609248161316,,0.0635557696223259,0.06449318677186966,0.05426318943500519,0.08705409616231918,,0.0,0.0,0.0,0.0
