true_r1,true_r2,true_r3,true_r4,,pred_r1,pred_r2,pred_r3,pred_r4, ,mask_r1,mask_r2,mask_r3,mask_r4
0.01909029111266136,0.15199309587478638,0.04411357641220093,0.02842818573117256,,0.01921262964606285,0.15125583112239838,0.04359804838895798,0.02833234705030918,,0.0,0.0,0.0,0.0
0.026834454387426376,0.026556439697742462,0.1325884610414505,0.01577901281416416,,0.026699410751461983,0.026334544643759727,0.13295045495033264,0.014892581850290298,,0.0,0.0,0.0,0.0
0.020785288885235786,0.08213171362876892,0.023571068421006203,0.05491461977362633,,0.021296489983797073,0.08081861585378647,0.023882567882537842,0.05412453040480614,,0.0,0.0,0.0,0.0
0.01597343198955059,0.15278403460979462,0.034830737859010696,0.029012521728873253,,0.015261692926287651,0.15627364814281464,0.02896166406571865,0.030051078647375107,,0.0,0.0,0.0,0.0
0.07233068346977234,0.030746454373002052,0.02797715924680233,0.1048995777964592,,0.07175575941801071,0.030325360596179962,0.027566099539399147,0.10381049662828445,,0.0,0.0,0.0,0.0
0.09515459835529327,0.056991394609212875,0.06973825395107269,0.0704178512096405,,0.09591401368379593,0.057385414838790894,0.07085485756397247,0.0724186822772026,,0.0,0.0,0.0,0.0
0.0240908432751894,0.02463509328663349,0.014663144014775753,0.09355752915143967,,0.024950308725237846,0.02415153943002224,0.013952942565083504,0.09463200718164444,,0.0,0.0,1.0,0.0
