true_r1,true_r2,true_r3,true_r4,,pred_r1,pred_r2,pred_r3,pred_r4, ,mask_r1,mask_r2,mask_r3,mask_r4
0.03108302876353264,0.045031867921352386,0.021381819620728493,0.13802343606948853,,0.030884645879268646,0.04495755583047867,0.021839872002601624,0.13833890855312347,,0.0,0.0,0.0,0.0
0.03832261264324188,0.021175233647227287,0.11045095324516296,0.016113700345158577,,0.04042888432741165,0.022429209202528,0.11048239469528198,0.016129182651638985,,0.0,0.0,0.0,0.0
0.049316201359033585,0.07034274190664291,0.2171289622783661,0.0339309386909008,,0.04999623820185661,0.07015983015298843,0.21468393504619598,0.03359798341989517,,0.0,0.0,0.0,0.0
0.16435547173023224,0.027647141367197037,0.056977882981300354,0.03794611245393753,,0.16252008080482483,0.027328919619321823,0.05803706869482994,0.03723319247364998,,0.0,0.0,0.0,0.0
0.019701922312378883,0.017060132697224617,0.06686786562204361,0.012559326365590096,,0.018867893144488335,0.017304962500929832,0.06709600239992142,0.011758025735616684,,0.0,0.0,0.0,1.0
0.05719881132245064,0.03479117900133133,0.029160847887396812,0.0821644589304924,,0.056270960718393326,0.034391406923532486,0.029819490388035774,0.08177044987678528,,0.0,0.0,0.0,0.0
