true_r1,true_r2,true_r3,true_r4,,pred_r1,pred_r2,pred_r3,pred_r4, ,mask_r1,mask_r2,mask_r3,mask_r4
0.02414235658943653,0.029588425531983376,0.014958618208765984,0.12074404209852219,,0.0239974744617939,0.02944641001522541,0.014924096874892712,0.12072298675775528,,0.0,0.0,0.0,0.0
0.024460192769765854,0.02434241957962513,0.013589836657047272,0.09914244711399078,,0.023844599723815918,0.023934051394462585,0.014063207432627678,0.10076914727687836,,0.0,0.0,1.0,0.0
0.029637504369020462,0.03995468094944954,0.11810387670993805,0.02469709888100624,,0.02801273576915264,0.04007500782608986,0.1179899051785469,0.022590715438127518,,0.0,0.0,0.0,0.0
0.030768100172281265,0.04860991612076759,0.02681240439414978,0.07354655861854553,,0.0313199907541275,0.049681734293699265,0.026270871981978416,0.07144825905561447,,0.0,0.0,0.0,0.0
0.12314952164888382,0.018605617806315422,0.04430987685918808,0.02487838827073574,,0.1250922679901123,0.019123123958706856,0.04483247175812721,0.026753997430205345,,0.0,0.0,0.0,0.0
