true_r1,true_r2,true_r3,true_r4,,pred_r1,pred_r2,pred_r3,pred_r4, ,mask_r1,mask_r2,mask_r3,mask_r4
0.04015185311436653,0.026272278279066086,0.0172900203615427,0.13862474262714386,,0.040934450924396515,0.02677454799413681,0.017668219283223152,0.13852988183498383,,0.0,0.0,0.0,0.0
0.04059784114360809,0.04021104797720909,0.032898224890232086,0.05490470677614212,,0.040475163608789444,0.04020963981747627,0.032646626234054565,0.05508111044764519,,0.0,0.0,0.0,0.0
0.01756972260773182,0.07613984495401382,0.017868531867861748,0.05691041052341461,,0.01784859038889408,0.07644012570381165,0.018312716856598854,0.05689606815576553,,0.0,0.0,0.0,0.0
0.06015843152999878,0.09643876552581787,0.13678637146949768,0.049669671803712845,,0.0607745498418808,0.09595469385385513,0.1365259289741516,0.04872870072722435,,0.0,0.0,0.0,0.0
0.13184617459774017,0.03626661375164986,0.09057717770338058,0.04124249517917633,,0.13057896494865417,0.036364853382110596,0.091335728764534,0.041685689240694046,,0.0,0.0,0.0,0.0
0.060180723667144775,0.02718801610171795,0.08573277294635773,0.02598327398300171,,0.0610305555164814,0.0268426351249218,0.0857086032629013,0.02647596038877964,,0.0,0.0,0.0,0.0
0.023712314665317535,0.02270215004682541,0.014619898982346058,0.08746302872896194,,0.020641494542360306,0.022339213639497757,0.01453071553260088,0.08809640258550644,,0.0,0.0,1.0,0.0
0.024901732802391052,0.15442244708538055,0.03714221343398094,0.05269395187497139,,0.025112846866250038,0.15590132772922516,0.03794645890593529,0.05302805081009865,,0.0,0.0,0.0,0.0
