true_r1,true_r2,true_r3,true_r4,,pred_r1,pred_r2,pred_r3,pred_r4, ,mask_r1,mask_r2,mask_r3,mask_r4
0.01646232046186924,0.15091031789779663,0.025882810354232788,0.03376505896449089,,0.01643458567559719,0.15054893493652344,0.025897230952978134,0.03395532816648483,,0.0,0.0,0.0,0.0
0.08978511393070221,0.02068025805056095,0.02168216183781624,0.06670092046260834,,0.08996197581291199,0.02076507918536663,0.021740462630987167,0.06665179878473282,,0.0,0.0,0.0,0.0
0.010226639918982983,0.07029715180397034,0.01663779281079769,0.016710663214325905,,0.01111062616109848,0.06937473267316818,0.016523102298378944,0.016988428309559822,,1.0,0.0,0.0,0.0
0.016044165939092636,0.11834065616130829,0.029804203659296036,0.02594384364783764,,0.0167958065867424,0.12032508105039597,0.029386987909674644,0.025649886578321457,,0.0,0.0,0.0,0.0
