true_r1,true_r2,true_r3,true_r4,,pred_r1,pred_r2,pred_r3,pred_r4, ,mask_r1,mask_r2,mask_r3,mask_r4
0.014893940649926662,0.12108421325683594,0.03014875389635563,0.024072924628853798,,0.014856692403554916,0.12094224989414215,0.029374822974205017,0.024275828152894974,,0.0,0.0,0.0,0.0
0.020835570991039276,0.020400885492563248,0.08756822347640991,0.010769001208245754,,0.021091628819704056,0.018169570714235306,0.08765331655740738,0.010903124697506428,,0.0,0.0,0.0,0.0
0.02187362127006054,0.19547469913959503,0.040212418884038925,0.04000766947865486,,0.02203533984720707,0.19614560902118683,0.03960370272397995,0.039535149931907654,,0.0,0.0,0.0,0.0
0.04106580838561058,0.027183638885617256,0.09246136993169785,0.017479008063673973,,0.04057154059410095,0.022687524557113647,0.09421318024396896,0.015909701585769653,,0.0,0.0,0.0,0.0
0.014526385813951492,0.10084390640258789,0.02708020620048046,0.02634676732122898,,0.015043001621961594,0.10154727101325989,0.026974568143486977,0.027261333540081978,,1.0,0.0,0.0,0.0
0.02924754098057747,0.04549799859523773,0.019722692668437958,0.15219128131866455,,0.028356365859508514,0.04459729790687561,0.019547628238797188,0.1513379067182541,,0.0,0.0,0.0,0.0
