true_r1,true_r2,true_r3,true_r4,,pred_r1,pred_r2,pred_r3,pred_r4, ,mask_r1,mask_r2,mask_r3,mask_r4
0.012769050896167755,0.08640670031309128,0.02099129557609558,0.021436365321278572,,0.012364525347948074,0.08573651313781738,0.02234642766416073,0.022030409425497055,,1.0,0.0,0.0,0.0
0.1696006804704666,0.027517858892679214,0.03957883641123772,0.055750682950019836,,0.16768665611743927,0.027699189260601997,0.03930727019906044,0.055257223546504974,,0.0,0.0,0.0,0.0
0.05467212572693825,0.054095398634672165,0.07266686111688614,0.04265022277832031,,0.05487082526087761,0.053561981767416,0.07262852787971497,0.04225654527544975,,0.0,0.0,0.0,0.0
0.09844670444726944,0.022248119115829468,0.07113499194383621,0.023306483402848244,,0.09839098155498505,0.021894780918955803,0.07116994261741638,0.024220995604991913,,0.0,0.0,0.0,0.0
