true_r1,true_r2,true_r3,true_r4,,pred_r1,pred_r2,pred_r3,pred_r4, ,mask_r1,mask_r2,mask_r3,mask_r4
0.15300586819648743,0.016851767897605896,0.034150756895542145,0.026216652244329453,,0.1524655967950821,0.016959907487034798,0.03485032171010971,0.02612556330859661,,0.0,0.0,0.0,0.0
0.03189816698431969,0.20929017663002014,0.0682448074221611,0.047029390931129456,,0.032776109874248505,0.2089339643716812,0.06801334023475647,0.04701864719390869,,0.0,0.0,0.0,0.0
0.05589018389582634,0.01256769709289074,0.04096932336688042,0.013566050678491592,,0.05639800429344177,0.012402836233377457,0.04184509441256523,0.01369501743465662,,0.0,0.0,0.0,0.0
0.12773339450359344,0.012686723843216896,0.029267800971865654,0.021871183067560196,,0.12560124695301056,0.014400698244571686,0.028545700013637543,0.021966712549328804,,0.0,0.0,0.0,0.0
0.01306750625371933,0.06763869524002075,0.017412737011909485,0.016822507604956627,,0.012142656370997429,0.0666823461651802,0.01760639064013958,0.016331380233168602,,1.0,0.0,0.0,0.0
