true_r1,true_r2,true_r3,true_r4,,pred_r1,pred_r2,pred_r3,pred_r4, ,mask_r1,mask_r2,mask_r3,mask_r4
0.0937609151005745,0.020649509504437447,0.0689111053943634,0.022459641098976135,,0.09298355877399445,0.020643483847379684,0.06885867565870285,0.02264385297894478,,0.0,0.0,0.0,0.0
0.12200890481472015,0.027153262868523598,0.02970154583454132,0.08439621329307556,,0.1232244148850441,0.02696141041815281,0.03007989004254341,0.08563987165689468,,0.0,0.0,0.0,0.0
0.029484033584594727,0.028376976028084755,0.015849322080612183,0.14979976415634155,,0.0296478271484375,0.029080506414175034,0.015888120979070663,0.15035201609134674,,0.0,0.0,0.0,0.0
0.01556570827960968,0.07226935029029846,0.018762513995170593,0.021926065906882286,,0.014055010862648487,0.07335153222084045,0.019277339801192284,0.02121778391301632,,1.0,0.0,0.0,0.0
0.15471835434436798,0.017929906025528908,0.030765866860747337,0.03239911049604416,,0.1513935923576355,0.016591878607869148,0.030608559027314186,0.03015478141605854,,0.0,0.0,0.0,0.0
