true_r1,true_r2,true_r3,true_r4,,pred_r1,pred_r2,pred_r3,pred_r4, ,mask_r1,mask_r2,mask_r3,mask_r4
0.07174578309059143,0.030525749549269676,0.027073515579104424,0.10533876717090607,,0.0708780586719513,0.0302748903632164,0.026770737022161484,0.10528789460659027,,0.0,0.0,0.0,0.0
0.0930081456899643,0.012809994630515575,0.02236870862543583,0.022440362721681595,,0.09384957700967789,0.013136589899659157,0.02299734577536583,0.02241518162190914,,0.0,1.0,0.0,0.0
0.12647315859794617,0.0448610745370388,0.05393030866980553,0.08684872090816498,,0.12498880177736282,0.04534970223903656,0.0540369376540184,0.08783756196498871,,0.0,0.0,0.0,0.0
0.03043714165687561,0.022758327424526215,0.1344328075647354,0.015781598165631294,,0.030368413776159286,0.02192573808133602,0.1340780258178711,0.01506636943668127,,0.0,0.0,0.0,0.0
0.0651375874876976,0.02548125758767128,0.0895104706287384,0.017948782071471214,,0.06688554584980011,0.02375103160738945,0.09113188832998276,0.02509426511824131,,0.0,0.0,0.0,0.0
0.016986355185508728,0.08786261081695557,0.025565514340996742,0.022727016359567642,,0.020385000854730606,0.08758597820997238,0.026538509875535965,0.022984841838479042,,0.0,0.0,0.0,0.0
0.018492594361305237,0.09839882701635361,0.02091245912015438,0.04418639838695526,,0.016840821132063866,0.09638215601444244,0.01858299970626831,0.04163408279418945,,0.0,0.0,0.0,0.0
0.058700330555438995,0.04069314897060394,0.028517084196209908,0.1694447100162506,,0.05732689052820206,0.041229188442230225,0.027664657682180405,0.16758127510547638,,0.0,0.0,0.0,0.0
