true_r1,true_r2,true_r3,true_r4,,pred_r1,pred_r2,pred_r3,pred_r4, ,mask_r1,mask_r2,mask_r3,mask_r4
0.03736000135540962,0.028223445639014244,0.01802719384431839,0.16365569829940796,,0.037281543016433716,0.028100956231355667,0.01744367554783821,0.16436049342155457,,0.0,0.0,0.0,0.0
0.10448649525642395,0.013804384507238865,0.030484609305858612,0.019359301775693893,,0.10528616607189178,0.013417569920420647,0.030727358534932137,0.019594822078943253,,0.0,0.0,0.0,0.0
0.03740699961781502,0.029337266460061073,0.16833052039146423,0.01871076039969921,,0.03796837106347084,0.029411884024739265,0.16883081197738647,0.018781138584017754,,0.0,0.0,0.0,0.0
0.02661041170358658,0.15943863987922668,0.033144261687994,0.05748308077454567,,0.02116946317255497,0.15713727474212646,0.03325303643941879,0.05390230193734169,,0.0,0.0,0.0,0.0
0.017311856150627136,0.08035378158092499,0.02633272111415863,0.021673988550901413,,0.014859408140182495,0.08052323013544083,0.025321118533611298,0.02281637117266655,,1.0,0.0,0.0,0.0
0.1686946302652359,0.018629414960741997,0.034291066229343414,0.03421342000365257,,0.16896364092826843,0.020404675975441933,0.03441817685961723,0.03401947394013405,,0.0,0.0,0.0,0.0
0.05823589861392975,0.022017203271389008,0.08108938485383987,0.019014008343219757,,0.05910753831267357,0.021774979308247566,0.08126931637525558,0.019725216552615166,,0.0,0.0,0.0,0.0
