true_r1,true_r2,true_r3,true_r4,,pred_r1,pred_r2,pred_r3,pred_r4, ,mask_r1,mask_r2,mask_r3,mask_r4
0.15206216275691986,0.01644827611744404,0.025981275364756584,0.03436312824487686,,0.15349121391773224,0.016403350979089737,0.026034869253635406,0.034527093172073364,,0.0,0.0,0.0,0.0
0.11886575073003769,0.042494211345911026,0.051137570291757584,0.0816725641489029,,0.11843741685152054,0.04251402989029884,0.05065742880105972,0.08210835605859756,,0.0,0.0,0.0,0.0
0.07767678052186966,0.033906254917383194,0.11510918289422989,0.029842251911759377,,0.07739099115133286,0.033889271318912506,0.11492396146059036,0.029932217672467232,,0.0,0.0,0.0,0.0
0.07857690006494522,0.03380439057946205,0.11420523375272751,0.02856980822980404,,0.07595144957304001,0.03244919702410698,0.111976258456707,0.028790010139346123,,0.0,0.0,0.0,0.0
0.08424250036478043,0.01445744652301073,0.04335833340883255,0.01837894134223461,,0.08783519268035889,0.015720559284090996,0.04101387783885002,0.018611473962664604,,0.0,0.0,0.0,0.0
0.02745608240365982,0.02313690446317196,0.08903763443231583,0.015126918442547321,,0.02593221329152584,0.022462615743279457,0.08735432475805283,0.014930369332432747,,0.0,0.0,0.0,1.0
0.06519819051027298,0.06075119227170944,0.04885165020823479,0.08363351970911026,,0.06478093564510345,0.06194089725613594,0.0510091558098793,0.08355244994163513,,0.0,0.0,0.0,0.0
