true_r1,true_r2,true_r3,true_r4,,pred_r1,pred_r2,pred_r3,pred_r4, ,mask_r1,mask_r2,mask_r3,mask_r4
0.016555791720747948,0.12995247542858124,0.037997517734766006,0.023979391902685165,,0.016660096123814583,0.1299411803483963,0.038046710193157196,0.02405105158686638,,0.0,0.0,0.0,0.0
0.09338169544935226,0.0129175940528512,0.02257354184985161,0.022454364225268364,,0.09390653669834137,0.013010021299123764,0.022477013990283012,0.022484343498945236,,0.0,1.0,0.0,0.0
0.0737188458442688,0.010252915322780609,0.01821751892566681,0.01770676299929619,,0.07513010501861572,0.011178162880241871,0.01769416034221649,0.017614860087633133,,0.0,1.0,0.0,0.0
0.16510677337646484,0.0241667740046978,0.058266788721084595,0.031010225415229797,,0.16188624501228333,0.02437759004533291,0.05814424529671669,0.03163731470704079,,0.0,0.0,0.0,0.0
0.03931169584393501,0.14905455708503723,0.10066048055887222,0.04417334124445915,,0.04108995571732521,0.14830365777015686,0.0998784750699997,0.04367616027593613,,0.0,0.0,0.0,0.0
