true_r1,true_r2,true_r3,true_r4,,pred_r1,pred_r2,pred_r3,pred_r4, ,mask_r1,mask_r2,mask_r3,mask_r4
0.025912955403327942,0.019983328878879547,0.012571924366056919,0.11673332005739212,,0.026146071031689644,0.020138584077358246,0.012945009395480156,0.11704591661691666,,0.0,0.0,0.0,0.0
0.03588464483618736,0.046599943190813065,0.20690955221652985,0.022209517657756805,,0.03581402450799942,0.04661940783262253,0.20720838010311127,0.022540995851159096,,0.0,0.0,0.0,0.0
0.05072544887661934,0.017895355820655823,0.016308574005961418,0.07312062382698059,,0.049960240721702576,0.017599336802959442,0.01533686276525259,0.07388709485530853,,0.0,0.0,0.0,0.0
0.1257716417312622,0.015063239261507988,0.025971975177526474,0.026264697313308716,,0.12725694477558136,0.015529073774814606,0.027760954573750496,0.02948399819433689,,0.0,0.0,0.0,0.0
0.026181917637586594,0.025375954806804657,0.019333597272634506,0.10512587428092957,,0.025667455047369003,0.025520285591483116,0.018154555931687355,0.10415424406528473,,0.0,0.0,1.0,0.0
0.016997091472148895,0.03463227301836014,0.012615323066711426,0.08188478648662567,,0.016948513686656952,0.03407719358801842,0.014023015275597572,0.07891223579645157,,0.0,0.0,0.0,0.0
0.04329739883542061,0.031699154525995255,0.02343437448143959,0.1772019863128662,,0.042584143579006195,0.03209256753325462,0.020933188498020172,0.1801440566778183,,0.0,0.0,0.0,0.0
