true_r1,true_r2,true_r3,true_r4,,pred_r1,pred_r2,pred_r3,pred_r4, ,mask_r1,mask_r2,mask_r3,mask_r4
0.10790834575891495,0.015493521466851234,0.020952126011252403,0.03856322914361954,,0.10828517377376556,0.015239052474498749,0.020838666707277298,0.03850560262799263,,0.0,0.0,0.0,0.0
0.014544660225510597,0.09854815900325775,0.023634549230337143,0.024373536929488182,,0.012406270019710064,0.10035589337348938,0.02361707016825676,0.023746872320771217,,1.0,0.0,0.0,0.0
0.0234918761998415,0.037675995379686356,0.016286427155137062,0.12652254104614258,,0.023483166471123695,0.036243025213479996,0.016171898692846298,0.12716419994831085,,0.0,0.0,0.0,0.0
0.04465991258621216,0.10061884671449661,0.0399552546441555,0.15115684270858765,,0.043958213180303574,0.10077274590730667,0.039764005690813065,0.15067438781261444,,0.0,0.0,0.0,0.0
0.08144905418157578,0.08198282867670059,0.06300059705972672,0.11090120673179626,,0.08167653530836105,0.08147835731506348,0.06486700475215912,0.11154017597436905,,0.0,0.0,0.0,0.0
