true_r1,true_r2,true_r3,true_r4,,pred_r1,pred_r2,pred_r3,pred_r4, ,mask_r1,mask_r2,mask_r3,mask_r4
0.01583939418196678,0.14654147624969482,0.02483154833316803,0.032871801406145096,,0.01604355312883854,0.14603249728679657,0.025015518069267273,0.03277801722288132,,0.0,0.0,0.0,0.0
0.023809898644685745,0.10873576253652573,0.03846023231744766,0.038487404584884644,,0.023412156850099564,0.10788296163082123,0.038360241800546646,0.03806448355317116,,0.0,0.0,0.0,0.0
0.010147259570658207,0.07796185463666916,0.021381204947829247,0.014776933938264847,,0.010515117086470127,0.07678362727165222,0.0224045030772686,0.01487679872661829,,0.0,0.0,0.0,0.0
0.05957440659403801,0.10008075833320618,0.07719868421554565,0.07583758980035782,,0.05941373109817505,0.10223069787025452,0.0763433575630188,0.07667215168476105,,0.0,0.0,0.0,0.0
0.01690341718494892,0.021577997133135796,0.016367310658097267,0.06527160108089447,,0.016907278448343277,0.0202651210129261,0.013558744452893734,0.06589712202548981,,0.0,0.0,1.0,0.0
0.029297707602381706,0.04432786628603935,0.12837734818458557,0.020280154421925545,,0.029512541368603706,0.04588020592927933,0.12934553623199463,0.01996002532541752,,0.0,0.0,0.0,0.0
0.04166688770055771,0.09438633918762207,0.13858568668365479,0.03714721277356148,,0.04159653186798096,0.09830521792173386,0.13946209847927094,0.038174860179424286,,0.0,0.0,0.0,0.0
