true_r1,true_r2,true_r3,true_r4,,pred_r1,pred_r2,pred_r3,pred_r4, ,mask_r1,mask_r2,mask_r3,mask_r4
0.014146015048027039,0.10015374422073364,0.02432681992650032,0.024038806557655334,,0.012672701850533485,0.09993673861026764,0.024034028872847557,0.024040866643190384,,1.0,0.0,0.0,0.0
0.12354492396116257,0.03184405341744423,0.03661126643419266,0.0828901007771492,,0.12447360157966614,0.031729958951473236,0.036409568041563034,0.08343110978603363,,0.0,0.0,0.0,0.0
0.04247136041522026,0.01979587972164154,0.0159494299441576,0.09955824911594391,,0.044166386127471924,0.020505337044596672,0.017700670287013054,0.09924373775720596,,0.0,0.0,0.0,0.0
0.10173705220222473,0.03725460544228554,0.043895307928323746,0.0727042704820633,,0.10092312842607498,0.03672368824481964,0.044861555099487305,0.0713406577706337,,0.0,0.0,0.0,0.0
0.11804530024528503,0.019930073991417885,0.024723637849092484,0.04636706784367561,,0.12117042392492294,0.01658480614423752,0.025717632845044136,0.0486278161406517,,0.0,0.0,0.0,0.0
0.0674164891242981,0.10140591859817505,0.14678440988063812,0.059359870851039886,,0.06752477586269379,0.1013953685760498,0.14292824268341064,0.05971374735236168,,0.0,0.0,0.0,0.0
0.040602073073387146,0.06711416691541672,0.026867348700761795,0.18904563784599304,,0.03604701906442642,0.0690096914768219,0.026772532612085342,0.18847398459911346,,0.0,0.0,0.0,0.0
0.02497069723904133,0.02246335707604885,0.10618846863508224,0.014936820603907108,,0.0244089737534523,0.02211211808025837,0.10719188302755356,0.016296861693263054,,0.0,0.0,0.0,0.0
