true_r1,true_r2,true_r3,true_r4,,pred_r1,pred_r2,pred_r3,pred_r4, ,mask_r1,mask_r2,mask_r3,mask_r4
0.1120326891541481,0.011834045872092247,0.019397346302866936,0.024986525997519493,,0.11204925179481506,0.011914457194507122,0.018651412799954414,0.025039326399564743,,0.0,0.0,0.0,0.0
0.03366270288825035,0.01816432923078537,0.013538900762796402,0.0948164165019989,,0.033934809267520905,0.018471447750926018,0.014082645066082478,0.09501414000988007,,0.0,0.0,0.0,0.0
0.013652636669576168,0.09812309592962265,0.023258093744516373,0.024631395936012268,,0.013778993859887123,0.09919273853302002,0.023826729506254196,0.02288116328418255,,1.0,0.0,0.0,0.0
0.02571352943778038,0.100222647190094,0.07412393391132355,0.027243273332715034,,0.02536369487643242,0.10178721696138382,0.07322491705417633,0.02793567255139351,,0.0,0.0,0.0,0.0
0.08916059136390686,0.021689074113965034,0.0653129369020462,0.02095823362469673,,0.08735231310129166,0.019217364490032196,0.06505689769983292,0.02085905894637108,,0.0,0.0,0.0,0.0
0.0669015496969223,0.06929122656583786,0.18547070026397705,0.04151744768023491,,0.06621770560741425,0.06909183412790298,0.1838306337594986,0.04164727404713631,,0.0,0.0,0.0,0.0
