true_r1,true_r2,true_r3,true_r4,,pred_r1,pred_r2,pred_r3,pred_r4, ,mask_r1,mask_r2,mask_r3,mask_r4
0.01893855445086956,0.018747150897979736,0.0780034288764,0.010593031533062458,,0.0185907781124115,0.018640199676156044,0.07763523608446121,0.011602012440562248,,0.0,0.0,0.0,1.0
0.018536511808633804,0.11182452738285065,0.047693490982055664,0.02239302173256874,,0.017924930900335312,0.11235743761062622,0.04802706092596054,0.022587236016988754,,0.0,0.0,0.0,0.0
0.07019712030887604,0.025734420865774155,0.03030623495578766,0.04843059182167053,,0.0702834501862526,0.02454022318124771,0.02948637679219246,0.04812926426529884,,0.0,0.0,0.0,0.0
0.10575532913208008,0.014238855801522732,0.03198881819844246,0.020499341189861298,,0.10980481654405594,0.01474270224571228,0.03330046311020851,0.02196945808827877,,0.0,0.0,0.0,0.0
0.10849340260028839,0.011686074547469616,0.022174019366502762,0.020925981923937798,,0.10832896083593369,0.012459592893719673,0.022139111533761024,0.020546985790133476,,0.0,0.0,0.0,0.0
