true_r1,true_r2,true_r3,true_r4,,pred_r1,pred_r2,pred_r3,pred_r4, ,mask_r1,mask_r2,mask_r3,mask_r4
0.012761108577251434,0.12305131554603577,0.023693403229117393,0.024285925552248955,,0.012788606807589531,0.12286210060119629,0.023123251274228096,0.02409740351140499,,0.0,0.0,0.0,0.0
0.016009490936994553,0.025038566440343857,0.0863349437713623,0.011368240229785442,,0.01608007214963436,0.024896319955587387,0.08582022041082382,0.01244912575930357,,0.0,0.0,0.0,0.0
0.021498220041394234,0.021682066842913628,0.01207655481994152,0.09068965911865234,,0.022224685177206993,0.022626226767897606,0.012182428501546383,0.09011398255825043,,0.0,0.0,1.0,0.0
0.020879754796624184,0.18780946731567383,0.03458864986896515,0.04451379179954529,,0.01974824070930481,0.18673977255821228,0.03339436650276184,0.04186803847551346,,0.0,0.0,0.0,0.0
0.0945705771446228,0.04352271556854248,0.1409626007080078,0.039980288594961166,,0.09413490444421768,0.043952055275440216,0.14145365357398987,0.04049336165189743,,0.0,0.0,0.0,0.0
0.06451289355754852,0.04491029307246208,0.030388133600354195,0.1935809850692749,,0.06470862030982971,0.044125378131866455,0.03030388243496418,0.19316206872463226,,0.0,0.0,0.0,0.0
