true_r1,true_r2,true_r3,true_r4,,pred_r1,pred_r2,pred_r3,pred_r4, ,mask_r1,mask_r2,mask_r3,mask_r4
0.1318940818309784,0.020764833316206932,0.026601238176226616,0.05661606788635254,,0.13351450860500336,0.02097306214272976,0.026521671563386917,0.056497231125831604,,0.0,0.0,0.0,0.0
0.056779682636260986,0.02650335244834423,0.020765084773302078,0.13214704394340515,,0.05666428059339523,0.02634921856224537,0.02068905532360077,0.13250914216041565,,0.0,0.0,0.0,0.0
0.08545685559511185,0.011918683536350727,0.021195203065872192,0.02199585735797882,,0.08492724597454071,0.011142073199152946,0.021020939573645592,0.022041792050004005,,0.0,1.0,0.0,0.0
0.08339983224868774,0.011566653847694397,0.01995093747973442,0.020274389535188675,,0.08192189782857895,0.010242907330393791,0.020188922062516212,0.02040572464466095,,0.0,1.0,0.0,0.0
0.0478823222219944,0.016219263896346092,0.015310396440327168,0.06328049302101135,,0.046251505613327026,0.014599361456930637,0.016411932185292244,0.0634341835975647,,0.0,0.0,0.0,0.0
0.07210492342710495,0.06932605057954788,0.09240652620792389,0.06124219670891762,,0.07508892565965652,0.06928589195013046,0.09233050048351288,0.05932425335049629,,0.0,0.0,0.0,0.0
0.0437827967107296,0.04181560501456261,0.025847777724266052,0.11575338244438171,,0.04252305254340172,0.04138490930199623,0.02587750367820263,0.11614100635051727,,0.0,0.0,0.0,0.0
