true_r1,true_r2,true_r3,true_r4,,pred_r1,pred_r2,pred_r3,pred_r4, ,mask_r1,mask_r2,mask_r3,mask_r4
0.0213476549834013,0.021624894812703133,0.08902643620967865,0.012157096527516842,,0.021381940692663193,0.02149166725575924,0.08899576216936111,0.012133145704865456,,0.0,0.0,0.0,1.0
0.026683621108531952,0.026252562180161476,0.1353314369916916,0.014504024758934975,,0.025652727112174034,0.025811105966567993,0.13497242331504822,0.014833585359156132,,0.0,0.0,0.0,0.0
0.04061967134475708,0.03215078264474869,0.018026573583483696,0.19178564846515656,,0.044114258140325546,0.03147358074784279,0.02140228822827339,0.18736934661865234,,0.0,0.0,0.0,0.0
0.06480223685503006,0.03965888172388077,0.0372072234749794,0.09500157833099365,,0.06368300318717957,0.040104132145643234,0.03681474179029465,0.09452515840530396,,0.0,0.0,0.0,0.0
0.09681206941604614,0.05986128747463226,0.05241021141409874,0.13929496705532074,,0.09643856436014175,0.060158103704452515,0.05292733386158943,0.13858641684055328,,0.0,0.0,0.0,0.0
