true_r1,true_r2,true_r3,true_r4,,pred_r1,pred_r2,pred_r3,pred_r4, ,mask_r1,mask_r2,mask_r3,mask_r4
0.06808049231767654,0.02151200920343399,0.09198490530252457,0.020925654098391533,,0.06850842386484146,0.021783823147416115,0.09203559905290604,0.02105116657912731,,0.0,0.0,0.0,0.0
0.06270261108875275,0.027643397450447083,0.023931214585900307,0.09298598766326904,,0.0626857802271843,0.0276488047093153,0.023625142872333527,0.0932929590344429,,0.0,0.0,0.0,0.0
0.02950946055352688,0.12893889844417572,0.03128868341445923,0.09044481068849564,,0.029170073568820953,0.13042119145393372,0.03287700191140175,0.09154406934976578,,0.0,0.0,0.0,0.0
0.20355959236621857,0.022255271673202515,0.03542083129286766,0.046178530901670456,,0.20209616422653198,0.022997630760073662,0.03537118807435036,0.04716632142663002,,0.0,0.0,0.0,0.0
0.13793331384658813,0.01855681836605072,0.028315505012869835,0.03993019089102745,,0.142052561044693,0.01834232546389103,0.027727173641324043,0.032295599579811096,,0.0,0.0,0.0,0.0
0.018711712211370468,0.07123427838087082,0.02064218930900097,0.020117932930588722,,0.017886804416775703,0.07314221560955048,0.01940966211259365,0.023583639413118362,,1.0,0.0,0.0,0.0
0.023981470614671707,0.06759452074766159,0.020730938762426376,0.08942214399576187,,0.023066028952598572,0.06648826599121094,0.020305300131440163,0.08825116604566574,,0.0,0.0,0.0,0.0
0.13114039599895477,0.050370942801237106,0.0885005071759224,0.061939891427755356,,0.13169202208518982,0.04739949107170105,0.08862152695655823,0.05890722945332527,,0.0,0.0,0.0,0.0
