true_r1,true_r2,true_r3,true_r4,,pred_r1,pred_r2,pred_r3,pred_r4, ,mask_r1,mask_r2,mask_r3,mask_r4
0.02240033634006977,0.02816678397357464,0.11442524194717407,0.014558565802872181,,0.023148158565163612,0.027777722105383873,0.11477942019701004,0.01420693937689066,,0.0,0.0,0.0,0.0
0.10157836228609085,0.013669229112565517,0.02560224011540413,0.02453686110675335,,0.10139032453298569,0.013918188400566578,0.02506748028099537,0.024511976167559624,,0.0,1.0,0.0,0.0
0.1913701444864273,0.027929997071623802,0.06763045489788055,0.03675189986824989,,0.19052496552467346,0.027419479563832283,0.06868694722652435,0.03621843829751015,,0.0,0.0,0.0,0.0
0.022450044751167297,0.03466922417283058,0.11408552527427673,0.014280968345701694,,0.025239884853363037,0.03341427445411682,0.11523454636335373,0.015161427669227123,,0.0,0.0,0.0,0.0
0.12660002708435059,0.04597046971321106,0.06097855791449547,0.09555420279502869,,0.1317310333251953,0.048109330236911774,0.058632344007492065,0.0956215038895607,,0.0,0.0,0.0,0.0
0.09126368910074234,0.03360618278384209,0.03383675590157509,0.12126774340867996,,0.09234604239463806,0.03278517350554466,0.03304005414247513,0.12187066674232483,,0.0,0.0,0.0,0.0
0.06087563931941986,0.03140190243721008,0.16357652842998505,0.024450955912470818,,0.05660087987780571,0.031701456755399704,0.1597219854593277,0.023123834282159805,,0.0,0.0,0.0,0.0
0.026931963860988617,0.13079047203063965,0.028226086869835854,0.05893680825829506,,0.026566067710518837,0.13088785111904144,0.03340604528784752,0.058595627546310425,,0.0,0.0,0.0,0.0
