true_r1,true_r2,true_r3,true_r4,,pred_r1,pred_r2,pred_r3,pred_r4, ,mask_r1,mask_r2,mask_r3,mask_r4
0.04762469232082367,0.04788396880030632,0.1345292031764984,0.028941132128238678,,0.04777257516980171,0.04750516265630722,0.1343921422958374,0.02926533855497837,,0.0,0.0,0.0,0.0
0.05455033853650093,0.017899608239531517,0.07361160218715668,0.016826627776026726,,0.054401952773332596,0.01850379817187786,0.07356323301792145,0.016548845916986465,,0.0,0.0,0.0,0.0
0.036783456802368164,0.10230574756860733,0.07032448053359985,0.04308510944247246,,0.035860929638147354,0.10198855400085449,0.069750115275383,0.04514554515480995,,0.0,0.0,0.0,0.0
0.028341177850961685,0.018562667071819305,0.011927866376936436,0.09698124974966049,,0.029003089293837547,0.017069417983293533,0.013001381419599056,0.09628061950206757,,0.0,0.0,0.0,0.0
0.07234259694814682,0.011862512677907944,0.025394780561327934,0.022259065881371498,,0.07528721541166306,0.016132686287164688,0.026391644030809402,0.01819434203207493,,0.0,1.0,0.0,0.0
0.062235552817583084,0.035301629453897476,0.14046861231327057,0.025621503591537476,,0.06183520704507828,0.03240912780165672,0.13955387473106384,0.02527398057281971,,0.0,0.0,0.0,0.0
0.01544896885752678,0.11401132494211197,0.023795679211616516,0.033148568123579025,,0.01590198650956154,0.11490795016288757,0.02253490686416626,0.03319527953863144,,0.0,0.0,0.0,0.0
0.030299412086606026,0.11183502525091171,0.07969706505537033,0.03359976410865784,,0.030439777299761772,0.11355283111333847,0.07818400114774704,0.034787219017744064,,0.0,0.0,0.0,0.0
