true_r1,true_r2,true_r3,true_r4,,pred_r1,pred_r2,pred_r3,pred_r4, ,mask_r1,mask_r2,mask_r3,mask_r4
0.017347609624266624,0.152154803276062,0.03390901908278465,0.025986121967434883,,0.016321085393428802,0.15073521435260773,0.033843182027339935,0.02622004598379135,,0.0,0.0,0.0,0.0
0.14653436839580536,0.01826494373381138,0.042742058634757996,0.027222879230976105,,0.14695917069911957,0.019343381747603416,0.042680978775024414,0.02740069478750229,,0.0,0.0,0.0,0.0
0.024175863713026047,0.15143318474292755,0.03444162383675575,0.04989006370306015,,0.02349574863910675,0.15100954473018646,0.03399686887860298,0.04946555569767952,,0.0,0.0,0.0,0.0
0.1063418835401535,0.022081082686781883,0.03781658783555031,0.03778281435370445,,0.10588966310024261,0.02382836863398552,0.03724280372262001,0.038980185985565186,,0.0,0.0,0.0,0.0
0.12061028927564621,0.02741345390677452,0.027264734730124474,0.053321532905101776,,0.12425803393125534,0.026010379195213318,0.02710147202014923,0.05368156358599663,,0.0,0.0,0.0,0.0
0.013786690309643745,0.09705483913421631,0.022770795971155167,0.023700879886746407,,0.01571999303996563,0.09689919650554657,0.023878445848822594,0.02315375581383705,,1.0,0.0,0.0,0.0
0.02533467300236225,0.19020181894302368,0.04343276470899582,0.033303722739219666,,0.02563636377453804,0.19063915312290192,0.044801656156778336,0.032436784356832504,,0.0,0.0,0.0,0.0
