true_r1,true_r2,true_r3,true_r4,,pred_r1,pred_r2,pred_r3,pred_r4, ,mask_r1,mask_r2,mask_r3,mask_r4
0.1577601134777069,0.02229163609445095,0.029618773609399796,0.0556335486471653,,0.15847426652908325,0.022130178287625313,0.03043237514793873,0.05664614588022232,,0.0,0.0,0.0,0.0
0.041810277849435806,0.028859561309218407,0.12743334472179413,0.01953800581395626,,0.04184618592262268,0.02868817374110222,0.1268344521522522,0.019581258296966553,,0.0,0.0,0.0,0.0
0.02566363289952278,0.03677233308553696,0.11300133168697357,0.018114643171429634,,0.026799745857715607,0.03661269694566727,0.11307455599308014,0.017815252766013145,,0.0,0.0,0.0,0.0
0.1260279268026352,0.01372527051717043,0.023001153022050858,0.024664880707859993,,0.12635964155197144,0.01409080158919096,0.025306934490799904,0.024463921785354614,,0.0,0.0,0.0,0.0
0.016358384862542152,0.09781495481729507,0.024242671206593513,0.027891969308257103,,0.014255858026444912,0.09725652635097504,0.022415393963456154,0.02865821309387684,,0.0,0.0,0.0,0.0
0.022046392783522606,0.020313002169132233,0.08121158182621002,0.013751991093158722,,0.023393379524350166,0.021488988772034645,0.08115066587924957,0.015374574810266495,,0.0,0.0,0.0,1.0
0.0381188802421093,0.023990998044610023,0.01747165061533451,0.12637796998023987,,0.037980176508426666,0.023469874635338783,0.01685475930571556,0.1258358508348465,,0.0,0.0,0.0,0.0
0.07117777317762375,0.025590848177671432,0.10356875509023666,0.023879632353782654,,0.06954000145196915,0.025901813060045242,0.10409551858901978,0.024161625653505325,,0.0,0.0,0.0,0.0
