true_r1,true_r2,true_r3,true_r4,,pred_r1,pred_r2,pred_r3,pred_r4, ,mask_r1,mask_r2,mask_r3,mask_r4
0.030100854113698006,0.04897104203701019,0.0710427388548851,0.025348853319883347,,0.030337432399392128,0.04980778321623802,0.07114360481500626,0.025486674159765244,,0.0,0.0,0.0,0.0
0.025001248344779015,0.02465999685227871,0.10272596776485443,0.014082607813179493,,0.0243978351354599,0.024329232051968575,0.10247734189033508,0.013729488477110863,,0.0,0.0,0.0,1.0
0.03515968099236488,0.08106386661529541,0.12214073538780212,0.030724497511982918,,0.03553767129778862,0.08218942582607269,0.1198132261633873,0.03104954957962036,,0.0,0.0,0.0,0.0
0.08099789917469025,0.02604644000530243,0.10964865982532501,0.023969445377588272,,0.08103103935718536,0.026781337335705757,0.11169087141752243,0.02414044924080372,,0.0,0.0,0.0,0.0
0.03947776183485985,0.0900377482175827,0.13291621208190918,0.034079041332006454,,0.037559449672698975,0.08621317893266678,0.1298975646495819,0.03362257033586502,,0.0,0.0,0.0,0.0
0.028915632516145706,0.031111231073737144,0.11485346406698227,0.016442861407995224,,0.027844926342368126,0.029946215450763702,0.11860644817352295,0.016077425330877304,,0.0,0.0,0.0,1.0
0.03624409809708595,0.08450981974601746,0.12781251966953278,0.03189879655838013,,0.037816643714904785,0.08271190524101257,0.1241946667432785,0.031654831022024155,,0.0,0.0,0.0,0.0
