true_r1,true_r2,true_r3,true_r4,,pred_r1,pred_r2,pred_r3,pred_r4, ,mask_r1,mask_r2,mask_r3,mask_r4
0.01928645186126232,0.1222807988524437,0.026605037972331047,0.05213668569922447,,0.019301438704133034,0.12023143470287323,0.02373381331562996,0.05166963115334511,,0.0,0.0,0.0,0.0
0.03206298500299454,0.03249938413500786,0.16673515737056732,0.01859438419342041,,0.03211406245827675,0.032055389136075974,0.16752108931541443,0.01783742941915989,,0.0,0.0,0.0,0.0
0.07812009006738663,0.02554129995405674,0.10590657591819763,0.023196721449494362,,0.07779860496520996,0.027025394141674042,0.10604643076658249,0.023250779137015343,,0.0,0.0,0.0,0.0
0.02432672306895256,0.11231328547000885,0.029321739450097084,0.07590509951114655,,0.023835288360714912,0.10988036543130875,0.027883920818567276,0.07635904848575592,,0.0,0.0,0.0,0.0
0.024807585403323174,0.20915861427783966,0.03889617323875427,0.051237285137176514,,0.02476091869175434,0.2151169776916504,0.03671681135892868,0.04932605102658272,,0.0,0.0,0.0,0.0
0.024601619690656662,0.036908529698848724,0.020460888743400574,0.12303685396909714,,0.024875162169337273,0.034540556371212006,0.022870486602187157,0.12130274623632431,,0.0,0.0,0.0,0.0
0.012930328026413918,0.09367251396179199,0.024771057069301605,0.023478493094444275,,0.015248622745275497,0.09007357060909271,0.024401618167757988,0.024656767025589943,,1.0,0.0,0.0,0.0
0.03970097005367279,0.17861922085285187,0.06704655289649963,0.06636164337396622,,0.0401957631111145,0.18307586014270782,0.06632335484027863,0.06760125607252121,,0.0,0.0,0.0,0.0
