true_r1,true_r2,true_r3,true_r4,,pred_r1,pred_r2,pred_r3,pred_r4, ,mask_r1,mask_r2,mask_r3,mask_r4
0.07278116047382355,0.025937318801879883,0.1062915250658989,0.02347853034734726,,0.07280643284320831,0.02608632482588291,0.10465618968009949,0.023492129519581795,,0.0,0.0,0.0,0.0
0.05956941843032837,0.09535051137208939,0.04969823732972145,0.13773395121097565,,0.05918172746896744,0.09507551789283752,0.05100338160991669,0.1376281976699829,,0.0,0.0,0.0,0.0
0.019668547436594963,0.01674436591565609,0.07505107671022415,0.011599071323871613,,0.017621170729398727,0.018741806969046593,0.07316981256008148,0.011420384980738163,,0.0,0.0,0.0,1.0
0.041801221668720245,0.026917992159724236,0.1459442377090454,0.017839550971984863,,0.042294204235076904,0.027112534269690514,0.14667773246765137,0.019631128758192062,,0.0,0.0,0.0,0.0
0.028105489909648895,0.12720811367034912,0.044229499995708466,0.04881468042731285,,0.030720705166459084,0.1255183219909668,0.05231732875108719,0.0420902743935585,,0.0,0.0,0.0,0.0
0.034497544169425964,0.08763394504785538,0.04402133449912071,0.06125272810459137,,0.03431817516684532,0.08846757560968399,0.04004698991775513,0.05888856202363968,,0.0,0.0,0.0,0.0
0.08176924288272858,0.02389451302587986,0.025574294850230217,0.05611236393451691,,0.08370596170425415,0.02177528105676174,0.0255599245429039,0.05749516934156418,,0.0,0.0,0.0,0.0
0.04901926964521408,0.12771150469779968,0.05799294263124466,0.08834493160247803,,0.047428544610738754,0.12671972811222076,0.05928364023566246,0.09036578983068466,,0.0,0.0,0.0,0.0
