true_r1,true_r2,true_r3,true_r4,,pred_r1,pred_r2,pred_r3,pred_r4, ,mask_r1,mask_r2,mask_r3,mask_r4
0.013910663314163685,0.10284929722547531,0.024486487731337547,0.0247113686054945,,0.01250460371375084,0.1018245592713356,0.024638444185256958,0.024487681686878204,,1.0,0.0,0.0,0.0
0.02447430230677128,0.05232198163866997,0.019120359793305397,0.12272284924983978,,0.024505577981472015,0.05294293910264969,0.01929314248263836,0.12237570434808731,,0.0,0.0,0.0,0.0
0.012074213474988937,0.09019714593887329,0.022351285442709923,0.022069834172725677,,0.012982017360627651,0.09057043492794037,0.02170661836862564,0.023325640708208084,,1.0,0.0,0.0,0.0
0.13304440677165985,0.03767654299736023,0.040407147258520126,0.08984117209911346,,0.1317541003227234,0.03585311025381088,0.03803084418177605,0.09204704314470291,,0.0,0.0,0.0,0.0
0.02946636825799942,0.06421809643507004,0.09166713804006577,0.031103458255529404,,0.028279703110456467,0.06597914546728134,0.09286738187074661,0.03223780542612076,,0.0,0.0,0.0,0.0
0.021176200360059738,0.026718074455857277,0.013663006015121937,0.11580456048250198,,0.020407194271683693,0.027140013873577118,0.013359691016376019,0.11557159572839737,,0.0,0.0,0.0,0.0
0.07536535710096359,0.03737395629286766,0.03072991780936718,0.11159802973270416,,0.07488169521093369,0.03370189666748047,0.029203571379184723,0.11052694916725159,,0.0,0.0,0.0,0.0
