true_r1,true_r2,true_r3,true_r4,,pred_r1,pred_r2,pred_r3,pred_r4, ,mask_r1,mask_r2,mask_r3,mask_r4
0.01628367230296135,0.13444992899894714,0.027294790372252464,0.032637014985084534,,0.016457606106996536,0.13515682518482208,0.026728613302111626,0.03394049033522606,,0.0,0.0,0.0,0.0
0.12834672629833221,0.0324726440012455,0.03724223002791405,0.0869751125574112,,0.1284739375114441,0.03261227533221245,0.03728080540895462,0.08608469367027283,,0.0,0.0,0.0,0.0
0.03255297243595123,0.04135974496603012,0.01952364109456539,0.18328934907913208,,0.03179299086332321,0.041090227663517,0.020519761368632317,0.1843063235282898,,0.0,0.0,0.0,0.0
0.020247595384716988,0.12760373950004578,0.028886016458272934,0.041481729596853256,,0.01929944008588791,0.12801435589790344,0.02833506092429161,0.04594162851572037,,0.0,0.0,0.0,0.0
0.12719805538654327,0.019672563299536705,0.026329198852181435,0.04071440175175667,,0.12895894050598145,0.01892917975783348,0.02485673688352108,0.03423425927758217,,0.0,0.0,0.0,0.0
0.01427003089338541,0.07486623525619507,0.01823240891098976,0.024636803194880486,,0.014904379844665527,0.07603353261947632,0.0183096993714571,0.0243391040712595,,1.0,0.0,0.0,0.0
0.017718899995088577,0.1288628876209259,0.046870455145835876,0.02485540509223938,,0.017737535759806633,0.12669123709201813,0.04531748592853546,0.02756563015282154,,0.0,0.0,0.0,0.0
0.02347506955265999,0.035121798515319824,0.01559685543179512,0.11589153856039047,,0.023837504908442497,0.03461245447397232,0.016193876042962074,0.114142507314682,,0.0,0.0,0.0,0.0
