true_r1,true_r2,true_r3,true_r4,,pred_r1,pred_r2,pred_r3,pred_r4, ,mask_r1,mask_r2,mask_r3,mask_r4
0.07956093549728394,0.0498695895075798,0.1150251254439354,0.04174545779824257,,0.07972691208124161,0.0495634600520134,0.11607660353183746,0.04112883657217026,,0.0,0.0,0.0,0.0
0.0204482264816761,0.061787571758031845,0.01893218420445919,0.08369243144989014,,0.02006429433822632,0.061978645622730255,0.018438398838043213,0.08383262157440186,,0.0,0.0,0.0,0.0
0.022172683849930763,0.023263270035386086,0.012994963675737381,0.09315231442451477,,0.02224401943385601,0.023101946339011192,0.012390248477458954,0.09109646081924438,,0.0,0.0,1.0,0.0
0.030327238142490387,0.03938459977507591,0.17496642470359802,0.019841324537992477,,0.03060115873813629,0.04158094897866249,0.1749028116464615,0.01980684883892536,,0.0,0.0,0.0,0.0
0.020059362053871155,0.1245088204741478,0.02373252436518669,0.04651860520243645,,0.017703820019960403,0.12240614742040634,0.026192164048552513,0.04435405135154724,,0.0,0.0,0.0,0.0
0.03405037522315979,0.09083815664052963,0.04735491797327995,0.0682734027504921,,0.03494054451584816,0.08928985893726349,0.046061620116233826,0.06855703145265579,,0.0,0.0,0.0,0.0
0.03630594536662102,0.06037035584449768,0.03378501161932945,0.0842958614230156,,0.037154410034418106,0.06126181781291962,0.031041372567415237,0.08753063529729843,,0.0,0.0,0.0,0.0
0.03946015238761902,0.07415486872196198,0.19309350848197937,0.03002535179257393,,0.038048893213272095,0.07290898263454437,0.19297564029693604,0.02908269315958023,,0.0,0.0,0.0,0.0
