true_r1,true_r2,true_r3,true_r4,,pred_r1,pred_r2,pred_r3,pred_r4, ,mask_r1,mask_r2,mask_r3,mask_r4
0.09017186611890793,0.012899077497422695,0.021626215428113937,0.021191446110606194,,0.09109596163034439,0.013339994475245476,0.02148403227329254,0.02143023908138275,,0.0,1.0,0.0,0.0
0.09205667674541473,0.03336542844772339,0.039514802396297455,0.06299308687448502,,0.09142886102199554,0.03302311897277832,0.039409033954143524,0.06353426724672318,,0.0,0.0,0.0,0.0
0.09849972277879715,0.01439584419131279,0.028687244281172752,0.019708240404725075,,0.09737232327461243,0.01489496324211359,0.028821343556046486,0.019717281684279442,,0.0,0.0,0.0,0.0
0.016518864780664444,0.15675130486488342,0.026923269033432007,0.035853952169418335,,0.019272267818450928,0.15568441152572632,0.027022995054721832,0.03500035032629967,,0.0,0.0,0.0,0.0
