true_r1,true_r2,true_r3,true_r4,,pred_r1,pred_r2,pred_r3,pred_r4, ,mask_r1,mask_r2,mask_r3,mask_r4
0.023433413356542587,0.10677371174097061,0.07414352893829346,0.02625027298927307,,0.023582370951771736,0.10685195028781891,0.07412374764680862,0.025859279558062553,,0.0,0.0,0.0,0.0
0.0868433490395546,0.05372254550457001,0.04526599496603012,0.12495262920856476,,0.08650253713130951,0.053506433963775635,0.045147452503442764,0.12494736164808273,,0.0,0.0,0.0,0.0
0.014988457784056664,0.10234063118696213,0.025746086612343788,0.024985799565911293,,0.014393884688615799,0.10359424352645874,0.02507215552031994,0.025379931554198265,,1.0,0.0,0.0,0.0
0.02558465115725994,0.033990856260061264,0.1390901803970337,0.017853189259767532,,0.03234396129846573,0.034713152796030045,0.13878075778484344,0.015272242948412895,,0.0,0.0,0.0,0.0
0.1359407603740692,0.032679684460163116,0.03686460107564926,0.09624652564525604,,0.1333010345697403,0.03396139666438103,0.03685391694307327,0.09564097970724106,,0.0,0.0,0.0,0.0
0.07213577628135681,0.013252242468297482,0.029854733496904373,0.016295595094561577,,0.0729532241821289,0.012689493596553802,0.030095815658569336,0.016688844189047813,,0.0,0.0,0.0,0.0
0.029689649119973183,0.07853571325540543,0.032664135098457336,0.05324799194931984,,0.029510565102100372,0.0770556628704071,0.03373401612043381,0.05362560600042343,,0.0,0.0,0.0,0.0
