true_r1,true_r2,true_r3,true_r4,,pred_r1,pred_r2,pred_r3,pred_r4, ,mask_r1,mask_r2,mask_r3,mask_r4
0.021494470536708832,0.09401141852140427,0.06975220888853073,0.02302694134414196,,0.021038642153143883,0.09413087368011475,0.06931707262992859,0.022641047835350037,,0.0,0.0,0.0,0.0
0.15806272625923157,0.025539932772517204,0.05156628414988518,0.03600350767374039,,0.15893496572971344,0.02352379821240902,0.052782509475946426,0.03578916937112808,,0.0,0.0,0.0,0.0
0.09300928562879562,0.012872111983597279,0.02492152713239193,0.02321048267185688,,0.09222832322120667,0.013718098402023315,0.023191532120108604,0.020288318395614624,,0.0,1.0,0.0,0.0
0.0981108769774437,0.06221494451165199,0.14298182725906372,0.052421100437641144,,0.10039360076189041,0.061810724437236786,0.14009220898151398,0.05327481031417847,,0.0,0.0,0.0,0.0
0.02345510944724083,0.034604500979185104,0.014366598799824715,0.11799445003271103,,0.022584671154618263,0.034717950969934464,0.017192423343658447,0.11813213676214218,,0.0,0.0,0.0,0.0
0.023590849712491035,0.08717627078294754,0.0610729344189167,0.02334660477936268,,0.020474201068282127,0.08805019408464432,0.0629969909787178,0.023151176050305367,,0.0,0.0,0.0,0.0
