true_r1,true_r2,true_r3,true_r4,,pred_r1,pred_r2,pred_r3,pred_r4, ,mask_r1,mask_r2,mask_r3,mask_r4
0.018388530239462852,0.14472389221191406,0.04187427833676338,0.026878952980041504,,0.018388912081718445,0.14521357417106628,0.04196837544441223,0.026963049545884132,,0.0,0.0,0.0,0.0
0.03766641020774841,0.01773185096681118,0.0875048115849495,0.013919610530138016,,0.037342946976423264,0.01835983619093895,0.08725594729185104,0.014102223329246044,,0.0,0.0,0.0,0.0
0.06996888667345047,0.014932742342352867,0.05218477174639702,0.016985245048999786,,0.07041143625974655,0.01617429219186306,0.05216462165117264,0.01667584292590618,,0.0,0.0,0.0,0.0
0.03148799389600754,0.12354400008916855,0.0830824077129364,0.03562365099787712,,0.031631480902433395,0.12157098203897476,0.08387668430805206,0.035940591245889664,,0.0,0.0,0.0,0.0
0.02599683403968811,0.025801755487918854,0.1049797534942627,0.01586582325398922,,0.026439493522047997,0.024537641555070877,0.10632414370775223,0.015140686184167862,,0.0,0.0,0.0,1.0
0.019638612866401672,0.13792413473129272,0.035623449832201004,0.02901325933635235,,0.018788732588291168,0.13672667741775513,0.03475729748606682,0.028873052448034286,,0.0,0.0,0.0,0.0
0.05733724683523178,0.058015864342451096,0.16082775592803955,0.034644704312086105,,0.057944539934396744,0.05912961810827255,0.16256731748580933,0.03506254404783249,,0.0,0.0,0.0,0.0
