true_r1,true_r2,true_r3,true_r4,,pred_r1,pred_r2,pred_r3,pred_r4, ,mask_r1,mask_r2,mask_r3,mask_r4
0.024378543719649315,0.024157363921403885,0.12652967870235443,0.013388087041676044,,0.02429370954632759,0.024138301610946655,0.1265600323677063,0.013432178646326065,,0.0,0.0,0.0,0.0
0.020750582218170166,0.021001899614930153,0.012486685067415237,0.08692267537117004,,0.02074783854186535,0.02052197977900505,0.013906239531934261,0.08695729076862335,,0.0,0.0,1.0,0.0
0.014351681806147099,0.11420229822397232,0.028936324641108513,0.02325671724975109,,0.0143669992685318,0.11432481557130814,0.028410332277417183,0.02315959706902504,,0.0,0.0,0.0,0.0
0.11418252438306808,0.015426856465637684,0.03523227199912071,0.022487178444862366,,0.1143699362874031,0.01585659198462963,0.035565879195928574,0.02217230014503002,,0.0,0.0,0.0,0.0
