true_r1,true_r2,true_r3,true_r4,,pred_r1,pred_r2,pred_r3,pred_r4, ,mask_r1,mask_r2,mask_r3,mask_r4
0.04969707131385803,0.08020970225334167,0.04172029718756676,0.11538097262382507,,0.050152551382780075,0.07976319640874863,0.04154295101761818,0.11554019898176193,,0.0,0.0,0.0,0.0
0.15540239214897156,0.016658999025821686,0.03477105498313904,0.026552410796284676,,0.15545058250427246,0.01708056963980198,0.03513587638735771,0.02652836963534355,,0.0,0.0,0.0,0.0
0.023266136646270752,0.023990245535969734,0.09588222950696945,0.013113151304423809,,0.024027805775403976,0.02269461750984192,0.0952867642045021,0.011564788408577442,,0.0,0.0,0.0,1.0
0.02518215961754322,0.22286149859428406,0.04490308091044426,0.04483233392238617,,0.02419956587255001,0.2237367182970047,0.04532436281442642,0.0449485182762146,,0.0,0.0,0.0,0.0
