true_r1,true_r2,true_r3,true_r4,,pred_r1,pred_r2,pred_r3,pred_r4, ,mask_r1,mask_r2,mask_r3,mask_r4
0.019336653873324394,0.15046095848083496,0.04383542016148567,0.02762180007994175,,0.019277678802609444,0.1511572301387787,0.04383983090519905,0.02785256877541542,,0.0,0.0,0.0,0.0
0.10362947732210159,0.016530027613043785,0.04432135075330734,0.020867887884378433,,0.10304903239011765,0.016650281846523285,0.04424817115068436,0.020511161535978317,,0.0,0.0,0.0,0.0
0.018513645976781845,0.07920247316360474,0.01989789679646492,0.05644025653600693,,0.019588086754083633,0.07809261232614517,0.019741270691156387,0.05725327134132385,,0.0,0.0,0.0,0.0
0.022320939227938652,0.02187790721654892,0.012659563682973385,0.08904329687356949,,0.021162698045372963,0.023203890770673752,0.013005473650991917,0.08958997577428818,,0.0,0.0,1.0,0.0
