true_r1,true_r2,true_r3,true_r4,,pred_r1,pred_r2,pred_r3,pred_r4, ,mask_r1,mask_r2,mask_r3,mask_r4
0.08642099797725677,0.011547197587788105,0.02072010561823845,0.020795447751879692,,0.08667488396167755,0.012618334963917732,0.021027615293860435,0.02065364457666874,,0.0,1.0,0.0,0.0
0.027734018862247467,0.12385441362857819,0.04485338553786278,0.04301115497946739,,0.02523612044751644,0.12348110973834991,0.04306768998503685,0.042807530611753464,,0.0,0.0,0.0,0.0
0.02818267233669758,0.06268274039030075,0.08898981660604477,0.023996716365218163,,0.028728384524583817,0.06071599945425987,0.08920050412416458,0.023432014510035515,,0.0,0.0,0.0,0.0
0.1444999873638153,0.0319608598947525,0.05116545036435127,0.050642162561416626,,0.144802987575531,0.032993774861097336,0.051159437745809555,0.05141965672373772,,0.0,0.0,0.0,0.0
0.022907165810465813,0.18998494744300842,0.03887408971786499,0.038939572870731354,,0.022345196455717087,0.19248764216899872,0.03946215286850929,0.0393233448266983,,0.0,0.0,0.0,0.0
