true_r1,true_r2,true_r3,true_r4,,pred_r1,pred_r2,pred_r3,pred_r4, ,mask_r1,mask_r2,mask_r3,mask_r4
0.08289381116628647,0.010746564716100693,0.02057977393269539,0.0159714687615633,,0.08336751908063889,0.010574253275990486,0.019994188100099564,0.017014937475323677,,0.0,0.0,0.0,0.0
0.05023081228137016,0.023889560252428055,0.018563538789749146,0.11791680753231049,,0.05082493647933006,0.02368554286658764,0.018591618165373802,0.11668290197849274,,0.0,0.0,0.0,0.0
0.032178234308958054,0.2100488394498825,0.06857061386108398,0.046642005443573,,0.03326287120580673,0.20840616524219513,0.06869117170572281,0.049021996557712555,,0.0,0.0,0.0,0.0
0.09975121915340424,0.036138541996479034,0.042876262217760086,0.06957481801509857,,0.09940891712903976,0.03690045699477196,0.04324103519320488,0.06793305277824402,,0.0,0.0,0.0,0.0
0.021646201610565186,0.020513327792286873,0.06529723852872849,0.010092969983816147,,0.019882382825016975,0.020097726956009865,0.06523071974515915,0.01319921761751175,,0.0,0.0,0.0,1.0
0.12430015951395035,0.01941407099366188,0.03128126636147499,0.025796065106987953,,0.12406425178050995,0.020492475479841232,0.031424734741449356,0.024025965481996536,,0.0,0.0,0.0,0.0
0.19298908114433289,0.02085406519472599,0.0424148365855217,0.03547295928001404,,0.1907178908586502,0.0220533087849617,0.04431377351284027,0.03323794901371002,,0.0,0.0,0.0,0.0
0.014359280467033386,0.07714506983757019,0.017346851527690887,0.021066943183541298,,0.013501584529876709,0.07756014913320541,0.015837114304304123,0.02067885361611843,,0.0,0.0,0.0,0.0
