true_r1,true_r2,true_r3,true_r4,,pred_r1,pred_r2,pred_r3,pred_r4, ,mask_r1,mask_r2,mask_r3,mask_r4
0.07425802201032639,0.045862626284360886,0.10699061304330826,0.03973161056637764,,0.07391155511140823,0.04607079178094864,0.10676629841327667,0.038733504712581635,,0.0,0.0,0.0,0.0
0.044041913002729416,0.029757743701338768,0.02037232369184494,0.13407470285892487,,0.04406927898526192,0.02989012748003006,0.020567715167999268,0.13312560319900513,,0.0,0.0,0.0,0.0
0.11166094988584518,0.025818461552262306,0.0767679437994957,0.027140965685248375,,0.11082901805639267,0.02424115501344204,0.07723517715930939,0.02954508364200592,,0.0,0.0,0.0,0.0
0.09318704158067703,0.013890388421714306,0.021954037249088287,0.022791022434830666,,0.09657115489244461,0.014421005733311176,0.02352208085358143,0.022456442937254906,,0.0,1.0,0.0,0.0
0.03842363879084587,0.09637682884931564,0.035081807523965836,0.14250408113002777,,0.040597062557935715,0.09842271357774734,0.03429703041911125,0.1473456174135208,,0.0,0.0,0.0,0.0
0.13363716006278992,0.048261236399412155,0.057482730597257614,0.09308145195245743,,0.13306882977485657,0.04781714826822281,0.056917041540145874,0.09312800318002701,,0.0,0.0,0.0,0.0
