true_r1,true_r2,true_r3,true_r4,,pred_r1,pred_r2,pred_r3,pred_r4, ,mask_r1,mask_r2,mask_r3,mask_r4
0.02861226350069046,0.13194285333156586,0.09108461439609528,0.03184773027896881,,0.02915685810148716,0.1317213922739029,0.09138886630535126,0.03205220028758049,,0.0,0.0,0.0,0.0
0.041105080395936966,0.06639828532934189,0.03467507287859917,0.09616344422101974,,0.04152345657348633,0.06732422858476639,0.03465608134865761,0.09636435657739639,,0.0,0.0,0.0,0.0
0.012846088036894798,0.12528908252716064,0.02192862704396248,0.028503986075520515,,0.014450603164732456,0.12594032287597656,0.021950613707304,0.027917079627513885,,0.0,0.0,0.0,0.0
0.032153453677892685,0.0754634290933609,0.10290093719959259,0.02577669359743595,,0.025409361347556114,0.07180466502904892,0.1021890640258789,0.023690516129136086,,0.0,0.0,0.0,0.0
0.20327918231487274,0.026896798983216286,0.0373401902616024,0.048880718648433685,,0.19982877373695374,0.0250230822712183,0.03787997364997864,0.04898994788527489,,0.0,0.0,0.0,0.0
0.13343718647956848,0.018643468618392944,0.0265644583851099,0.04556813836097717,,0.1325976550579071,0.018279096111655235,0.02545519359409809,0.046509526669979095,,0.0,0.0,0.0,0.0
0.023068280890583992,0.02357926405966282,0.087835893034935,0.014290631748735905,,0.025480058044195175,0.024680158123373985,0.0893070250749588,0.013920433819293976,,0.0,0.0,0.0,1.0
