true_r1,true_r2,true_r3,true_r4,,pred_r1,pred_r2,pred_r3,pred_r4, ,mask_r1,mask_r2,mask_r3,mask_r4
0.015091843903064728,0.1378035843372345,0.02365434169769287,0.030764436349272728,,0.014572120271623135,0.13773281872272491,0.024357900023460388,0.031084967777132988,,0.0,0.0,0.0,0.0
0.14978435635566711,0.021161159500479698,0.053154151886701584,0.028853431344032288,,0.15049831569194794,0.021542802453041077,0.05296884849667549,0.02849385142326355,,0.0,0.0,0.0,0.0
0.014481570571660995,0.10082706063985825,0.025561898946762085,0.025159986689686775,,0.013550120405852795,0.10157808661460876,0.024476123973727226,0.025280533358454704,,1.0,0.0,0.0,0.0
0.13410738110542297,0.0218672938644886,0.028919758275151253,0.05523407459259033,,0.136154904961586,0.022724878042936325,0.028232673183083534,0.05862266197800636,,0.0,0.0,0.0,0.0
0.03159674257040024,0.03084031492471695,0.0158933587372303,0.12992073595523834,,0.028610602021217346,0.029178211465477943,0.016898922622203827,0.13119341433048248,,0.0,0.0,0.0,0.0
0.04007386416196823,0.10993524640798569,0.046525631099939346,0.07630183547735214,,0.04138978198170662,0.10999695956707001,0.04760255664587021,0.07625946402549744,,0.0,0.0,0.0,0.0
0.13303157687187195,0.02240431308746338,0.04372096434235573,0.032386984676122665,,0.13303552567958832,0.023568203672766685,0.04413246735930443,0.03103986755013466,,0.0,0.0,0.0,0.0
