true_r1,true_r2,true_r3,true_r4,,pred_r1,pred_r2,pred_r3,pred_r4, ,mask_r1,mask_r2,mask_r3,mask_r4
0.06822044402360916,0.0415804423391819,0.09710561484098434,0.035202305763959885,,0.0683203861117363,0.04201144725084305,0.09741750359535217,0.03525359928607941,,0.0,0.0,0.0,0.0
0.021921157836914062,0.02189202420413494,0.09185526520013809,0.013384805992245674,,0.022023821249604225,0.02198912389576435,0.09082350134849548,0.012768387794494629,,0.0,0.0,0.0,1.0
0.01835773140192032,0.1705448031425476,0.02819763869047165,0.03763869032263756,,0.017724130302667618,0.16889260709285736,0.03273964673280716,0.03783488646149635,,0.0,0.0,0.0,0.0
0.019632311537861824,0.02885494753718376,0.09091770648956299,0.014588702470064163,,0.019161583855748177,0.027698805555701256,0.09000742435455322,0.013790705241262913,,0.0,0.0,0.0,0.0
0.07822290807962418,0.027631977573037148,0.025645392015576363,0.11230380833148956,,0.07831428200006485,0.026973305270075798,0.026042593643069267,0.11151240766048431,,0.0,0.0,0.0,0.0
