true_r1,true_r2,true_r3,true_r4,,pred_r1,pred_r2,pred_r3,pred_r4, ,mask_r1,mask_r2,mask_r3,mask_r4
0.1140219196677208,0.025189196690917015,0.027827925980091095,0.07903768867254257,,0.11394623667001724,0.02533894218504429,0.02756233513355255,0.07855154573917389,,0.0,0.0,0.0,0.0
0.030875058844685555,0.04490968585014343,0.13762140274047852,0.021866435185074806,,0.03162926062941551,0.04467747360467911,0.13872814178466797,0.021224627271294594,,0.0,0.0,0.0,0.0
0.010931397788226604,0.1135333776473999,0.023943131789565086,0.02102574333548546,,0.012784188613295555,0.1126597449183464,0.021369146183133125,0.021863210946321487,,0.0,0.0,0.0,0.0
0.05278981477022171,0.021054312586784363,0.02320397086441517,0.07431726902723312,,0.05268963426351547,0.021218013018369675,0.02365303598344326,0.07565771788358688,,0.0,0.0,0.0,0.0
0.047832127660512924,0.06794444471597672,0.21129535138607025,0.0325344018638134,,0.047289829701185226,0.06873391568660736,0.2076018899679184,0.03248874843120575,,0.0,0.0,0.0,0.0
0.01650071144104004,0.016364077106118202,0.011951944790780544,0.06528856605291367,,0.015852121636271477,0.0169940534979105,0.011448894627392292,0.06340665370225906,,0.0,0.0,1.0,0.0
