true_r1,true_r2,true_r3,true_r4,,pred_r1,pred_r2,pred_r3,pred_r4, ,mask_r1,mask_r2,mask_r3,mask_r4
0.02838900499045849,0.07876201719045639,0.11412100493907928,0.02551259659230709,,0.027597934007644653,0.07869239896535873,0.11384646594524384,0.024889694526791573,,0.0,0.0,0.0,0.0
0.10427328199148178,0.023199470713734627,0.07256259024143219,0.0250959824770689,,0.1044454425573349,0.022877162322402,0.07247663289308548,0.025531793013215065,,0.0,0.0,0.0,0.0
0.017829017713665962,0.020785802975296974,0.01011638343334198,0.08414477854967117,,0.01768103800714016,0.020462287589907646,0.010484314523637295,0.08339401334524155,,0.0,0.0,0.0,0.0
0.02712424471974373,0.03683548420667648,0.01729447953402996,0.15977855026721954,,0.027637744322419167,0.036816712468862534,0.017170345410704613,0.1596912145614624,,0.0,0.0,0.0,0.0
0.18221920728683472,0.01966247521340847,0.0404956080019474,0.03246783837676048,,0.18405336141586304,0.01980404369533062,0.041373785585165024,0.0328013151884079,,0.0,0.0,0.0,0.0
0.012063815258443356,0.08046850562095642,0.02113080583512783,0.02288600616157055,,0.014440850354731083,0.07977285236120224,0.02225549705326557,0.021892013028264046,,1.0,0.0,0.0,0.0
