true_r1,true_r2,true_r3,true_r4,,pred_r1,pred_r2,pred_r3,pred_r4, ,mask_r1,mask_r2,mask_r3,mask_r4
0.14443546533584595,0.02247338555753231,0.03216002508997917,0.04693758487701416,,0.14429306983947754,0.02251468040049076,0.03257155418395996,0.04726908355951309,,0.0,0.0,0.0,0.0
0.10223547369241714,0.0597020722925663,0.07591451704502106,0.07591648399829865,,0.10238238424062729,0.0603034645318985,0.07547705620527267,0.07574386894702911,,0.0,0.0,0.0,0.0
0.03992946445941925,0.06374365091323853,0.03217548131942749,0.09088649600744247,,0.03978094086050987,0.06327058374881744,0.03239186480641365,0.09044069796800613,,0.0,0.0,0.0,0.0
0.028290990740060806,0.08264341950416565,0.026840338483452797,0.11945172399282455,,0.029033780097961426,0.08412758260965347,0.027010666206479073,0.12006709724664688,,0.0,0.0,0.0,0.0
0.01052922010421753,0.08797558397054672,0.025348491966724396,0.017497733235359192,,0.010997147299349308,0.08675821870565414,0.02721160463988781,0.021054720506072044,,0.0,0.0,0.0,0.0
0.023230141028761864,0.02345181815326214,0.014799490571022034,0.08038625121116638,,0.02193492278456688,0.02380826137959957,0.012837844900786877,0.07919850945472717,,0.0,0.0,1.0,0.0
0.018177878111600876,0.12405010312795639,0.03572295978665352,0.027058003470301628,,0.017936738207936287,0.12005389481782913,0.035348620265722275,0.02693629264831543,,0.0,0.0,0.0,0.0
