true_r1,true_r2,true_r3,true_r4,,pred_r1,pred_r2,pred_r3,pred_r4, ,mask_r1,mask_r2,mask_r3,mask_r4
0.041627656668424606,0.013117854483425617,0.01200631819665432,0.05554929003119469,,0.04108729213476181,0.013168241828680038,0.011706210672855377,0.055591799318790436,,0.0,0.0,0.0,0.0
0.037136469036340714,0.04881338030099869,0.21652556955814362,0.02375960350036621,,0.0374993234872818,0.04933113977313042,0.21621070802211761,0.023900587111711502,,0.0,0.0,0.0,0.0
0.0144736273214221,0.13129234313964844,0.027236761525273323,0.026338152587413788,,0.015079074539244175,0.13221372663974762,0.026219796389341354,0.02642321027815342,,0.0,0.0,0.0,0.0
0.06857223063707352,0.022947238758206367,0.02340243011713028,0.09201867878437042,,0.06845621019601822,0.022191260010004044,0.020130416378378868,0.09279701858758926,,0.0,0.0,0.0,0.0
0.012405479326844215,0.07719898223876953,0.03499520197510719,0.017508557066321373,,0.011131630279123783,0.07451122999191284,0.03708431124687195,0.01980958692729473,,0.0,0.0,0.0,0.0
0.03949132561683655,0.05231625214219093,0.2133302092552185,0.027016419917345047,,0.03811579942703247,0.05202396214008331,0.21384890377521515,0.026697244495153427,,0.0,0.0,0.0,0.0
0.022419089451432228,0.02221154235303402,0.013381963595747948,0.08925256878137589,,0.023342270404100418,0.02231689915060997,0.012804890051484108,0.08813193440437317,,0.0,0.0,1.0,0.0
