true_r1,true_r2,true_r3,true_r4,,pred_r1,pred_r2,pred_r3,pred_r4, ,mask_r1,mask_r2,mask_r3,mask_r4
0.034431323409080505,0.06478089094161987,0.025583695620298386,0.18139614164829254,,0.03524497151374817,0.06467112898826599,0.02544010803103447,0.18221129477024078,,0.0,0.0,0.0,0.0
0.020630836486816406,0.032598767429590225,0.11184118688106537,0.014851607382297516,,0.021048128604888916,0.032366201281547546,0.11249110102653503,0.014502167701721191,,0.0,0.0,0.0,0.0
0.1149991899728775,0.028914691880345345,0.033895328640937805,0.07690911740064621,,0.11479611694812775,0.030167410150170326,0.035026490688323975,0.07738792896270752,,0.0,0.0,0.0,0.0
0.011911900714039803,0.07757896929979324,0.018582066521048546,0.01951311156153679,,0.011728894896805286,0.07803177088499069,0.020009098574519157,0.01887553185224533,,1.0,0.0,0.0,0.0
0.07811061292886734,0.03259662538766861,0.06026836112141609,0.03506777808070183,,0.08068747818470001,0.027274280786514282,0.05188091844320297,0.03427981957793236,,0.0,0.0,0.0,0.0
0.06285062432289124,0.06348550319671631,0.16830018162727356,0.04250425845384598,,0.06382081657648087,0.06612745672464371,0.17053405940532684,0.04195453226566315,,0.0,0.0,0.0,0.0
0.022177470847964287,0.07944082468748093,0.05359285697340965,0.023717952892184258,,0.02127162739634514,0.0788726881146431,0.05401728302240372,0.02540009096264839,,0.0,0.0,0.0,0.0
0.02809358388185501,0.1043495312333107,0.03369671106338501,0.06936132162809372,,0.02858487144112587,0.10211251676082611,0.033636029809713364,0.06760966777801514,,0.0,0.0,0.0,0.0
