true_r1,true_r2,true_r3,true_r4,,pred_r1,pred_r2,pred_r3,pred_r4, ,mask_r1,mask_r2,mask_r3,mask_r4
0.03015965037047863,0.06947868317365646,0.10383603721857071,0.026790117844939232,,0.03017643839120865,0.06960483640432358,0.1034884825348854,0.026540352031588554,,0.0,0.0,0.0,0.0
0.10613935440778732,0.014577090740203857,0.02572702243924141,0.025481384247541428,,0.10641731321811676,0.014570971019566059,0.02579946257174015,0.024903815239667892,,0.0,1.0,0.0,0.0
0.036725182086229324,0.04691179469227791,0.023345867171883583,0.20267526805400848,,0.036114420741796494,0.046738989651203156,0.022456202656030655,0.2026986926794052,,0.0,0.0,0.0,0.0
0.012543199583888054,0.09143216162919998,0.022291485220193863,0.022426947951316833,,0.014424544759094715,0.09136340022087097,0.022518090903759003,0.023200007155537605,,1.0,0.0,0.0,0.0
