true_r1,true_r2,true_r3,true_r4,,pred_r1,pred_r2,pred_r3,pred_r4, ,mask_r1,mask_r2,mask_r3,mask_r4
0.02741972729563713,0.12724164128303528,0.045395806431770325,0.044937070459127426,,0.027908626943826675,0.12675127387046814,0.04517291113734245,0.0452321320772171,,0.0,0.0,0.0,0.0
0.027875833213329315,0.028128914535045624,0.14552830159664154,0.015187014825642109,,0.02755514159798622,0.028467239812016487,0.1445475071668625,0.014460609294474125,,0.0,0.0,0.0,0.0
0.03366953134536743,0.05821999907493591,0.0434320904314518,0.04207293689250946,,0.03390314429998398,0.05929369479417801,0.04477715864777565,0.042359717190265656,,0.0,0.0,0.0,0.0
0.019802140071988106,0.01984904333949089,0.08196795731782913,0.01164840068668127,,0.019616292789578438,0.02056427299976349,0.08144351094961166,0.011569062247872353,,0.0,0.0,0.0,1.0
