true_r1,true_r2,true_r3,true_r4,,pred_r1,pred_r2,pred_r3,pred_r4, ,mask_r1,mask_r2,mask_r3,mask_r4
0.1388823688030243,0.05030738189816475,0.05948369577527046,0.09632932394742966,,0.13896851241588593,0.0501137338578701,0.060570064932107925,0.09611155092716217,,0.0,0.0,0.0,0.0
0.047777190804481506,0.0362127423286438,0.21188309788703918,0.022750595584511757,,0.047397710382938385,0.036145154386758804,0.21147377789020538,0.022815046831965446,,0.0,0.0,0.0,0.0
0.01502177957445383,0.10962561517953873,0.026424594223499298,0.02641276642680168,,0.014518734999001026,0.10870958864688873,0.026214899495244026,0.026860250160098076,,1.0,0.0,0.0,0.0
0.015397309325635433,0.06298669427633286,0.04806249961256981,0.01629035919904709,,0.013919028453528881,0.06301259994506836,0.04716141149401665,0.014751680195331573,,0.0,0.0,0.0,0.0
0.029369480907917023,0.038102708756923676,0.1670333445072174,0.019386501982808113,,0.031188085675239563,0.04278701916337013,0.1711682826280594,0.01999446004629135,,0.0,0.0,0.0,0.0
0.06731589883565903,0.0214547012001276,0.09159013628959656,0.020095909014344215,,0.06676933169364929,0.02221510000526905,0.0927128717303276,0.021241338923573494,,0.0,0.0,0.0,0.0
0.02999480813741684,0.025580793619155884,0.018578816205263138,0.12379029393196106,,0.030544482171535492,0.021819595247507095,0.019643070176243782,0.12376060336828232,,0.0,0.0,0.0,0.0
