true_r1,true_r2,true_r3,true_r4,,pred_r1,pred_r2,pred_r3,pred_r4, ,mask_r1,mask_r2,mask_r3,mask_r4
0.08073790371417999,0.029019247740507126,0.11686959862709045,0.027124345302581787,,0.08103138208389282,0.02843666262924671,0.11700556427240372,0.02584582194685936,,0.0,0.0,0.0,0.0
0.060597870498895645,0.0410163551568985,0.1833549290895462,0.028244080021977425,,0.059971749782562256,0.04145529866218567,0.18277987837791443,0.028661062940955162,,0.0,0.0,0.0,0.0
0.023426473140716553,0.04430662840604782,0.018722886219620705,0.12106787413358688,,0.02366402931511402,0.04424259439110756,0.018060510978102684,0.12036153674125671,,0.0,0.0,0.0,0.0
0.038090478628873825,0.056795164942741394,0.17312349379062653,0.025982240214943886,,0.039625681936740875,0.056262217462062836,0.1707865297794342,0.027054227888584137,,0.0,0.0,0.0,0.0
0.024165518581867218,0.02189527451992035,0.016877878457307816,0.09706281870603561,,0.023656943812966347,0.025425659492611885,0.016507016494870186,0.09305400401353836,,0.0,0.0,1.0,0.0
0.028126101940870285,0.09401628375053406,0.0336432084441185,0.06632503122091293,,0.0279378704726696,0.09150013327598572,0.03278170898556709,0.06547920405864716,,0.0,0.0,0.0,0.0
0.019179392606019974,0.13968609273433685,0.027599627152085304,0.038656048476696014,,0.018721142783761024,0.1374610811471939,0.025558993220329285,0.042114757001399994,,0.0,0.0,0.0,0.0
0.1250862032175064,0.019728822633624077,0.03407026454806328,0.028131011873483658,,0.1237165555357933,0.02091064117848873,0.03962867707014084,0.02706528641283512,,0.0,0.0,0.0,0.0
