true_r1,true_r2,true_r3,true_r4,,pred_r1,pred_r2,pred_r3,pred_r4, ,mask_r1,mask_r2,mask_r3,mask_r4
0.013333194889128208,0.09866223484277725,0.023828735575079918,0.023726899176836014,,0.012747826054692268,0.09832051396369934,0.02379390224814415,0.023665891960263252,,1.0,0.0,0.0,0.0
0.033951468765735626,0.02832651138305664,0.017235934734344482,0.1393611580133438,,0.033770740032196045,0.02785549685359001,0.017092587426304817,0.13908246159553528,,0.0,0.0,0.0,0.0
0.022406257688999176,0.15761791169643402,0.030169116333127022,0.055802181363105774,,0.0223525557667017,0.1574396789073944,0.03019949235022068,0.05691104754805565,,0.0,0.0,0.0,0.0
0.01800699718296528,0.11623697727918625,0.026159916073083878,0.03847832232713699,,0.017920682206749916,0.1165376827120781,0.026083972305059433,0.038110990077257156,,0.0,0.0,0.0,0.0
