true_r1,true_r2,true_r3,true_r4,,pred_r1,pred_r2,pred_r3,pred_r4, ,mask_r1,mask_r2,mask_r3,mask_r4
0.01571270264685154,0.04986092448234558,0.01452596765011549,0.06728869676589966,,0.015792332589626312,0.04941285401582718,0.014625998213887215,0.0666946992278099,,0.0,0.0,0.0,0.0
0.0992928296327591,0.041820816695690155,0.14733222126960754,0.03757047653198242,,0.09937752783298492,0.0428355410695076,0.14605286717414856,0.03761952370405197,,0.0,0.0,0.0,0.0
0.010586634278297424,0.07106911391019821,0.01746237277984619,0.017624374479055405,,0.010824535973370075,0.0712127834558487,0.017505308613181114,0.017040658742189407,,1.0,0.0,0.0,0.0
0.06766913086175919,0.06727228313684464,0.04032617807388306,0.1869288682937622,,0.06797013431787491,0.06628312170505524,0.04313715174794197,0.18457601964473724,,0.0,0.0,0.0,0.0
0.06589704006910324,0.03983170911669731,0.04957952722907066,0.04901522397994995,,0.06626760214567184,0.03947170078754425,0.04983677715063095,0.04852854087948799,,0.0,0.0,0.0,0.0
0.12767520546913147,0.021668707951903343,0.026312749832868576,0.05588535591959953,,0.12758609652519226,0.0208758395165205,0.02630217932164669,0.05443799868226051,,0.0,0.0,0.0,0.0
