true_r1,true_r2,true_r3,true_r4,,pred_r1,pred_r2,pred_r3,pred_r4, ,mask_r1,mask_r2,mask_r3,mask_r4
0.040429603308439255,0.020787162706255913,0.11364476382732391,0.016060637310147285,,0.04025234654545784,0.021544000133872032,0.11453238129615784,0.015867188572883606,,0.0,0.0,0.0,0.0
0.02981412597000599,0.040480248630046844,0.1744019091129303,0.019189458340406418,,0.030610399320721626,0.039280857890844345,0.1753837615251541,0.01888939179480076,,0.0,0.0,0.0,0.0
0.022361330687999725,0.20589546859264374,0.03631028160452843,0.0460914745926857,,0.02176973596215248,0.20538656413555145,0.037080470472574234,0.04620558023452759,,0.0,0.0,0.0,0.0
0.020076017826795578,0.0232379287481308,0.08905032277107239,0.013032288290560246,,0.021352989599108696,0.02438349649310112,0.08428081125020981,0.01372233871370554,,0.0,0.0,0.0,1.0
0.04397350922226906,0.10343125462532043,0.04387826845049858,0.14526814222335815,,0.04349396377801895,0.10126008093357086,0.043495867401361465,0.1434244066476822,,0.0,0.0,0.0,0.0
0.02293861098587513,0.04209013655781746,0.01840880699455738,0.11448966711759567,,0.022716227918863297,0.041736144572496414,0.017178457230329514,0.11480984836816788,,0.0,0.0,0.0,0.0
0.0790582224726677,0.0371980182826519,0.11895699799060822,0.032272521406412125,,0.08007578551769257,0.036920834332704544,0.12052277475595474,0.031315334141254425,,0.0,0.0,0.0,0.0
