true_r1,true_r2,true_r3,true_r4,,pred_r1,pred_r2,pred_r3,pred_r4, ,mask_r1,mask_r2,mask_r3,mask_r4
0.08237111568450928,0.021037833765149117,0.05516767129302025,0.02382015436887741,,0.0825638547539711,0.020947452634572983,0.0559501014649868,0.0240361075848341,,0.0,0.0,0.0,0.0
0.02481752075254917,0.024938663467764854,0.10486432164907455,0.014460663311183453,,0.02605757862329483,0.02445731684565544,0.1035928800702095,0.014609509147703648,,0.0,0.0,0.0,1.0
0.07948582619428635,0.02875424548983574,0.03427724167704582,0.05506212264299393,,0.07847875356674194,0.02884676121175289,0.033180300146341324,0.05554559826850891,,0.0,0.0,0.0,0.0
0.019658172503113747,0.07583455741405487,0.022398358210921288,0.05399167537689209,,0.02089013159275055,0.07559165358543396,0.024511629715561867,0.05163911357522011,,0.0,0.0,0.0,0.0
0.06929996609687805,0.0686827152967453,0.09134703129529953,0.05464834347367287,,0.06792204827070236,0.06872083991765976,0.09338143467903137,0.054352834820747375,,0.0,0.0,0.0,0.0
