true_r1,true_r2,true_r3,true_r4,,pred_r1,pred_r2,pred_r3,pred_r4, ,mask_r1,mask_r2,mask_r3,mask_r4
0.12740764021873474,0.02827519364655018,0.08851315081119537,0.03114624135196209,,0.1282145082950592,0.028295258060097694,0.08896646648645401,0.031048573553562164,,0.0,0.0,0.0,0.0
0.13798128068447113,0.01774594560265541,0.04100082814693451,0.025678357109427452,,0.13885048031806946,0.01776278018951416,0.0415470153093338,0.025559762492775917,,0.0,0.0,0.0,0.0
0.02510676719248295,0.023705461993813515,0.12299844622612,0.013137942180037498,,0.023596733808517456,0.024247871711850166,0.1226450577378273,0.013057277537882328,,0.0,0.0,0.0,0.0
0.021138112992048264,0.14371062815189362,0.03359121456742287,0.026229683309793472,,0.017658481374382973,0.14187204837799072,0.03212112560868263,0.025137443095445633,,0.0,0.0,0.0,0.0
0.019261464476585388,0.020978132262825966,0.08628775924444199,0.011831889860332012,,0.02198292315006256,0.021068524569272995,0.0857112780213356,0.012037981301546097,,0.0,0.0,0.0,1.0
