true_r1,true_r2,true_r3,true_r4,,pred_r1,pred_r2,pred_r3,pred_r4, ,mask_r1,mask_r2,mask_r3,mask_r4
0.11124053597450256,0.024468369781970978,0.07705196738243103,0.027384744957089424,,0.11103016883134842,0.02430970035493374,0.0770052820444107,0.027326826006174088,,0.0,0.0,0.0,0.0
0.10407812148332596,0.01589510589838028,0.02602342888712883,0.025447139516472816,,0.10530638694763184,0.014998521655797958,0.02490997686982155,0.024493996053934097,,0.0,1.0,0.0,0.0
0.047941096127033234,0.01717514358460903,0.014651315286755562,0.06932662427425385,,0.04832443222403526,0.016390204429626465,0.015495372004806995,0.06994771957397461,,0.0,0.0,0.0,0.0
0.0271623395383358,0.12689073383808136,0.030584417283535004,0.03473677858710289,,0.023844609037041664,0.12725946307182312,0.029733415693044662,0.03544139117002487,,0.0,0.0,0.0,0.0
0.10108210891485214,0.05900346487760544,0.07387645542621613,0.07647136598825455,,0.10659448057413101,0.06010359898209572,0.07451062649488449,0.07496790587902069,,0.0,0.0,0.0,0.0
0.09818945825099945,0.03641493245959282,0.030801046639680862,0.13769377768039703,,0.0941586121916771,0.035501785576343536,0.031439900398254395,0.13839294016361237,,0.0,0.0,0.0,0.0
