true_r1,true_r2,true_r3,true_r4,,pred_r1,pred_r2,pred_r3,pred_r4, ,mask_r1,mask_r2,mask_r3,mask_r4
0.014677236787974834,0.106400266289711,0.02017574943602085,0.03765581548213959,,0.014428067952394485,0.10584186017513275,0.019276529550552368,0.03774584084749222,,0.0,0.0,0.0,0.0
0.13819453120231628,0.030209049582481384,0.09575745463371277,0.033610470592975616,,0.13830004632472992,0.03038794919848442,0.09648939967155457,0.03349914029240608,,0.0,0.0,0.0,0.0
0.04973633587360382,0.03792209178209305,0.21692195534706116,0.02340722642838955,,0.04802515730261803,0.03791305795311928,0.21700337529182434,0.02366165816783905,,0.0,0.0,0.0,0.0
0.02071845531463623,0.022266210988163948,0.09131982177495956,0.012801392935216427,,0.023030731827020645,0.02109445631504059,0.09112486243247986,0.01247461698949337,,0.0,0.0,0.0,1.0
0.03239958733320236,0.03429139405488968,0.0939682200551033,0.02142181806266308,,0.03959445655345917,0.040829144418239594,0.10004093497991562,0.020867710933089256,,0.0,0.0,0.0,0.0
0.027615170925855637,0.166626438498497,0.04373166337609291,0.03477795794606209,,0.02712036296725273,0.16444484889507294,0.04638734087347984,0.034280482679605484,,0.0,0.0,0.0,0.0
0.21921761333942413,0.0351085290312767,0.07268136739730835,0.049951259046792984,,0.2187061458826065,0.03444375842809677,0.07122643291950226,0.048771459609270096,,0.0,0.0,0.0,0.0
0.1377633810043335,0.032703109085559845,0.0976615846157074,0.033541180193424225,,0.13409750163555145,0.03391667455434799,0.09665396064519882,0.03303634747862816,,0.0,0.0,0.0,0.0
