true_r1,true_r2,true_r3,true_r4,,pred_r1,pred_r2,pred_r3,pred_r4, ,mask_r1,mask_r2,mask_r3,mask_r4
0.07501273602247238,0.02626979909837246,0.024338534101843834,0.10883080214262009,,0.07491595298051834,0.026762761175632477,0.02392115816473961,0.10838710516691208,,0.0,0.0,0.0,0.0
0.030494539067149162,0.08677579462528229,0.02758692018687725,0.1257026195526123,,0.030787672847509384,0.08746260404586792,0.028284968808293343,0.12474915385246277,,0.0,0.0,0.0,0.0
0.04140479117631912,0.04190380498766899,0.20807716250419617,0.022463543340563774,,0.04179216921329498,0.04114942252635956,0.2071370631456375,0.022969864308834076,,0.0,0.0,0.0,0.0
0.029219986870884895,0.03153982758522034,0.01967722736299038,0.11616192013025284,,0.028314849361777306,0.03204655647277832,0.01689077541232109,0.11639665067195892,,0.0,0.0,1.0,0.0
0.012842081487178802,0.07798677682876587,0.033728618174791336,0.017157549038529396,,0.012825526297092438,0.0780457928776741,0.032866667956113815,0.01751771755516529,,0.0,0.0,0.0,0.0
