true_r1,true_r2,true_r3,true_r4,,pred_r1,pred_r2,pred_r3,pred_r4, ,mask_r1,mask_r2,mask_r3,mask_r4
0.03750200942158699,0.1489856094121933,0.042729008942842484,0.099183589220047,,0.037779077887535095,0.14785513281822205,0.04280736297369003,0.0998060554265976,,0.0,0.0,0.0,0.0
0.02343752048909664,0.023083889856934547,0.013441124930977821,0.09676218777894974,,0.023988431319594383,0.02343670092523098,0.015281413681805134,0.0954892709851265,,0.0,0.0,1.0,0.0
0.10013385117053986,0.013029029592871666,0.02051829732954502,0.025668274611234665,,0.09962110966444016,0.011827774345874786,0.021026119589805603,0.025124020874500275,,0.0,0.0,0.0,0.0
0.02232462167739868,0.02338266372680664,0.10188993066549301,0.0156735610216856,,0.01983693614602089,0.021217841655015945,0.10100328177213669,0.01380374189466238,,0.0,0.0,0.0,0.0
0.020297031849622726,0.1344679594039917,0.04140691086649895,0.02895829826593399,,0.02122240513563156,0.1351279765367508,0.04223296418786049,0.029250165447592735,,0.0,0.0,0.0,0.0
0.03216877207159996,0.021648216992616653,0.11118470877408981,0.014235414564609528,,0.032136645168066025,0.02534754015505314,0.11064234375953674,0.016252655535936356,,0.0,0.0,0.0,0.0
0.011941946111619473,0.07835301011800766,0.0174700990319252,0.021051079034805298,,0.011988313868641853,0.07770293205976486,0.015535704791545868,0.02064463309943676,,0.0,0.0,0.0,0.0
