true_r1,true_r2,true_r3,true_r4,,pred_r1,pred_r2,pred_r3,pred_r4, ,mask_r1,mask_r2,mask_r3,mask_r4
0.08976827561855316,0.05523455888032913,0.12932780385017395,0.046515654772520065,,0.0894838497042656,0.0551326721906662,0.12871451675891876,0.04634026065468788,,0.0,0.0,0.0,0.0
0.02678266167640686,0.020040376111865044,0.01246963907033205,0.11617515236139297,,0.026598889380693436,0.02015964686870575,0.012994758784770966,0.11748067289590836,,0.0,0.0,0.0,0.0
0.12245994806289673,0.015076959505677223,0.03136962652206421,0.02759520336985588,,0.12255547195672989,0.01625899039208889,0.030457595363259315,0.027526333928108215,,0.0,0.0,0.0,0.0
0.02603820525109768,0.02395353652536869,0.09558012336492538,0.017372976988554,,0.02608603797852993,0.024082770571112633,0.09476198256015778,0.014401745982468128,,0.0,0.0,0.0,1.0
0.10719253122806549,0.024241043254733086,0.027741387486457825,0.0766090378165245,,0.10883712768554688,0.024125482887029648,0.028226368129253387,0.07372434437274933,,0.0,0.0,0.0,0.0
0.06123954802751541,0.060232941061258316,0.16909752786159515,0.038364868611097336,,0.061843790113925934,0.05998840555548668,0.16854014992713928,0.036877818405628204,,0.0,0.0,0.0,0.0
