true_r1,true_r2,true_r3,true_r4,,pred_r1,pred_r2,pred_r3,pred_r4, ,mask_r1,mask_r2,mask_r3,mask_r4
0.13770338892936707,0.03033176250755787,0.09468603134155273,0.033345386385917664,,0.1373985856771469,0.02980343997478485,0.09495874494314194,0.0333898589015007,,0.0,0.0,0.0,0.0
0.013417945243418217,0.09786573052406311,0.024643976241350174,0.023542329668998718,,0.01338981930166483,0.09825272858142853,0.023474903777241707,0.023497216403484344,,1.0,0.0,0.0,0.0
0.02189461700618267,0.06206674128770828,0.08911681920289993,0.019582537934184074,,0.02188069559633732,0.062120549380779266,0.08912842720746994,0.019548561424016953,,0.0,0.0,0.0,0.0
0.089035265147686,0.03822886943817139,0.13172319531440735,0.03390487655997276,,0.08959963917732239,0.03923451900482178,0.13270491361618042,0.03376121446490288,,0.0,0.0,0.0,0.0
