true_r1,true_r2,true_r3,true_r4,,pred_r1,pred_r2,pred_r3,pred_r4, ,mask_r1,mask_r2,mask_r3,mask_r4
0.04840751737356186,0.025899197906255722,0.13765646517276764,0.01946907863020897,,0.048238907009363174,0.026242969557642937,0.13707676529884338,0.01973240077495575,,0.0,0.0,0.0,0.0
0.026954656466841698,0.07363317161798477,0.030848583206534386,0.050971925258636475,,0.026792030781507492,0.07384444773197174,0.031061869114637375,0.05107075721025467,,0.0,0.0,0.0,0.0
0.02594035305082798,0.047830309718847275,0.13080249726772308,0.01873161271214485,,0.02503807283937931,0.04637777805328369,0.13242414593696594,0.0186997689306736,,0.0,0.0,0.0,0.0
0.09606058895587921,0.05473857372999191,0.07620055973529816,0.0709327980875969,,0.09622896462678909,0.055722519755363464,0.06996946036815643,0.07067710906267166,,0.0,0.0,0.0,0.0
0.07736033946275711,0.02737206593155861,0.10643722862005234,0.024290965870022774,,0.07680179178714752,0.027698688209056854,0.10597358644008636,0.02481209672987461,,0.0,0.0,0.0,0.0
0.07334070652723312,0.01789957843720913,0.0193241648375988,0.055356189608573914,,0.07491914182901382,0.0178312286734581,0.018026202917099,0.05524026229977608,,0.0,0.0,0.0,0.0
0.019678374752402306,0.018690258264541626,0.07434134930372238,0.012546746991574764,,0.01917024701833725,0.018687747418880463,0.0752737820148468,0.012919473461806774,,0.0,0.0,0.0,1.0
