true_r1,true_r2,true_r3,true_r4,,pred_r1,pred_r2,pred_r3,pred_r4, ,mask_r1,mask_r2,mask_r3,mask_r4
0.08485911041498184,0.019215170294046402,0.02061263844370842,0.058320317417383194,,0.0846945270895958,0.01867988146841526,0.02058652602136135,0.05922764539718628,,0.0,0.0,0.0,0.0
0.02625168301165104,0.026256462559103966,0.01462013740092516,0.13857273757457733,,0.026439357548952103,0.026520244777202606,0.014850006438791752,0.1382884681224823,,0.0,0.0,0.0,0.0
0.1283712238073349,0.02815268561244011,0.04533695429563522,0.04755428433418274,,0.1268988400697708,0.028265146538615227,0.044938527047634125,0.046977072954177856,,0.0,0.0,0.0,0.0
0.02269170992076397,0.06968110799789429,0.02117961458861828,0.09372476488351822,,0.02219502441585064,0.06967995315790176,0.0204903744161129,0.09336534142494202,,0.0,0.0,0.0,0.0
0.1132117360830307,0.019421318545937538,0.04863731190562248,0.02566380798816681,,0.11299382895231247,0.016199229285120964,0.047287553548812866,0.030047258362174034,,0.0,0.0,0.0,0.0
0.03147941455245018,0.042309023439884186,0.01976650021970272,0.14323389530181885,,0.030711133033037186,0.043147601187229156,0.020015504211187363,0.14255157113075256,,0.0,0.0,0.0,0.0
0.02532469853758812,0.024320023134350777,0.013908839784562588,0.1024908721446991,,0.02714327536523342,0.024992555379867554,0.013475955463945866,0.10054037719964981,,0.0,0.0,1.0,0.0
0.03981120511889458,0.02767045795917511,0.018053416162729263,0.11873465776443481,,0.039242446422576904,0.026345664635300636,0.017848031595349312,0.1181570515036583,,0.0,0.0,0.0,0.0
