true_r1,true_r2,true_r3,true_r4,,pred_r1,pred_r2,pred_r3,pred_r4, ,mask_r1,mask_r2,mask_r3,mask_r4
0.020175661891698837,0.027011429890990257,0.11841130256652832,0.013155292719602585,,0.020502232015132904,0.026396969333291054,0.11890342086553574,0.012770421802997589,,0.0,0.0,0.0,0.0
0.038549549877643585,0.017855701968073845,0.08914157748222351,0.014050432480871677,,0.038366734981536865,0.017956987023353577,0.08915600180625916,0.01449115201830864,,0.0,0.0,0.0,0.0
0.053452860563993454,0.01884477771818638,0.07536047697067261,0.017028437927365303,,0.05363934859633446,0.018167247995734215,0.07526499032974243,0.016452975571155548,,0.0,0.0,0.0,0.0
0.01029830239713192,0.08319234102964401,0.01614784076809883,0.02426205761730671,,0.01204919908195734,0.08260910958051682,0.016905527561903,0.024275053292512894,,0.0,0.0,0.0,0.0
0.17627207934856415,0.018752431496977806,0.031541574746370316,0.038759082555770874,,0.17182894051074982,0.0203736312687397,0.03075295127928257,0.039541929960250854,,0.0,0.0,0.0,0.0
0.08725591003894806,0.020521124824881554,0.023564325645565987,0.06184886395931244,,0.08854932337999344,0.021043136715888977,0.023314595222473145,0.06360843777656555,,0.0,0.0,0.0,0.0
0.10764458775520325,0.01695280708372593,0.022315887734293938,0.04584399238228798,,0.10653536766767502,0.017621086910367012,0.02368844300508499,0.04580285772681236,,0.0,0.0,0.0,0.0
0.0753256157040596,0.0118149658665061,0.02223563753068447,0.020632954314351082,,0.07519785314798355,0.014406698755919933,0.020891442894935608,0.01795543171465397,,0.0,1.0,0.0,0.0
