true_r1,true_r2,true_r3,true_r4,,pred_r1,pred_r2,pred_r3,pred_r4, ,mask_r1,mask_r2,mask_r3,mask_r4
0.01778535731136799,0.07892964035272598,0.05809007212519646,0.019374066963791847,,0.017942281439900398,0.07864069193601608,0.05846385285258293,0.01900104060769081,,0.0,0.0,0.0,0.0
0.08370370417833328,0.010338804684579372,0.02084074169397354,0.01674221083521843,,0.08361449092626572,0.010567959398031235,0.0207663644105196,0.016704950481653214,,0.0,0.0,0.0,0.0
0.026427270844578743,0.02657332271337509,0.10929518193006516,0.01575108990073204,,0.02642499841749668,0.02661621756851673,0.10934969782829285,0.013327209278941154,,0.0,0.0,0.0,1.0
0.10833526402711868,0.014099383726716042,0.0212763249874115,0.02666042000055313,,0.10667087137699127,0.013576182536780834,0.02176368236541748,0.02685346081852913,,0.0,0.0,0.0,0.0
0.03956044465303421,0.055226996541023254,0.1607791781425476,0.025510603561997414,,0.040163859724998474,0.05303483083844185,0.1591453105211258,0.026134783402085304,,0.0,0.0,0.0,0.0
0.05528263747692108,0.052310746163129807,0.07220063358545303,0.042706772685050964,,0.05835111066699028,0.05247524380683899,0.07243669778108597,0.04216091334819794,,0.0,0.0,0.0,0.0
0.12141387909650803,0.016550196334719658,0.02350773476064205,0.04231672361493111,,0.11846952885389328,0.018604859709739685,0.02451217919588089,0.042314689606428146,,0.0,0.0,0.0,0.0
0.038724370300769806,0.08351577818393707,0.033526696264743805,0.12293307483196259,,0.038758642971515656,0.0826011598110199,0.033037956804037094,0.12347949296236038,,0.0,0.0,0.0,0.0
