true_r1,true_r2,true_r3,true_r4,,pred_r1,pred_r2,pred_r3,pred_r4, ,mask_r1,mask_r2,mask_r3,mask_r4
0.1309264600276947,0.018650703132152557,0.046938132494688034,0.024868551641702652,,0.13038630783557892,0.018727455288171768,0.04717382788658142,0.024906758219003677,,0.0,0.0,0.0,0.0
0.11596865206956863,0.01471699308604002,0.021585624665021896,0.03378762677311897,,0.11624071002006531,0.014734689146280289,0.021499421447515488,0.033735163509845734,,0.0,0.0,0.0,0.0
0.11027314513921738,0.017152708023786545,0.021423304453492165,0.040158871561288834,,0.11228610575199127,0.01674749329686165,0.021863823756575584,0.039648231118917465,,0.0,0.0,0.0,0.0
0.030609389767050743,0.038347676396369934,0.1327086240053177,0.018295058980584145,,0.02851985953748226,0.038381367921829224,0.13080430030822754,0.01811419241130352,,0.0,0.0,0.0,0.0
0.019605299457907677,0.019749928265810013,0.08191899955272675,0.011276785284280777,,0.01976783759891987,0.019620561972260475,0.08276156336069107,0.011411052197217941,,0.0,0.0,0.0,1.0
0.0292940903455019,0.0438428595662117,0.1520116627216339,0.01900903880596161,,0.03078533709049225,0.04434957355260849,0.15105247497558594,0.019538966938853264,,0.0,0.0,0.0,0.0
