true_r1,true_r2,true_r3,true_r4,,pred_r1,pred_r2,pred_r3,pred_r4, ,mask_r1,mask_r2,mask_r3,mask_r4
0.08296998590230942,0.011206470429897308,0.01986507698893547,0.020375724881887436,,0.08316130191087723,0.011914552189409733,0.02024705894291401,0.020031988620758057,,0.0,1.0,0.0,0.0
0.020716998726129532,0.03785274550318718,0.01524896640330553,0.10676804929971695,,0.020683351904153824,0.03774422034621239,0.014875628985464573,0.10671491920948029,,0.0,0.0,0.0,0.0
0.050177447497844696,0.08406785875558853,0.06227981671690941,0.06364982575178146,,0.05043176934123039,0.08423682302236557,0.06273012608289719,0.06356436759233475,,0.0,0.0,0.0,0.0
0.018956024199724197,0.02949478104710579,0.013062887825071812,0.09471802413463593,,0.01798936165869236,0.027189264073967934,0.011969768442213535,0.09650840610265732,,0.0,0.0,0.0,0.0
0.03271272033452988,0.016748853027820587,0.01215482410043478,0.08956689387559891,,0.03917347639799118,0.01887434534728527,0.016411200165748596,0.08795449137687683,,0.0,0.0,0.0,0.0
0.05741927772760391,0.03905736654996872,0.03150765225291252,0.08590006828308105,,0.057744644582271576,0.03818278759717941,0.031249068677425385,0.08382181078195572,,0.0,0.0,0.0,0.0
0.0583513043820858,0.03482493758201599,0.03049430064857006,0.08128125220537186,,0.05664147809147835,0.03677903115749359,0.02986733615398407,0.08242189884185791,,0.0,0.0,0.0,0.0
0.05742492899298668,0.055457327514886856,0.07483232766389847,0.049658775329589844,,0.055691324174404144,0.05702044814825058,0.07440275698900223,0.04758602753281593,,0.0,0.0,0.0,0.0
