true_r1,true_r2,true_r3,true_r4,,pred_r1,pred_r2,pred_r3,pred_r4, ,mask_r1,mask_r2,mask_r3,mask_r4
0.049303874373435974,0.030286261811852455,0.07113663852214813,0.02563568763434887,,0.04903942719101906,0.030353248119354248,0.07092785090208054,0.025655778124928474,,0.0,0.0,0.0,0.0
0.03618980944156647,0.08359645307064056,0.12420455366373062,0.03222590312361717,,0.03597697988152504,0.08293041586875916,0.12332285195589066,0.03164039924740791,,0.0,0.0,0.0,0.0
0.02186146192252636,0.021487560123205185,0.09033150225877762,0.012210235930979252,,0.02118838205933571,0.022197242826223373,0.08999362587928772,0.013038390316069126,,0.0,0.0,0.0,1.0
0.10970472544431686,0.04062945768237114,0.08013554662466049,0.04736657068133354,,0.11212235689163208,0.040973588824272156,0.08011085540056229,0.046979568898677826,,0.0,0.0,0.0,0.0
