true_r1,true_r2,true_r3,true_r4,,pred_r1,pred_r2,pred_r3,pred_r4, ,mask_r1,mask_r2,mask_r3,mask_r4
0.11219961196184158,0.017877597361803055,0.025101313367486,0.03585361689329147,,0.11192367970943451,0.017338115721940994,0.024909459054470062,0.03711814805865288,,0.0,0.0,0.0,0.0
0.07810692489147186,0.048364609479904175,0.11321777105331421,0.04130220785737038,,0.07829494029283524,0.04854115471243858,0.11300680041313171,0.04077498987317085,,0.0,0.0,0.0,0.0
0.04394916445016861,0.04522046446800232,0.026374077424407005,0.12320695072412491,,0.04491639882326126,0.04397482052445412,0.026120437309145927,0.12355806678533554,,0.0,0.0,0.0,0.0
0.10590147972106934,0.016926037147641182,0.021877920255064964,0.045546043664216995,,0.10366075485944748,0.016497643664479256,0.022764358669519424,0.04691487178206444,,0.0,0.0,0.0,0.0
0.0822642371058464,0.053344737738370895,0.1219852939248085,0.045536160469055176,,0.08337840437889099,0.05069476366043091,0.11645873636007309,0.04076983407139778,,0.0,0.0,0.0,0.0
0.06207260116934776,0.037973370403051376,0.0877695307135582,0.03516503795981407,,0.062185708433389664,0.04030170291662216,0.08802936971187592,0.036134984344244,,0.0,0.0,0.0,0.0
0.017340922728180885,0.12038887292146683,0.024878719821572304,0.03041646257042885,,0.016396794468164444,0.12024009972810745,0.02557520940899849,0.029040781781077385,,0.0,0.0,0.0,0.0
0.018852483481168747,0.019208185374736786,0.0686229020357132,0.011769125238060951,,0.019130950793623924,0.02087966352701187,0.07097513973712921,0.015775496140122414,,0.0,0.0,0.0,1.0
