true_r1,true_r2,true_r3,true_r4,,pred_r1,pred_r2,pred_r3,pred_r4, ,mask_r1,mask_r2,mask_r3,mask_r4
0.040848709642887115,0.070030577480793,0.051686841994524,0.05215073376893997,,0.04066510498523712,0.06985805183649063,0.05155688524246216,0.05214875936508179,,0.0,0.0,0.0,0.0
0.0853327289223671,0.01112731546163559,0.016973787918686867,0.024492962285876274,,0.0848131775856018,0.011652243323624134,0.0158317219465971,0.02504248544573784,,0.0,0.0,0.0,0.0
0.09291341155767441,0.014707162976264954,0.040410980582237244,0.019002962857484818,,0.09342607110738754,0.015410893596708775,0.04083464294672012,0.018740614876151085,,0.0,0.0,0.0,0.0
0.03251044824719429,0.07023945450782776,0.10593990236520767,0.02726619504392147,,0.03245930001139641,0.07065428048372269,0.10421828925609589,0.02954954281449318,,0.0,0.0,0.0,0.0
0.02238365076482296,0.018857628107070923,0.013236834667623043,0.06735215336084366,,0.02180691808462143,0.018124153837561607,0.01401500590145588,0.06729581952095032,,0.0,0.0,1.0,0.0
0.03380083292722702,0.07668428868055344,0.11413796991109848,0.03068074956536293,,0.034823186695575714,0.07586881518363953,0.11445660144090652,0.02905425801873207,,0.0,0.0,0.0,0.0
0.12084027379751205,0.043814823031425476,0.08429034054279327,0.05182666704058647,,0.12056717276573181,0.04444243013858795,0.08321239054203033,0.052080702036619186,,0.0,0.0,0.0,0.0
