true_r1,true_r2,true_r3,true_r4,,pred_r1,pred_r2,pred_r3,pred_r4, ,mask_r1,mask_r2,mask_r3,mask_r4
0.022915096953511238,0.022840647026896477,0.013150753453373909,0.09521100670099258,,0.02300621010363102,0.02302292361855507,0.012498737312853336,0.09584333002567291,,0.0,0.0,1.0,0.0
0.0335371196269989,0.09344553202390671,0.03989429399371147,0.0645197257399559,,0.033500880002975464,0.0932222381234169,0.03990066796541214,0.06453974545001984,,0.0,0.0,0.0,0.0
0.023070059716701508,0.1052398830652237,0.02524190954864025,0.07788955420255661,,0.023409664630889893,0.10547221451997757,0.02539660967886448,0.07785596698522568,,0.0,0.0,0.0,0.0
0.027422789484262466,0.034183092415332794,0.01692277379333973,0.15395310521125793,,0.02677089348435402,0.03317217901349068,0.01687481254339218,0.15394486486911774,,0.0,0.0,0.0,0.0
