true_r1,true_r2,true_r3,true_r4,,pred_r1,pred_r2,pred_r3,pred_r4, ,mask_r1,mask_r2,mask_r3,mask_r4
0.10945398360490799,0.02510894648730755,0.02642807364463806,0.08179032802581787,,0.10942050069570541,0.02374625764787197,0.026519306004047394,0.08093325048685074,,0.0,0.0,0.0,0.0
0.030501917004585266,0.14062438905239105,0.050056736916303635,0.04978646710515022,,0.030518947169184685,0.14025861024856567,0.049811121076345444,0.049853477627038956,,0.0,0.0,0.0,0.0
0.017832212150096893,0.11698190122842789,0.026402432471513748,0.03804916888475418,,0.017815833911299706,0.11294862627983093,0.025446543470025063,0.037393610924482346,,0.0,0.0,0.0,0.0
0.02199053019285202,0.02216452546417713,0.012159471400082111,0.0874316617846489,,0.020487064495682716,0.02579055353999138,0.014665371738374233,0.09118873625993729,,0.0,0.0,1.0,0.0
0.036097072064876556,0.10194854438304901,0.06827808171510696,0.043089624494314194,,0.03601444512605667,0.10462816804647446,0.06804177165031433,0.04437119886279106,,0.0,0.0,0.0,0.0
0.014312827959656715,0.12347742170095444,0.02730775997042656,0.02073839120566845,,0.013966916128993034,0.12530772387981415,0.02773948945105076,0.02096519060432911,,0.0,0.0,0.0,0.0
