true_r1,true_r2,true_r3,true_r4,,pred_r1,pred_r2,pred_r3,pred_r4, ,mask_r1,mask_r2,mask_r3,mask_r4
0.12690535187721252,0.013865035958588123,0.02806280367076397,0.021738650277256966,,0.12687280774116516,0.01361196767538786,0.028698287904262543,0.021731648594141006,,0.0,0.0,0.0,0.0
0.022233713418245316,0.021045153960585594,0.11100278049707413,0.011777477338910103,,0.021422304213047028,0.0214543454349041,0.11051435768604279,0.012200052849948406,,0.0,0.0,0.0,0.0
0.058950189501047134,0.02023441158235073,0.07938578724861145,0.01768389716744423,,0.05946334823966026,0.01887528970837593,0.07989566773176193,0.017461320385336876,,0.0,0.0,0.0,0.0
0.024255717173218727,0.07200932502746582,0.10486568510532379,0.022885164245963097,,0.025197727605700493,0.07267646491527557,0.1056160107254982,0.022821975871920586,,0.0,0.0,0.0,0.0
0.06575135886669159,0.012403246946632862,0.020500341430306435,0.016451796516776085,,0.06437091529369354,0.013339284807443619,0.02142932452261448,0.016657516360282898,,0.0,1.0,0.0,0.0
0.01219919417053461,0.09499846398830414,0.024776393547654152,0.019794652238488197,,0.012781137600541115,0.09513000398874283,0.02354114130139351,0.01911008544266224,,0.0,0.0,0.0,0.0
0.0826660543680191,0.05177908018231392,0.12195775657892227,0.04288395494222641,,0.0839957669377327,0.052184510976076126,0.12098228931427002,0.04347740486264229,,0.0,0.0,0.0,0.0
