true_r1,true_r2,true_r3,true_r4,,pred_r1,pred_r2,pred_r3,pred_r4, ,mask_r1,mask_r2,mask_r3,mask_r4
0.0488378070294857,0.026198329403996468,0.01983730122447014,0.137698233127594,,0.04950862377882004,0.026596158742904663,0.019557496532797813,0.13792431354522705,,0.0,0.0,0.0,0.0
0.06869184225797653,0.030302543193101883,0.10237430036067963,0.026794906705617905,,0.06882576644420624,0.029743408784270287,0.1026206836104393,0.026074707508087158,,0.0,0.0,0.0,0.0
0.025031592696905136,0.02890697307884693,0.015347231179475784,0.11983809620141983,,0.024239614605903625,0.02961832284927368,0.014687039889395237,0.11704404652118683,,0.0,0.0,0.0,0.0
0.02130262553691864,0.024564387276768684,0.014361896552145481,0.09322813153266907,,0.025456059724092484,0.02354358695447445,0.013601085171103477,0.09606590121984482,,0.0,0.0,1.0,0.0
0.06727099418640137,0.10757999867200851,0.08332762122154236,0.08383431285619736,,0.06716670095920563,0.10940657556056976,0.0827067643404007,0.08464229851961136,,0.0,0.0,0.0,0.0
0.06242397427558899,0.02176319994032383,0.08895864337682724,0.019743654876947403,,0.060271840542554855,0.02170056477189064,0.0894143283367157,0.022086163982748985,,0.0,0.0,0.0,0.0
0.01784351095557213,0.016334671527147293,0.011264446191489697,0.07335245609283447,,0.019050752744078636,0.015446877107024193,0.011329827830195427,0.07404791563749313,,0.0,0.0,0.0,0.0
