true_r1,true_r2,true_r3,true_r4,,pred_r1,pred_r2,pred_r3,pred_r4, ,mask_r1,mask_r2,mask_r3,mask_r4
0.12782606482505798,0.03245321661233902,0.037268754094839096,0.08578017354011536,,0.12789030373096466,0.032501015812158585,0.037207890301942825,0.08593644946813583,,0.0,0.0,0.0,0.0
0.021975276991724968,0.02236018143594265,0.09116525202989578,0.012380629777908325,,0.021748343482613564,0.021975338459014893,0.09130201488733292,0.013872489333152771,,0.0,0.0,0.0,1.0
0.04898010566830635,0.03422195091843605,0.023378027603030205,0.15195903182029724,,0.04854492470622063,0.03355974331498146,0.022994738072156906,0.1509762853384018,,0.0,0.0,0.0,0.0
0.02962000109255314,0.02924889698624611,0.016428539529442787,0.1472254991531372,,0.029661791399121284,0.030165428295731544,0.017497586086392403,0.1452278047800064,,0.0,0.0,0.0,0.0
0.017470162361860275,0.048613037914037704,0.016884678974747658,0.06817718595266342,,0.01746746525168419,0.049114786088466644,0.016019875183701515,0.06884168088436127,,0.0,0.0,0.0,0.0
