true_r1,true_r2,true_r3,true_r4,,pred_r1,pred_r2,pred_r3,pred_r4, ,mask_r1,mask_r2,mask_r3,mask_r4
0.022758839651942253,0.16117458045482635,0.05698050931096077,0.030958103016018867,,0.022980043664574623,0.1607033908367157,0.05715103819966316,0.030408231541514397,,0.0,0.0,0.0,0.0
0.018766647204756737,0.13299822807312012,0.02545420452952385,0.04746248573064804,,0.01914188265800476,0.1326969414949417,0.02566440962255001,0.04749244824051857,,0.0,0.0,0.0,0.0
0.09525765478610992,0.014177420176565647,0.018250351771712303,0.034239012748003006,,0.09483989328145981,0.015303771011531353,0.0184019822627306,0.03305802121758461,,0.0,0.0,0.0,0.0
0.10207992792129517,0.016871262341737747,0.021240565925836563,0.04447387531399727,,0.10131362825632095,0.019514841958880424,0.018949173390865326,0.04471636563539505,,0.0,0.0,0.0,0.0
0.013804486952722073,0.06878367066383362,0.01740795001387596,0.019178420305252075,,0.013418867252767086,0.06977476179599762,0.017530610784888268,0.018892750144004822,,1.0,0.0,0.0,0.0
0.014192174188792706,0.09206263720989227,0.021916743367910385,0.021975427865982056,,0.014760050922632217,0.08953587710857391,0.022424794733524323,0.022892309352755547,,1.0,0.0,0.0,0.0
0.10391785949468613,0.040250521153211594,0.045350924134254456,0.07225479185581207,,0.10397127270698547,0.039473600685596466,0.04562591388821602,0.07369952648878098,,0.0,0.0,0.0,0.0
