true_r1,true_r2,true_r3,true_r4,,pred_r1,pred_r2,pred_r3,pred_r4, ,mask_r1,mask_r2,mask_r3,mask_r4
0.02244741842150688,0.022252287715673447,0.012652993202209473,0.09361501038074493,,0.02265450917184353,0.022872531786561012,0.012554803863167763,0.09259434044361115,,0.0,0.0,1.0,0.0
0.14172184467315674,0.030925443395972252,0.05056282877922058,0.05073703080415726,,0.14243781566619873,0.030467022210359573,0.050346098840236664,0.051172513514757156,,0.0,0.0,0.0,0.0
0.08159629255533218,0.013641162775456905,0.01699100248515606,0.03669685125350952,,0.0840400904417038,0.014242107048630714,0.016550110653042793,0.03488225117325783,,0.0,0.0,0.0,0.0
0.027318118140101433,0.019152306020259857,0.01235011126846075,0.09840472042560577,,0.025659406557679176,0.020361457020044327,0.012360969558358192,0.09741181135177612,,0.0,0.0,0.0,0.0
0.04000120982527733,0.10165487229824066,0.042658399790525436,0.07022377103567123,,0.03487125039100647,0.09726960957050323,0.04165107011795044,0.07130683958530426,,0.0,0.0,0.0,0.0
0.023830708116292953,0.09643218666315079,0.024043917655944824,0.027724983170628548,,0.019954245537519455,0.09574997425079346,0.022051433101296425,0.028121400624513626,,0.0,0.0,0.0,0.0
0.01916450262069702,0.020081842318177223,0.10092425346374512,0.010332979261875153,,0.021407345309853554,0.020518621429800987,0.10191458463668823,0.012202341109514236,,0.0,0.0,0.0,0.0
0.20796933770179749,0.024125946685671806,0.03688475862145424,0.04945610091090202,,0.20887593924999237,0.02343733236193657,0.03846636787056923,0.049907051026821136,,0.0,0.0,0.0,0.0
