true_r1,true_r2,true_r3,true_r4,,pred_r1,pred_r2,pred_r3,pred_r4, ,mask_r1,mask_r2,mask_r3,mask_r4
0.057889338582754135,0.027055546641349792,0.02085276134312153,0.1359769105911255,,0.058865610510110855,0.02717825211584568,0.02131492830812931,0.13561128079891205,,0.0,0.0,0.0,0.0
0.017988134175539017,0.01737303100526333,0.07302199304103851,0.010206310078501701,,0.017762912437319756,0.017743900418281555,0.07252037525177002,0.011605854146182537,,0.0,0.0,0.0,1.0
0.10069931298494339,0.02263791672885418,0.06968816369771957,0.02535370923578739,,0.10303027927875519,0.02238318882882595,0.07133200019598007,0.02560730278491974,,0.0,0.0,0.0,0.0
0.14906667172908783,0.01893373392522335,0.02345144934952259,0.03737984970211983,,0.15061353147029877,0.017248231917619705,0.025487693026661873,0.03584887087345123,,0.0,0.0,0.0,0.0
0.03849620744585991,0.1557541787624359,0.06104673072695732,0.06175827607512474,,0.037762369960546494,0.15749847888946533,0.05976983159780502,0.06179579347372055,,0.0,0.0,0.0,0.0
0.06806150078773499,0.046169623732566833,0.03229707106947899,0.20156528055667877,,0.0656842514872551,0.044085513800382614,0.03238195925951004,0.20175868272781372,,0.0,0.0,0.0,0.0
0.03627699986100197,0.08269727975130081,0.1211816668510437,0.031813159584999084,,0.03665629029273987,0.08309416472911835,0.12121748179197311,0.031586240977048874,,0.0,0.0,0.0,0.0
