true_r1,true_r2,true_r3,true_r4,,pred_r1,pred_r2,pred_r3,pred_r4, ,mask_r1,mask_r2,mask_r3,mask_r4
0.10892369598150253,0.023784732446074486,0.02657829225063324,0.07493031769990921,,0.10710898786783218,0.023635726422071457,0.026351196691393852,0.07486850768327713,,0.0,0.0,0.0,0.0
0.07739172130823135,0.025236226618289948,0.10583081841468811,0.02313402108848095,,0.07935315370559692,0.02529183216392994,0.10427413135766983,0.02334650047123432,,0.0,0.0,0.0,0.0
0.015371577814221382,0.03419390320777893,0.0800865888595581,0.013304534368216991,,0.0157488826662302,0.03462044522166252,0.08183260262012482,0.013360233046114445,,0.0,0.0,0.0,0.0
0.024407124146819115,0.02376818284392357,0.09787097573280334,0.014102415181696415,,0.0247837845236063,0.0234590545296669,0.09836829453706741,0.013067051768302917,,0.0,0.0,0.0,1.0
0.055887531489133835,0.028646089136600494,0.15227608382701874,0.021739164367318153,,0.057918377220630646,0.031436506658792496,0.16141334176063538,0.02103504166007042,,0.0,0.0,0.0,0.0
0.1699383407831192,0.02666783519089222,0.04255155101418495,0.059196364134550095,,0.16605053842067719,0.025438737124204636,0.03952867165207863,0.059362489730119705,,0.0,0.0,0.0,0.0
0.04617774486541748,0.024760086089372635,0.12587520480155945,0.01815037429332733,,0.04707993194460869,0.02365649677813053,0.12520648539066315,0.018511224538087845,,0.0,0.0,0.0,0.0
0.04788300767540932,0.016144465655088425,0.0677604004740715,0.01634770631790161,,0.05060315132141113,0.016635559499263763,0.06788381189107895,0.01579221338033676,,0.0,0.0,0.0,0.0
