true_r1,true_r2,true_r3,true_r4,,pred_r1,pred_r2,pred_r3,pred_r4, ,mask_r1,mask_r2,mask_r3,mask_r4
0.041511230170726776,0.04191318899393082,0.023162536323070526,0.2071785032749176,,0.04151253402233124,0.04143945500254631,0.023112524300813675,0.20767566561698914,,0.0,0.0,0.0,0.0
0.011786079034209251,0.07500093430280685,0.01521982066333294,0.032230865210294724,,0.011617290787398815,0.07609480619430542,0.014825009740889072,0.03308708593249321,,0.0,0.0,0.0,0.0
0.085663340985775,0.012145786546170712,0.020633472129702568,0.020715799182653427,,0.08480183780193329,0.013493502512574196,0.020760273560881615,0.020484311506152153,,0.0,1.0,0.0,0.0
0.019766803830862045,0.16625061631202698,0.0325809009373188,0.0352608747780323,,0.020931759849190712,0.16673815250396729,0.03299376741051674,0.0378287099301815,,0.0,0.0,0.0,0.0
0.023467998951673508,0.142257958650589,0.04665499925613403,0.03546025976538658,,0.0228444691747427,0.14465400576591492,0.046837467700242996,0.033137496560811996,,0.0,0.0,0.0,0.0
