true_r1,true_r2,true_r3,true_r4,,pred_r1,pred_r2,pred_r3,pred_r4, ,mask_r1,mask_r2,mask_r3,mask_r4
0.02298872172832489,0.02351115271449089,0.0943608433008194,0.014261072501540184,,0.022291995584964752,0.022497909143567085,0.09429432451725006,0.012062378227710724,,0.0,0.0,0.0,1.0
0.06765367835760117,0.023664379492402077,0.021305708214640617,0.09725296497344971,,0.06760063022375107,0.02383381314575672,0.021575985476374626,0.09728933870792389,,0.0,0.0,0.0,0.0
0.023841260001063347,0.15548193454742432,0.054855260998010635,0.03174605593085289,,0.023168036714196205,0.1560228019952774,0.05555710569024086,0.0318586491048336,,0.0,0.0,0.0,0.0
0.054323460906744,0.025540607050061226,0.02121083252131939,0.1272253543138504,,0.05459008738398552,0.02610623463988304,0.019881146028637886,0.12765733897686005,,0.0,0.0,0.0,0.0
0.11193811893463135,0.031668875366449356,0.07628840953111649,0.029108375310897827,,0.10412005335092545,0.027583777904510498,0.07820218801498413,0.030674917623400688,,0.0,0.0,0.0,0.0
0.028759991750121117,0.034971170127391815,0.018927551805973053,0.13317179679870605,,0.030151506885886192,0.03471315652132034,0.016337767243385315,0.13769228756427765,,0.0,0.0,0.0,0.0
0.04609713330864906,0.0468452051281929,0.03748296946287155,0.06111523509025574,,0.047263238579034805,0.04553518816828728,0.03847217559814453,0.06026642397046089,,0.0,0.0,0.0,0.0
0.14480577409267426,0.03748470917344093,0.042837731540203094,0.10083059966564178,,0.14520877599716187,0.03889218345284462,0.04418366774916649,0.09607305377721786,,0.0,0.0,0.0,0.0
