true_r1,true_r2,true_r3,true_r4,,pred_r1,pred_r2,pred_r3,pred_r4, ,mask_r1,mask_r2,mask_r3,mask_r4
0.02105957455933094,0.020876361057162285,0.011915110982954502,0.08636671304702759,,0.021513089537620544,0.020877700299024582,0.011922959238290787,0.08626313507556915,,0.0,0.0,1.0,0.0
0.0673256665468216,0.0668383538722992,0.0415012501180172,0.18959343433380127,,0.0675087496638298,0.06739520281553268,0.040496695786714554,0.1917760670185089,,0.0,0.0,0.0,0.0
0.12638527154922485,0.016806146129965782,0.030978862196207047,0.032759860157966614,,0.12643177807331085,0.01743442751467228,0.030825208872556686,0.03187571465969086,,0.0,0.0,0.0,0.0
0.061911385506391525,0.03325440734624863,0.02456476166844368,0.17182864248752594,,0.062278494238853455,0.03373083844780922,0.024573272094130516,0.17205257713794708,,0.0,0.0,0.0,0.0
0.027139421552419662,0.020368101075291634,0.013249019160866737,0.11860236525535583,,0.02809208631515503,0.020321249961853027,0.013502373360097408,0.1190779060125351,,0.0,0.0,0.0,0.0
