true_r1,true_r2,true_r3,true_r4,,pred_r1,pred_r2,pred_r3,pred_r4, ,mask_r1,mask_r2,mask_r3,mask_r4
0.04389534890651703,0.03298904746770859,0.19421666860580444,0.02095801942050457,,0.044813551008701324,0.03349579870700836,0.19478631019592285,0.021031254902482033,,0.0,0.0,0.0,0.0
0.05238429084420204,0.05249190330505371,0.07041565328836441,0.04109064117074013,,0.05174491927027702,0.05208607017993927,0.07067850232124329,0.0413421168923378,,0.0,0.0,0.0,0.0
0.13205696642398834,0.017319999635219574,0.024277910590171814,0.038890380412340164,,0.1316806972026825,0.01799728535115719,0.025639597326517105,0.03890179470181465,,0.0,0.0,0.0,0.0
0.022804511711001396,0.018382256850600243,0.09191756695508957,0.012469339184463024,,0.02236776612699032,0.018215211108326912,0.09180296212434769,0.011037584394216537,,0.0,0.0,0.0,0.0
0.0195777527987957,0.031693972647190094,0.016270525753498077,0.07357234507799149,,0.013834211975336075,0.03174858167767525,0.014344913884997368,0.07515570521354675,,0.0,0.0,0.0,0.0
0.11637705564498901,0.019264429807662964,0.03574688732624054,0.031024521216750145,,0.11700840294361115,0.017890971153974533,0.03588966652750969,0.03146651014685631,,0.0,1.0,0.0,0.0
0.02372773550450802,0.02629956230521202,0.014336376450955868,0.10672710090875626,,0.02495979517698288,0.027058672159910202,0.014795101247727871,0.10645060986280441,,0.0,0.0,0.0,0.0
0.05284712091088295,0.05144157633185387,0.25253990292549133,0.03147603198885918,,0.053762037307024,0.050925303250551224,0.2520292401313782,0.030822928994894028,,0.0,0.0,0.0,0.0
