true_r1,true_r2,true_r3,true_r4,,pred_r1,pred_r2,pred_r3,pred_r4, ,mask_r1,mask_r2,mask_r3,mask_r4
0.021035553887486458,0.02768182009458542,0.123515285551548,0.013190165162086487,,0.021297181025147438,0.027978630736470222,0.12400992959737778,0.013297938741743565,,0.0,0.0,0.0,0.0
0.12362094968557358,0.02724320814013481,0.08543280512094498,0.03024202398955822,,0.12371396273374557,0.027071254327893257,0.08589907735586166,0.03012325055897236,,0.0,0.0,0.0,0.0
0.012350361794233322,0.09110667556524277,0.02136523276567459,0.022247008979320526,,0.013364122249186039,0.09090951830148697,0.022275494411587715,0.022081226110458374,,1.0,0.0,0.0,0.0
0.1353321224451065,0.014679291285574436,0.034552235156297684,0.023396825417876244,,0.13678774237632751,0.016327952966094017,0.03303075581789017,0.023063715547323227,,0.0,0.0,0.0,0.0
0.0891382098197937,0.038850609213113785,0.13068930804729462,0.033235371112823486,,0.08860340714454651,0.03843456134200096,0.1313999593257904,0.03388266637921333,,0.0,0.0,0.0,0.0
