true_r1,true_r2,true_r3,true_r4,,pred_r1,pred_r2,pred_r3,pred_r4, ,mask_r1,mask_r2,mask_r3,mask_r4
0.13363908231258392,0.021567588672041893,0.029851963743567467,0.04365053027868271,,0.13359829783439636,0.020391592755913734,0.029847044497728348,0.043736208230257034,,0.0,0.0,0.0,0.0
0.020364847034215927,0.06323296576738358,0.08613207936286926,0.019176742061972618,,0.021354271098971367,0.06335678696632385,0.08614032715559006,0.01928434520959854,,0.0,0.0,0.0,0.0
0.17567279934883118,0.03770975396037102,0.06403768062591553,0.061752986162900925,,0.1751377433538437,0.038502998650074005,0.06338518112897873,0.06192557141184807,,0.0,0.0,0.0,0.0
0.02758708782494068,0.12179078161716461,0.08398626744747162,0.02994900569319725,,0.027134736999869347,0.12159495055675507,0.08474012464284897,0.029604721814393997,,0.0,0.0,0.0,0.0
0.03355805575847626,0.04279598966240883,0.1963260918855667,0.021541977301239967,,0.030905477702617645,0.04528149962425232,0.19085200130939484,0.021629123017191887,,0.0,0.0,0.0,0.0
0.100134938955307,0.01849210262298584,0.028339557349681854,0.025231722742319107,,0.0980648547410965,0.017612239345908165,0.031192870810627937,0.025063490495085716,,0.0,1.0,0.0,0.0
0.048822399228811264,0.017814157530665398,0.06636442989110947,0.015082639642059803,,0.050152771174907684,0.016851788386702538,0.06807655096054077,0.014998611994087696,,0.0,0.0,0.0,0.0
0.022846456617116928,0.026729976758360863,0.10655361413955688,0.014519483782351017,,0.025106023997068405,0.027152959257364273,0.10363791137933731,0.014863666146993637,,0.0,0.0,0.0,0.0
