true_r1,true_r2,true_r3,true_r4,,pred_r1,pred_r2,pred_r3,pred_r4, ,mask_r1,mask_r2,mask_r3,mask_r4
0.03245780989527702,0.0328897126019001,0.018106313422322273,0.17186081409454346,,0.03244423493742943,0.03276896849274635,0.01827949658036232,0.17195793986320496,,0.0,0.0,0.0,0.0
0.11413822323083878,0.02469368651509285,0.04039663076400757,0.040711820125579834,,0.11454624682664871,0.024785568937659264,0.04018838331103325,0.04047854617238045,,0.0,0.0,0.0,0.0
0.03317561000585556,0.025654712691903114,0.01657331921160221,0.13284209370613098,,0.031773921102285385,0.02628561295568943,0.016081111505627632,0.1323857307434082,,0.0,0.0,0.0,0.0
0.015062124468386173,0.11025315523147583,0.026700777933001518,0.027745233848690987,,0.01569785177707672,0.10868047177791595,0.027871148660779,0.025983484461903572,,1.0,0.0,0.0,0.0
0.03994043916463852,0.06759780645370483,0.036005377769470215,0.09932270646095276,,0.04156040400266647,0.06877885013818741,0.036724742501974106,0.09707284718751907,,0.0,0.0,0.0,0.0
0.03581080585718155,0.05054199695587158,0.14152339100837708,0.026780275627970695,,0.036286015063524246,0.04907650500535965,0.14081166684627533,0.028661733493208885,,0.0,0.0,0.0,0.0
0.08492877334356308,0.012272040359675884,0.01950281858444214,0.023305024951696396,,0.08502152562141418,0.01276859175413847,0.018315937370061874,0.024122238159179688,,0.0,0.0,0.0,0.0
