true_r1,true_r2,true_r3,true_r4,,pred_r1,pred_r2,pred_r3,pred_r4, ,mask_r1,mask_r2,mask_r3,mask_r4
0.15169769525527954,0.022933678701519966,0.04950110986828804,0.034126535058021545,,0.15091359615325928,0.023624591529369354,0.0492979921400547,0.03386666253209114,,0.0,0.0,0.0,0.0
0.0681358352303505,0.01541476882994175,0.05133526027202606,0.016927676275372505,,0.06846766173839569,0.014825508929789066,0.05007091909646988,0.01649301126599312,,0.0,0.0,0.0,0.0
0.03603396564722061,0.03498881310224533,0.1731729358434677,0.019215239211916924,,0.03795520216226578,0.0355784110724926,0.1737666130065918,0.019617663696408272,,0.0,0.0,0.0,0.0
0.01546598318964243,0.10635118186473846,0.026490014046430588,0.025582214817404747,,0.016627222299575806,0.10636221617460251,0.025302287191152573,0.026239139959216118,,1.0,0.0,0.0,0.0
