true_r1,true_r2,true_r3,true_r4,,pred_r1,pred_r2,pred_r3,pred_r4, ,mask_r1,mask_r2,mask_r3,mask_r4
0.15267817676067352,0.023712992668151855,0.049511391669511795,0.034798141568899155,,0.15239278972148895,0.023415228351950645,0.0502941757440567,0.03446274623274803,,0.0,0.0,0.0,0.0
0.026791386306285858,0.03396442160010338,0.016729094088077545,0.15161512792110443,,0.026703353971242905,0.03413116931915283,0.016595931723713875,0.1510087251663208,,0.0,0.0,0.0,0.0
0.026076290756464005,0.029641931876540184,0.014780075289309025,0.12413666397333145,,0.025196069851517677,0.030564654618501663,0.015357451513409615,0.12295878678560257,,0.0,0.0,0.0,0.0
0.06514272838830948,0.03498244285583496,0.1796402633190155,0.02519400604069233,,0.06492508947849274,0.0339212566614151,0.17872463166713715,0.027329813688993454,,0.0,0.0,0.0,0.0
0.06365940719842911,0.020572133362293243,0.022260721772909164,0.08908509463071823,,0.06458597630262375,0.020673410966992378,0.022043505683541298,0.08508013188838959,,0.0,0.0,0.0,0.0
0.22355173528194427,0.037395209074020386,0.0543520525097847,0.07887487858533859,,0.2270512878894806,0.037269361317157745,0.05495758354663849,0.07931294292211533,,0.0,0.0,0.0,0.0
0.0655217245221138,0.022743774577975273,0.093071348965168,0.02142399735748768,,0.06356765329837799,0.02265338972210884,0.09082770347595215,0.02275044284760952,,0.0,0.0,0.0,0.0
0.02346266619861126,0.021588066592812538,0.014111976139247417,0.08784539252519608,,0.024358466267585754,0.02031046524643898,0.01563386619091034,0.08740673214197159,,0.0,0.0,1.0,0.0
