true_r1,true_r2,true_r3,true_r4,,pred_r1,pred_r2,pred_r3,pred_r4, ,mask_r1,mask_r2,mask_r3,mask_r4
0.15733632445335388,0.016963167116045952,0.026796013116836548,0.03536021709442139,,0.15725968778133392,0.01699788123369217,0.026834746822714806,0.035168517380952835,,0.0,0.0,0.0,0.0
0.07711122930049896,0.01739123836159706,0.05758054181933403,0.018745001405477524,,0.07666922360658646,0.01762826181948185,0.057140741497278214,0.01863342709839344,,0.0,0.0,0.0,0.0
0.03057887963950634,0.11643517017364502,0.03385807201266289,0.07793168723583221,,0.030600618571043015,0.11461551487445831,0.034679707139730453,0.08011172711849213,,0.0,0.0,0.0,0.0
0.021823549643158913,0.01988636888563633,0.01348956860601902,0.0760745108127594,,0.021891916170716286,0.019782882183790207,0.012048665434122086,0.07644915580749512,,0.0,0.0,1.0,0.0
0.01860496774315834,0.03491685539484024,0.09875538945198059,0.014455950818955898,,0.019018590450286865,0.03537407144904137,0.0991804450750351,0.014406325295567513,,0.0,0.0,0.0,0.0
