true_r1,true_r2,true_r3,true_r4,,pred_r1,pred_r2,pred_r3,pred_r4, ,mask_r1,mask_r2,mask_r3,mask_r4
0.02477627992630005,0.11116209626197815,0.02669369801878929,0.0768749937415123,,0.024186939001083374,0.11097285896539688,0.0267327930778265,0.0773530900478363,,0.0,0.0,0.0,0.0
0.04097108542919159,0.026958893984556198,0.14407411217689514,0.018596870824694633,,0.04177932068705559,0.026239512488245964,0.1419481486082077,0.018940342590212822,,0.0,0.0,0.0,0.0
0.04690749570727348,0.03113376721739769,0.02163359336555004,0.14084699749946594,,0.04559001699090004,0.03168260678648949,0.021413782611489296,0.14021660387516022,,0.0,0.0,0.0,0.0
0.14683572947978973,0.03824503347277641,0.045233309268951416,0.09631707519292831,,0.1438012421131134,0.038943033665418625,0.043773166835308075,0.09573815762996674,,0.0,0.0,0.0,0.0
0.010041098110377789,0.07310676574707031,0.0184085164219141,0.01849808357656002,,0.013686232268810272,0.07268048077821732,0.01801306940615177,0.018930407240986824,,1.0,0.0,0.0,0.0
0.10496440529823303,0.028598662465810776,0.07082150131464005,0.0323006696999073,,0.10558932274580002,0.028475062921643257,0.07171469926834106,0.03241760656237602,,0.0,0.0,0.0,0.0
