true_r1,true_r2,true_r3,true_r4,,pred_r1,pred_r2,pred_r3,pred_r4, ,mask_r1,mask_r2,mask_r3,mask_r4
0.015043002553284168,0.1347736269235611,0.02784002013504505,0.02683556266129017,,0.01518616545945406,0.13487492501735687,0.02737300656735897,0.02687845006585121,,0.0,0.0,0.0,0.0
0.01896996609866619,0.08552993834018707,0.06358465552330017,0.020757757127285004,,0.01902145706117153,0.085941843688488,0.06379295885562897,0.020872516557574272,,0.0,0.0,0.0,0.0
0.01882552169263363,0.01840551756322384,0.07792124152183533,0.010871538892388344,,0.018796181306242943,0.020001957193017006,0.07834874838590622,0.011011793278157711,,0.0,0.0,0.0,1.0
0.018660293892025948,0.13145725429058075,0.024847665801644325,0.04760180413722992,,0.018789837136864662,0.13120508193969727,0.02659103460609913,0.045716315507888794,,0.0,0.0,0.0,0.0
0.026581551879644394,0.040855877101421356,0.15531590580940247,0.017898138612508774,,0.026234786957502365,0.03068799339234829,0.14905376732349396,0.016791827976703644,,0.0,0.0,0.0,0.0
0.030039016157388687,0.11569898575544357,0.03853590786457062,0.07484453916549683,,0.02959265559911728,0.11710190773010254,0.04039878770709038,0.07582457363605499,,0.0,0.0,0.0,0.0
0.026878971606492996,0.02891470678150654,0.1389549821615219,0.014190011657774448,,0.026823710650205612,0.027040889486670494,0.13904142379760742,0.01511750090867281,,0.0,0.0,0.0,0.0
0.011870796792209148,0.09345480054616928,0.02637568861246109,0.019630538299679756,,0.01201651431620121,0.09489746391773224,0.023403573781251907,0.01958634704351425,,0.0,0.0,0.0,0.0
