true_r1,true_r2,true_r3,true_r4,,pred_r1,pred_r2,pred_r3,pred_r4, ,mask_r1,mask_r2,mask_r3,mask_r4
0.02920384705066681,0.08212675154209137,0.11815626919269562,0.026851262897253036,,0.02867056615650654,0.08169225603342056,0.11897370219230652,0.026106487959623337,,0.0,0.0,0.0,0.0
0.07355768233537674,0.07322905957698822,0.06055402755737305,0.09714477509260178,,0.07152971625328064,0.0739605575799942,0.05927511304616928,0.09994299709796906,,0.0,0.0,0.0,0.0
0.03435937687754631,0.016264578327536583,0.07909698039293289,0.015223260968923569,,0.03538461774587631,0.017766570672392845,0.07867593318223953,0.015945060178637505,,0.0,0.0,0.0,0.0
0.08966357260942459,0.015526273287832737,0.018431957811117172,0.03917587548494339,,0.09002529084682465,0.015002064406871796,0.01883409172296524,0.039186205714941025,,0.0,0.0,0.0,0.0
0.029243426397442818,0.02835112065076828,0.017165986821055412,0.11217109113931656,,0.028611240908503532,0.027599800378084183,0.016278324648737907,0.1112448200583458,,0.0,0.0,1.0,0.0
