true_r1,true_r2,true_r3,true_r4,,pred_r1,pred_r2,pred_r3,pred_r4, ,mask_r1,mask_r2,mask_r3,mask_r4
0.01930450089275837,0.08980567753314972,0.06381554901599884,0.022074110805988312,,0.01983626000583172,0.0903567224740982,0.06398309767246246,0.022211909294128418,,0.0,0.0,0.0,0.0
0.05153201147913933,0.05181189626455307,0.06959205865859985,0.0408155582845211,,0.05181282013654709,0.0513160265982151,0.06932515650987625,0.040714848786592484,,0.0,0.0,0.0,0.0
0.023974893614649773,0.023479970172047615,0.12088361382484436,0.012137551791965961,,0.024355420842766762,0.023988913744688034,0.12022241204977036,0.012467211112380028,,0.0,0.0,0.0,0.0
0.08964958786964417,0.013952257111668587,0.02185932733118534,0.02175198309123516,,0.0903419628739357,0.0146580059081316,0.020268645137548447,0.02149735763669014,,0.0,1.0,0.0,0.0
0.12847881019115448,0.031789060682058334,0.09116601198911667,0.03200482577085495,,0.12838464975357056,0.030174657702445984,0.09110505878925323,0.03259314224123955,,0.0,0.0,0.0,0.0
0.02549687772989273,0.10572253167629242,0.07841289788484573,0.02618446573615074,,0.02316189557313919,0.10535752773284912,0.07842173427343369,0.025950131937861443,,0.0,0.0,0.0,0.0
