true_r1,true_r2,true_r3,true_r4,,pred_r1,pred_r2,pred_r3,pred_r4, ,mask_r1,mask_r2,mask_r3,mask_r4
0.05691511183977127,0.057277996093034744,0.07674497365951538,0.044650644063949585,,0.05711397901177406,0.05692117288708687,0.07672036439180374,0.04540296643972397,,0.0,0.0,0.0,0.0
0.011896274983882904,0.09453385323286057,0.018946124240756035,0.023425329476594925,,0.011593514122068882,0.09435313940048218,0.018879858776926994,0.023286757990717888,,0.0,0.0,0.0,0.0
0.02481957897543907,0.024002447724342346,0.01424420066177845,0.10340891778469086,,0.024965597316622734,0.024882566183805466,0.013827776536345482,0.10339154303073883,,0.0,0.0,1.0,0.0
0.09785542637109756,0.02568081207573414,0.06793306767940521,0.022437401115894318,,0.09668563306331635,0.01964261755347252,0.06670645624399185,0.025060206651687622,,0.0,0.0,0.0,0.0
0.028056660667061806,0.07526031881570816,0.02618636190891266,0.10896732658147812,,0.02947743609547615,0.07895851135253906,0.025377634912729263,0.10977351665496826,,0.0,0.0,0.0,0.0
0.1334179788827896,0.05093739926815033,0.05597881227731705,0.09341811388731003,,0.131752610206604,0.04926960542798042,0.05733930319547653,0.09262198954820633,,0.0,0.0,0.0,0.0
