true_r1,true_r2,true_r3,true_r4,,pred_r1,pred_r2,pred_r3,pred_r4, ,mask_r1,mask_r2,mask_r3,mask_r4
0.03195447102189064,0.026560330763459206,0.13239602744579315,0.016313249245285988,,0.032191723585128784,0.02647239901125431,0.13262848556041718,0.017229732125997543,,0.0,0.0,0.0,0.0
0.021034184843301773,0.02710789442062378,0.1006605476140976,0.014252820052206516,,0.020626593381166458,0.026622237637639046,0.09908925741910934,0.014675415121018887,,0.0,0.0,0.0,0.0
0.04973793029785156,0.13591770827770233,0.060246847569942474,0.09491695463657379,,0.04922958090901375,0.13679516315460205,0.05936993286013603,0.09429410099983215,,0.0,0.0,0.0,0.0
0.01608245074748993,0.016346527263522148,0.01000501774251461,0.0653027817606926,,0.016284463927149773,0.017636854201555252,0.011074374429881573,0.06548719853162766,,0.0,0.0,1.0,0.0
