true_r1,true_r2,true_r3,true_r4,,pred_r1,pred_r2,pred_r3,pred_r4, ,mask_r1,mask_r2,mask_r3,mask_r4
0.023165464401245117,0.16013160347938538,0.030673760920763016,0.05655435100197792,,0.023138074204325676,0.16111698746681213,0.030909506604075432,0.05711096152663231,,0.0,0.0,0.0,0.0
0.02735844813287258,0.18663319945335388,0.06527914851903915,0.035800691694021225,,0.02590240351855755,0.18279173970222473,0.06537206470966339,0.03553099185228348,,0.0,0.0,0.0,0.0
0.0844571590423584,0.010290106758475304,0.02167103998363018,0.01958676427602768,,0.08733951300382614,0.014311600476503372,0.021450940519571304,0.02088320069015026,,0.0,1.0,0.0,0.0
0.022403888404369354,0.14768821001052856,0.029065677896142006,0.05290547385811806,,0.023145176470279694,0.14729559421539307,0.029202576726675034,0.051680974662303925,,0.0,0.0,0.0,0.0
0.07887434959411621,0.018615949898958206,0.035168230533599854,0.016597548499703407,,0.07940593361854553,0.018051089718937874,0.0343133769929409,0.016837228089571,,0.0,0.0,0.0,0.0
