true_r1,true_r2,true_r3,true_r4,,pred_r1,pred_r2,pred_r3,pred_r4, ,mask_r1,mask_r2,mask_r3,mask_r4
0.030355539172887802,0.11876485496759415,0.08015896379947662,0.03453266993165016,,0.030173765495419502,0.11853611469268799,0.08022646605968475,0.03507034480571747,,0.0,0.0,0.0,0.0
0.032468728721141815,0.06092105805873871,0.023920731619000435,0.1709621697664261,,0.033204756677150726,0.06048867478966713,0.024436555802822113,0.17188245058059692,,0.0,0.0,0.0,0.0
0.024589108303189278,0.029213346540927887,0.015269292518496513,0.1191319078207016,,0.023856252431869507,0.029664665460586548,0.015696212649345398,0.12057138979434967,,0.0,0.0,0.0,0.0
0.027030637487769127,0.03445785865187645,0.13600946962833405,0.02069471776485443,,0.027300963178277016,0.0346895307302475,0.13588984310626984,0.013117371127009392,,0.0,0.0,0.0,0.0
0.039131492376327515,0.022186847403645515,0.09091993421316147,0.019005971029400826,,0.039268795400857925,0.02335386723279953,0.0909959003329277,0.02028243988752365,,0.0,0.0,0.0,0.0
0.015227359719574451,0.102630615234375,0.0260224100202322,0.031131686642766,,0.016060171648859978,0.10293224453926086,0.026075201109051704,0.027665862813591957,,1.0,0.0,0.0,0.0
