true_r1,true_r2,true_r3,true_r4,,pred_r1,pred_r2,pred_r3,pred_r4, ,mask_r1,mask_r2,mask_r3,mask_r4
0.08411779254674911,0.011099512688815594,0.0185781791806221,0.020997582003474236,,0.08084273338317871,0.012844854965806007,0.022410118952393532,0.01842380315065384,,0.0,1.0,0.0,0.0
0.040935199707746506,0.1547267585992813,0.04904445260763168,0.10406075417995453,,0.04124991223216057,0.1548314243555069,0.04825025051832199,0.10407909005880356,,0.0,0.0,0.0,0.0
0.05319418013095856,0.019776321947574615,0.07777303457260132,0.01756133884191513,,0.05341249704360962,0.01924203895032406,0.07655641436576843,0.01779528707265854,,0.0,0.0,0.0,0.0
0.02672891691327095,0.02782980166375637,0.13462410867214203,0.014904857613146305,,0.026786640286445618,0.02754092775285244,0.13424313068389893,0.014644887298345566,,0.0,0.0,0.0,0.0
