true_r1,true_r2,true_r3,true_r4,,pred_r1,pred_r2,pred_r3,pred_r4, ,mask_r1,mask_r2,mask_r3,mask_r4
0.014942440204322338,0.04479214549064636,0.013321531936526299,0.060112256556749344,,0.014731373637914658,0.04434585943818092,0.013414604589343071,0.060118380934000015,,0.0,0.0,0.0,0.0
0.01460861973464489,0.1072196289896965,0.0261353999376297,0.026331117376685143,,0.014189044013619423,0.10755309462547302,0.026472989469766617,0.026469074189662933,,1.0,0.0,0.0,0.0
0.04392002150416374,0.0346914604306221,0.19471079111099243,0.02048959583044052,,0.043204110115766525,0.03431093320250511,0.1937292367219925,0.02168836072087288,,0.0,0.0,0.0,0.0
0.06086554005742073,0.034710004925727844,0.024614905938506126,0.1738915592432022,,0.06512608379125595,0.03274421766400337,0.026832787320017815,0.17159630358219147,,0.0,0.0,0.0,0.0
0.10827074199914932,0.016302835196256638,0.02664823643863201,0.033256497234106064,,0.10747262835502625,0.016439102590084076,0.025006424635648727,0.033191900700330734,,0.0,0.0,0.0,0.0
0.15825821459293365,0.02659773826599121,0.03747927024960518,0.054511796683073044,,0.15965069830417633,0.027588844299316406,0.0391971729695797,0.0520189069211483,,0.0,0.0,0.0,0.0
