true_r1,true_r2,true_r3,true_r4,,pred_r1,pred_r2,pred_r3,pred_r4, ,mask_r1,mask_r2,mask_r3,mask_r4
0.034051064401865005,0.018358852714300156,0.09645316749811172,0.013739879243075848,,0.03417366370558739,0.019243208691477776,0.0966263934969902,0.013028837740421295,,0.0,0.0,0.0,0.0
0.07700654119253159,0.0277854073792696,0.033093687146902084,0.053036391735076904,,0.0766114890575409,0.02756667695939541,0.032928306609392166,0.054042864590883255,,0.0,0.0,0.0,0.0
0.049303896725177765,0.026747077703475952,0.020633351057767868,0.1395176351070404,,0.05051649734377861,0.026882920414209366,0.02015755884349346,0.14089013636112213,,0.0,0.0,0.0,0.0
0.018190700560808182,0.02802048996090889,0.013173377141356468,0.09747524559497833,,0.018858211115002632,0.028695179149508476,0.012971403077244759,0.099583700299263,,0.0,0.0,0.0,0.0
0.13737906515598297,0.02041277475655079,0.03605522960424423,0.028071030974388123,,0.13037444651126862,0.016262833029031754,0.040249135345220566,0.022443873807787895,,0.0,0.0,0.0,0.0
0.018184494227170944,0.06211815029382706,0.046738024801015854,0.02114824950695038,,0.01871482841670513,0.0640714168548584,0.047373779118061066,0.018081599846482277,,0.0,0.0,0.0,0.0
0.133097305893898,0.020114092156291008,0.02915189042687416,0.03313248232007027,,0.13278193771839142,0.017704125493764877,0.026394447311758995,0.032982662320137024,,0.0,0.0,0.0,0.0
0.018764454871416092,0.09928295761346817,0.02547522634267807,0.02738327533006668,,0.01790720410645008,0.09957385063171387,0.025409800931811333,0.03042219579219818,,1.0,0.0,0.0,0.0
