true_r1,true_r2,true_r3,true_r4,,pred_r1,pred_r2,pred_r3,pred_r4, ,mask_r1,mask_r2,mask_r3,mask_r4
0.02909127064049244,0.023437412455677986,0.014199487864971161,0.11536218225955963,,0.028403161093592644,0.023207055404782295,0.014212315902113914,0.11577388644218445,,0.0,0.0,0.0,0.0
0.022860359400510788,0.049132127314805984,0.018172523006796837,0.11428531259298325,,0.02317182719707489,0.04893062636256218,0.018319057300686836,0.1138802245259285,,0.0,0.0,0.0,0.0
0.11734161525964737,0.026133833453059196,0.08136653900146484,0.029422348365187645,,0.11672341823577881,0.026181651279330254,0.08133372664451599,0.02809220738708973,,0.0,0.0,0.0,0.0
0.07254096865653992,0.026331663131713867,0.030968954786658287,0.05018305033445358,,0.07173727452754974,0.02644377574324608,0.031108014285564423,0.05228538066148758,,0.0,0.0,0.0,0.0
0.014978822320699692,0.09093701839447021,0.022167425602674484,0.0236393790692091,,0.014803003519773483,0.09122417867183685,0.022392304614186287,0.02091154456138611,,1.0,0.0,0.0,0.0
0.035091809928417206,0.018586866557598114,0.014403433538973331,0.0982133150100708,,0.03543216362595558,0.018786704167723656,0.014825606718659401,0.09823504835367203,,0.0,0.0,0.0,0.0
