true_r1,true_r2,true_r3,true_r4,,pred_r1,pred_r2,pred_r3,pred_r4, ,mask_r1,mask_r2,mask_r3,mask_r4
0.026293296366930008,0.0752406120300293,0.02387792430818081,0.10858123004436493,,0.026742707937955856,0.07488515973091125,0.02412409707903862,0.1082189604640007,,0.0,0.0,0.0,0.0
0.07944943010807037,0.011179483495652676,0.01898164488375187,0.0195816271007061,,0.07862003147602081,0.011833098717033863,0.01869194582104683,0.01883692480623722,,0.0,1.0,0.0,0.0
0.06290370970964432,0.03318048268556595,0.17606516182422638,0.025183996185660362,,0.06285254657268524,0.03410452604293823,0.1765553206205368,0.02460356429219246,,0.0,0.0,0.0,0.0
0.030881013721227646,0.08648235350847244,0.060660067945718765,0.03486867994070053,,0.0323893241584301,0.08436091244220734,0.06030115485191345,0.04080952703952789,,0.0,0.0,0.0,0.0
0.03317008912563324,0.07400687038898468,0.02921452932059765,0.10873038321733475,,0.033201444894075394,0.07355313003063202,0.029516780748963356,0.10823699831962585,,0.0,0.0,0.0,0.0
