true_r1,true_r2,true_r3,true_r4,,pred_r1,pred_r2,pred_r3,pred_r4, ,mask_r1,mask_r2,mask_r3,mask_r4
0.07370756566524506,0.016068246215581894,0.017603740096092224,0.0509030744433403,,0.07359606772661209,0.016179487109184265,0.01777445524930954,0.05092572420835495,,0.0,0.0,0.0,0.0
0.04549470543861389,0.0346858873963356,0.20077943801879883,0.021542778238654137,,0.04524816945195198,0.0343940332531929,0.20051981508731842,0.021551713347434998,,0.0,0.0,0.0,0.0
0.10029609501361847,0.013618333265185356,0.02321169711649418,0.024897919967770576,,0.10145784914493561,0.014651988632977009,0.024221181869506836,0.02409641072154045,,0.0,1.0,0.0,0.0
0.13630856573581696,0.03010108880698681,0.03449735417962074,0.09351693093776703,,0.13452593982219696,0.030069496482610703,0.035742033272981644,0.09490569680929184,,0.0,0.0,0.0,0.0
