true_r1,true_r2,true_r3,true_r4,,pred_r1,pred_r2,pred_r3,pred_r4, ,mask_r1,mask_r2,mask_r3,mask_r4
0.026874486356973648,0.026687197387218475,0.1327269822359085,0.015040713362395763,,0.026464708149433136,0.026474926620721817,0.13329078257083893,0.014913446269929409,,0.0,0.0,0.0,0.0
0.014313537627458572,0.10740181803703308,0.031730249524116516,0.020015843212604523,,0.014028633944690228,0.10778915137052536,0.030851349234580994,0.02009161189198494,,0.0,0.0,0.0,0.0
0.020994961261749268,0.017278136685490608,0.08734800666570663,0.01061960682272911,,0.021573398262262344,0.01638391800224781,0.08850187063217163,0.011192429810762405,,0.0,0.0,0.0,0.0
0.01936027966439724,0.16171982884407043,0.037201233208179474,0.028864841908216476,,0.019270647317171097,0.16261540353298187,0.03768334165215492,0.028235189616680145,,0.0,0.0,0.0,0.0
0.1103731319308281,0.017118122428655624,0.0388604961335659,0.02145414985716343,,0.11023322492837906,0.01767989806830883,0.03990386053919792,0.020682908594608307,,0.0,0.0,0.0,0.0
0.021058011800050735,0.022321680560708046,0.01582999713718891,0.08295787870883942,,0.02173430286347866,0.02196558006107807,0.014846157282590866,0.08276800811290741,,0.0,0.0,1.0,0.0
