true_r1,true_r2,true_r3,true_r4,,pred_r1,pred_r2,pred_r3,pred_r4, ,mask_r1,mask_r2,mask_r3,mask_r4
0.020361658185720444,0.03223121538758278,0.11094843596220016,0.014019310474395752,,0.020482785999774933,0.03247528150677681,0.11173202842473984,0.01421130821108818,,0.0,0.0,0.0,0.0
0.023153403773903847,0.019751358777284622,0.09474540501832962,0.011849953792989254,,0.023545989766716957,0.019376611337065697,0.09452075511217117,0.011571203358471394,,0.0,0.0,0.0,0.0
0.031993553042411804,0.20073363184928894,0.04716407135128975,0.06629867851734161,,0.03112424537539482,0.20092247426509857,0.04604522883892059,0.06589584052562714,,0.0,0.0,0.0,0.0
0.04055996611714363,0.01860160008072853,0.09602020680904388,0.01499639730900526,,0.04118502512574196,0.0194337610155344,0.09663695096969604,0.0158558189868927,,0.0,0.0,0.0,0.0
0.025187017396092415,0.0496269166469574,0.11146248131990433,0.01986049860715866,,0.02727002650499344,0.05361006408929825,0.11134473979473114,0.021061483770608902,,0.0,0.0,0.0,0.0
0.03688383474946022,0.03175858408212662,0.023529881611466408,0.13020296394824982,,0.03741143271327019,0.0321778804063797,0.02555018663406372,0.12994162738323212,,0.0,0.0,0.0,0.0
0.025778619572520256,0.02647174894809723,0.101227305829525,0.015432539395987988,,0.02487839013338089,0.02615988999605179,0.10299258679151535,0.014532006345689297,,0.0,0.0,0.0,1.0
0.1555015742778778,0.023045355454087257,0.04129612818360329,0.02998994290828705,,0.15480254590511322,0.02041848935186863,0.038546398282051086,0.029409397393465042,,0.0,0.0,0.0,0.0
