true_r1,true_r2,true_r3,true_r4,,pred_r1,pred_r2,pred_r3,pred_r4, ,mask_r1,mask_r2,mask_r3,mask_r4
0.04118318483233452,0.059089649468660355,0.027712127193808556,0.18119153380393982,,0.0415261834859848,0.05884600058197975,0.027695346623659134,0.18134257197380066,,0.0,0.0,0.0,0.0
0.054737892001867294,0.026019828394055367,0.1251627802848816,0.020564226433634758,,0.05265132710337639,0.025023652240633965,0.12595884501934052,0.020129743963479996,,0.0,0.0,0.0,0.0
0.0401323176920414,0.06444764137268066,0.034525685012340546,0.09395589679479599,,0.04115729033946991,0.06509232521057129,0.03467094153165817,0.09330461919307709,,0.0,0.0,0.0,0.0
0.12366105616092682,0.016123894602060318,0.024042721837759018,0.03739411011338234,,0.12303020060062408,0.015593643300235271,0.02392268180847168,0.035393744707107544,,0.0,0.0,0.0,0.0
0.17803512513637543,0.021286331117153168,0.03228975832462311,0.04100305214524269,,0.18221783638000488,0.0205698125064373,0.031890932470560074,0.04255186766386032,,0.0,0.0,0.0,0.0
0.06972000747919083,0.010238995775580406,0.01821829192340374,0.019801320508122444,,0.0677020326256752,0.010722799226641655,0.01851215399801731,0.019202083349227905,,0.0,1.0,0.0,0.0
