true_r1,true_r2,true_r3,true_r4,,pred_r1,pred_r2,pred_r3,pred_r4, ,mask_r1,mask_r2,mask_r3,mask_r4
0.02544940635561943,0.07171401381492615,0.10458517074584961,0.02255665883421898,,0.025807591155171394,0.07196729630231857,0.10401452332735062,0.02225218340754509,,0.0,0.0,0.0,0.0
0.021522527560591698,0.021678674966096878,0.08880791068077087,0.012456884607672691,,0.021461231634020805,0.021401600912213326,0.08875562250614166,0.012886904180049896,,0.0,0.0,0.0,1.0
0.055401112884283066,0.05589117854833603,0.044042713940143585,0.0753837376832962,,0.0554884634912014,0.055399682372808456,0.04467831552028656,0.07685833424329758,,0.0,0.0,0.0,0.0
0.021462367847561836,0.15365281701087952,0.030154192820191383,0.05412852391600609,,0.022075030952692032,0.15412341058254242,0.030000818893313408,0.055628854781389236,,0.0,0.0,0.0,0.0
0.0377766378223896,0.02326461859047413,0.02181919664144516,0.12148930132389069,,0.03452495113015175,0.018440864980220795,0.015267233364284039,0.11578096449375153,,0.0,0.0,0.0,0.0
0.01704169064760208,0.11317247152328491,0.025182675570249557,0.047446563839912415,,0.01839127577841282,0.11407796293497086,0.025722546502947807,0.04317829757928848,,0.0,0.0,0.0,0.0
0.036490701138973236,0.04845543950796127,0.022365950047969818,0.20861826837062836,,0.03712385520339012,0.047754354774951935,0.025798514485359192,0.20762112736701965,,0.0,0.0,0.0,0.0
0.016501829028129578,0.015873461961746216,0.058853503316640854,0.010925158858299255,,0.015317833051085472,0.02020157128572464,0.05842847004532814,0.014331282116472721,,0.0,0.0,0.0,1.0
