true_r1,true_r2,true_r3,true_r4,,pred_r1,pred_r2,pred_r3,pred_r4, ,mask_r1,mask_r2,mask_r3,mask_r4
0.10154304653406143,0.012550326995551586,0.025039497762918472,0.020295001566410065,,0.10151702910661697,0.01245043519884348,0.024979280307888985,0.02051464468240738,,0.0,0.0,0.0,0.0
0.04448908567428589,0.12411057949066162,0.08751904964447021,0.0534321591258049,,0.047091491520404816,0.12379755824804306,0.08692973852157593,0.053425922989845276,,0.0,0.0,0.0,0.0
0.10732395201921463,0.015324593521654606,0.026870502158999443,0.02608662284910679,,0.10733042657375336,0.014501180499792099,0.02830619551241398,0.02586679346859455,,0.0,1.0,0.0,0.0
0.021244371309876442,0.021017104387283325,0.0850495770573616,0.01183590479195118,,0.02078283205628395,0.020375508815050125,0.08413554728031158,0.012124728411436081,,0.0,0.0,0.0,1.0
