true_r1,true_r2,true_r3,true_r4,,pred_r1,pred_r2,pred_r3,pred_r4, ,mask_r1,mask_r2,mask_r3,mask_r4
0.02009478211402893,0.01978529430925846,0.011404077522456646,0.08383989334106445,,0.019798409193754196,0.019314533099532127,0.011798350140452385,0.08358892053365707,,0.0,0.0,1.0,0.0
0.03092493675649166,0.20075953006744385,0.06547686457633972,0.04583677276968956,,0.03109162114560604,0.20129381120204926,0.06522505730390549,0.04584995284676552,,0.0,0.0,0.0,0.0
0.029987547546625137,0.03903843089938164,0.01871638186275959,0.17005565762519836,,0.029010355472564697,0.0378914400935173,0.018624186515808105,0.17166388034820557,,0.0,0.0,0.0,0.0
0.030963819473981857,0.1210121139883995,0.0810467079281807,0.03439492732286453,,0.03070385754108429,0.11968537420034409,0.08038292825222015,0.03586265444755554,,0.0,0.0,0.0,0.0
0.19646944105625153,0.029195871204137802,0.06337039172649384,0.04823322966694832,,0.19891715049743652,0.032225921750068665,0.06334415078163147,0.045453011989593506,,0.0,0.0,0.0,0.0
0.020854925736784935,0.05984888970851898,0.02045508101582527,0.07351850718259811,,0.02271997556090355,0.05963149666786194,0.020369160920381546,0.07319414615631104,,0.0,0.0,0.0,0.0
0.14694681763648987,0.02354823239147663,0.05296158790588379,0.03371889516711235,,0.14493665099143982,0.025594960898160934,0.052553024142980576,0.032374631613492966,,0.0,0.0,0.0,0.0
