true_r1,true_r2,true_r3,true_r4,,pred_r1,pred_r2,pred_r3,pred_r4, ,mask_r1,mask_r2,mask_r3,mask_r4
0.061152342706918716,0.061045531183481216,0.17236806452274323,0.03712467476725578,,0.06069295108318329,0.06110839173197746,0.17203792929649353,0.03718193247914314,,0.0,0.0,0.0,0.0
0.10780993103981018,0.024099068716168404,0.026528537273406982,0.08012876659631729,,0.10796815901994705,0.02417299710214138,0.02603360451757908,0.08000750839710236,,0.0,0.0,0.0,0.0
0.07669390738010406,0.019230926409363747,0.022025855258107185,0.05194912105798721,,0.07654926180839539,0.019750889390707016,0.02389407716691494,0.05143154039978981,,0.0,0.0,0.0,0.0
0.0954427644610405,0.03504984453320503,0.06681112200021744,0.040185656398534775,,0.09503959864377975,0.03410080820322037,0.06584680080413818,0.03961639478802681,,0.0,0.0,0.0,0.0
0.02747524529695511,0.02667275257408619,0.10971690714359283,0.016003746539354324,,0.02934415079653263,0.02684745192527771,0.10926824808120728,0.013872062787413597,,0.0,0.0,0.0,1.0
