true_r1,true_r2,true_r3,true_r4,,pred_r1,pred_r2,pred_r3,pred_r4, ,mask_r1,mask_r2,mask_r3,mask_r4
0.09596411883831024,0.04118407517671585,0.03625600412487984,0.14196614921092987,,0.09523298591375351,0.04104790464043617,0.03614688292145729,0.14244602620601654,,0.0,0.0,0.0,0.0
0.12539848685264587,0.03165736794471741,0.08379201591014862,0.03621509671211243,,0.1251469850540161,0.03225162997841835,0.08462085574865341,0.03693970665335655,,0.0,0.0,0.0,0.0
0.19905045628547668,0.029731430113315582,0.06451103836297989,0.04408542439341545,,0.20042464137077332,0.03141103684902191,0.0649234876036644,0.04568435251712799,,0.0,0.0,0.0,0.0
0.023334158584475517,0.18110892176628113,0.035929612815380096,0.04315413534641266,,0.023858720436692238,0.17692826688289642,0.03518484905362129,0.035177070647478104,,0.0,0.0,0.0,0.0
0.04646711051464081,0.06910789757966995,0.1003103107213974,0.04048745334148407,,0.04974247142672539,0.0692996233701706,0.09755709767341614,0.03960572928190231,,0.0,0.0,0.0,0.0
0.02574101835489273,0.023661013692617416,0.014443414285779,0.09678024053573608,,0.02166270837187767,0.023879164829850197,0.014252376742661,0.09689159691333771,,0.0,0.0,1.0,0.0
0.029177848249673843,0.050548046827316284,0.02192542888224125,0.13573530316352844,,0.026203367859125137,0.05109454691410065,0.022121015936136246,0.1379316747188568,,0.0,0.0,0.0,0.0
