true_r1,true_r2,true_r3,true_r4,,pred_r1,pred_r2,pred_r3,pred_r4, ,mask_r1,mask_r2,mask_r3,mask_r4
0.019766977056860924,0.02074245736002922,0.011147933080792427,0.08089929074048996,,0.019563738256692886,0.020955530926585197,0.011559073813259602,0.08136753737926483,,0.0,0.0,1.0,0.0
0.033086907118558884,0.020975662395358086,0.11284074932336807,0.014799286611378193,,0.032928403466939926,0.020899752154946327,0.11292974650859833,0.014495708048343658,,0.0,0.0,0.0,0.0
0.018659858033061028,0.14533035457134247,0.027530649676918983,0.04265480116009712,,0.018717560917139053,0.1468627005815506,0.02789192833006382,0.04289134219288826,,0.0,0.0,0.0,0.0
0.019598383456468582,0.0625385120511055,0.08328261971473694,0.018711600452661514,,0.019773220643401146,0.06092732399702072,0.0831437036395073,0.018582813441753387,,0.0,0.0,0.0,0.0
0.05095179006457329,0.0506538450717926,0.02645750343799591,0.2534109055995941,,0.05140836536884308,0.04999597743153572,0.02570432983338833,0.2529235780239105,,0.0,0.0,0.0,0.0
0.04822055995464325,0.12726819515228271,0.08998598158359528,0.05604632943868637,,0.04745682328939438,0.1247597336769104,0.08976100385189056,0.05648038163781166,,0.0,0.0,0.0,0.0
0.09099503606557846,0.014182488434016705,0.020182043313980103,0.022204235196113586,,0.09156634658575058,0.014413687400519848,0.018755575641989708,0.023319929838180542,,0.0,0.0,0.0,0.0
