true_r1,true_r2,true_r3,true_r4,,pred_r1,pred_r2,pred_r3,pred_r4, ,mask_r1,mask_r2,mask_r3,mask_r4
0.07137466967105865,0.011497541330754757,0.030076799914240837,0.01394489873200655,,0.07016949355602264,0.011082032695412636,0.03031941130757332,0.013998433947563171,,0.0,0.0,0.0,0.0
0.017400026321411133,0.01762857846915722,0.010108879767358303,0.07267970591783524,,0.01808718778192997,0.017302487045526505,0.011576042510569096,0.0725206807255745,,0.0,0.0,1.0,0.0
0.10263466089963913,0.012939040549099445,0.022538667544722557,0.024369874969124794,,0.10198245942592621,0.01320375595241785,0.020062649622559547,0.02621137723326683,,0.0,0.0,0.0,0.0
0.10372839868068695,0.02260909229516983,0.025120027363300323,0.07680729776620865,,0.10292328149080276,0.022962290793657303,0.025769058614969254,0.07651498913764954,,0.0,0.0,0.0,0.0
0.030880829319357872,0.03520984575152397,0.17582742869853973,0.020300360396504402,,0.03549228981137276,0.036786388605833054,0.1797122359275818,0.020633822306990623,,0.0,0.0,0.0,0.0
0.03340804949402809,0.15119607746601105,0.05416133627295494,0.0555785708129406,,0.03511779010295868,0.150162935256958,0.0543995127081871,0.054675277322530746,,0.0,0.0,0.0,0.0
0.05099833011627197,0.04859047010540962,0.13253439962863922,0.030332855880260468,,0.049240656197071075,0.04977979138493538,0.13411656022071838,0.03136605769395828,,0.0,0.0,0.0,0.0
