true_r1,true_r2,true_r3,true_r4,,pred_r1,pred_r2,pred_r3,pred_r4, ,mask_r1,mask_r2,mask_r3,mask_r4
0.07012312859296799,0.015673650428652763,0.052425794303417206,0.016933569684624672,,0.06999356299638748,0.01556801050901413,0.051661111414432526,0.016994241625070572,,0.0,0.0,0.0,0.0
0.1364828199148178,0.014459669589996338,0.02425828017294407,0.031013892963528633,,0.13611191511154175,0.014643046073615551,0.025002168491482735,0.03061627224087715,,0.0,0.0,0.0,0.0
0.07596129179000854,0.03317038714885712,0.11323188245296478,0.02889910526573658,,0.0767829492688179,0.03354799374938011,0.11347866803407669,0.028945861384272575,,0.0,0.0,0.0,0.0
0.014554167166352272,0.10394790023565292,0.024800550192594528,0.02499539405107498,,0.01649443246424198,0.10302136838436127,0.02458256669342518,0.02476087026298046,,1.0,0.0,0.0,0.0
0.04395356401801109,0.030666140839457512,0.13136814534664154,0.020925132557749748,,0.045725151896476746,0.030950190499424934,0.1315869241952896,0.02070717141032219,,0.0,0.0,0.0,0.0
