true_r1,true_r2,true_r3,true_r4,,pred_r1,pred_r2,pred_r3,pred_r4, ,mask_r1,mask_r2,mask_r3,mask_r4
0.1478363424539566,0.03170342370867729,0.05267110839486122,0.05393167957663536,,0.1475103199481964,0.03161449730396271,0.051984015852212906,0.05203289911150932,,0.0,0.0,0.0,0.0
0.09661396592855453,0.013841683976352215,0.02363716997206211,0.023390106856822968,,0.09743017703294754,0.014454567804932594,0.02388293296098709,0.023571640253067017,,0.0,1.0,0.0,0.0
0.15985317528247833,0.01678650453686714,0.03800937160849571,0.029423564672470093,,0.1597101390361786,0.018091220408678055,0.037392210215330124,0.028154855594038963,,0.0,0.0,0.0,0.0
0.022351432591676712,0.15273615717887878,0.03025916963815689,0.05611221119761467,,0.022006958723068237,0.15505753457546234,0.03028278611600399,0.05432245135307312,,0.0,0.0,0.0,0.0
0.05493054911494255,0.04925090819597244,0.02807697467505932,0.1287008374929428,,0.049778953194618225,0.045277852565050125,0.03092479333281517,0.12670113146305084,,0.0,0.0,0.0,0.0
0.06530312448740005,0.03717535361647606,0.02701360173523426,0.1620652675628662,,0.06167411431670189,0.03638850152492523,0.02767755649983883,0.16191233694553375,,0.0,0.0,0.0,0.0
0.024759193882346153,0.036151912063360214,0.14769646525382996,0.01601129211485386,,0.029114598408341408,0.03483487665653229,0.14748860895633698,0.018653564155101776,,0.0,0.0,0.0,0.0
0.052391134202480316,0.1354234218597412,0.09566667675971985,0.05973289534449577,,0.054654836654663086,0.13532909750938416,0.09551456570625305,0.06156359612941742,,0.0,0.0,0.0,0.0
