true_r1,true_r2,true_r3,true_r4,,pred_r1,pred_r2,pred_r3,pred_r4, ,mask_r1,mask_r2,mask_r3,mask_r4
0.03166837990283966,0.03320283815264702,0.01784968003630638,0.16518230736255646,,0.03325691446661949,0.03281736746430397,0.020486699417233467,0.16513675451278687,,0.0,0.0,0.0,0.0
0.2087288647890091,0.03190234303474426,0.06739170104265213,0.04691809415817261,,0.20721709728240967,0.0320475734770298,0.06681257486343384,0.047142159193754196,,0.0,0.0,0.0,0.0
0.028468381613492966,0.04954204335808754,0.022946370765566826,0.14136213064193726,,0.02847990021109581,0.049793269485235214,0.02102990448474884,0.14177469909191132,,0.0,0.0,0.0,0.0
0.023715956136584282,0.04381673410534859,0.12496843189001083,0.017161952331662178,,0.026141462847590446,0.044630903750658035,0.12782955169677734,0.01784674823284149,,0.0,0.0,0.0,0.0
0.17707513272762299,0.02112581580877304,0.0370168536901474,0.0341082364320755,,0.1805862933397293,0.019155491143465042,0.037811823189258575,0.03482209891080856,,0.0,0.0,0.0,0.0
0.03884393721818924,0.02853834256529808,0.15093082189559937,0.02374895103275776,,0.037020809948444366,0.02901916392147541,0.15140575170516968,0.021818213164806366,,0.0,0.0,0.0,0.0
0.050707507878541946,0.050744667649269104,0.2507655918598175,0.029373448342084885,,0.050401002168655396,0.049900129437446594,0.2449866384267807,0.028560619801282883,,0.0,0.0,0.0,0.0
0.026927342638373375,0.022960994392633438,0.09177236258983612,0.01438660267740488,,0.02672293409705162,0.02359602227807045,0.09161780774593353,0.013554478995501995,,0.0,0.0,0.0,1.0
