true_r1,true_r2,true_r3,true_r4,,pred_r1,pred_r2,pred_r3,pred_r4, ,mask_r1,mask_r2,mask_r3,mask_r4
0.01877700164914131,0.1726672649383545,0.030690666288137436,0.038901329040527344,,0.01858878880739212,0.1722412258386612,0.029748890548944473,0.03979633376002312,,0.0,0.0,0.0,0.0
0.018921248614788055,0.04050770029425621,0.0945095345377922,0.01507033035159111,,0.018986785784363747,0.04084106907248497,0.09438209980726242,0.014975866302847862,,0.0,0.0,0.0,0.0
0.019498538225889206,0.018883535638451576,0.010504420846700668,0.100051149725914,,0.019110694527626038,0.01905607059597969,0.010423850268125534,0.09866966307163239,,0.0,0.0,0.0,0.0
0.027747798711061478,0.1317780315876007,0.09343311190605164,0.03280872479081154,,0.02842879109084606,0.12957622110843658,0.0908902958035469,0.03297710418701172,,0.0,0.0,0.0,0.0
0.06630010902881622,0.06923264265060425,0.04494606330990791,0.18426819145679474,,0.06749337166547775,0.06843845546245575,0.046924903988838196,0.18251799046993256,,0.0,0.0,0.0,0.0
0.022554906085133553,0.022952592000365257,0.09439423680305481,0.01231479924172163,,0.023351678624749184,0.022981805726885796,0.09451280534267426,0.016215290874242783,,0.0,0.0,0.0,1.0
0.02515108697116375,0.02634343132376671,0.125296488404274,0.016540607437491417,,0.022948121652007103,0.027214618399739265,0.1259455680847168,0.016647426411509514,,0.0,0.0,0.0,0.0
