true_r1,true_r2,true_r3,true_r4,,pred_r1,pred_r2,pred_r3,pred_r4, ,mask_r1,mask_r2,mask_r3,mask_r4
0.03270607814192772,0.03302929922938347,0.16230103373527527,0.017927424982190132,,0.03279963508248329,0.03207685425877571,0.1624981313943863,0.018139660358428955,,0.0,0.0,0.0,0.0
0.01708577759563923,0.16502739489078522,0.03155039995908737,0.031162220984697342,,0.01797664538025856,0.165195494890213,0.03175405040383339,0.03146977722644806,,0.0,0.0,0.0,0.0
0.08457084745168686,0.02188999019563198,0.02534962259232998,0.05719777196645737,,0.08589327335357666,0.02223939262330532,0.024803362786769867,0.05766363814473152,,0.0,0.0,0.0,0.0
0.016878079622983932,0.04745134338736534,0.06352116912603378,0.01437507662922144,,0.014493148773908615,0.04760661721229553,0.06242018938064575,0.016360143199563026,,0.0,0.0,0.0,0.0
0.017366915941238403,0.10102518647909164,0.026422660797834396,0.02533510886132717,,0.015207487158477306,0.09824272990226746,0.025563370436429977,0.027159065008163452,,1.0,0.0,0.0,0.0
0.10252600908279419,0.04951078072190285,0.0404837429523468,0.1514487862586975,,0.10270101577043533,0.050045888870954514,0.04295540601015091,0.1507783681154251,,0.0,0.0,0.0,0.0
0.04210718721151352,0.027745287865400314,0.018161602318286896,0.14300711452960968,,0.03989629074931145,0.026984818279743195,0.018149491399526596,0.13891495764255524,,0.0,0.0,0.0,0.0
0.11760827153921127,0.03197485953569412,0.03597921133041382,0.08028794825077057,,0.11778127402067184,0.03291289880871773,0.035377100110054016,0.08018174767494202,,0.0,0.0,0.0,0.0
