true_r1,true_r2,true_r3,true_r4,,pred_r1,pred_r2,pred_r3,pred_r4, ,mask_r1,mask_r2,mask_r3,mask_r4
0.09267884492874146,0.020577559247612953,0.022670762613415718,0.06818375736474991,,0.09208247065544128,0.020334677770733833,0.022551555186510086,0.06836698204278946,,0.0,0.0,0.0,0.0
0.017761949449777603,0.050050947815179825,0.07242871075868607,0.015822116285562515,,0.01779680885374546,0.0501643531024456,0.07248552143573761,0.015878261998295784,,0.0,0.0,0.0,0.0
0.020595945417881012,0.020543508231639862,0.08391029387712479,0.011583471670746803,,0.02078060247004032,0.020295526832342148,0.0848405510187149,0.011074784211814404,,0.0,0.0,0.0,1.0
0.03286132588982582,0.05788913369178772,0.16280093789100647,0.023053165525197983,,0.03332090005278587,0.05680494010448456,0.16104957461357117,0.023916596546769142,,0.0,0.0,0.0,0.0
0.0349423922598362,0.05075255408883095,0.15556180477142334,0.024292774498462677,,0.03535355255007744,0.05037930607795715,0.15458275377750397,0.023562220856547356,,0.0,0.0,0.0,0.0
0.11194704473018646,0.01648331806063652,0.027983665466308594,0.02804691717028618,,0.11091723293066025,0.01745263673365116,0.030985286459326744,0.027453215792775154,,0.0,1.0,0.0,0.0
