true_r1,true_r2,true_r3,true_r4,,pred_r1,pred_r2,pred_r3,pred_r4, ,mask_r1,mask_r2,mask_r3,mask_r4
0.015606418251991272,0.12278692424297333,0.035597942769527435,0.02292894758284092,,0.015476166270673275,0.12246280163526535,0.03563590720295906,0.022958528250455856,,0.0,0.0,0.0,0.0
0.02593124657869339,0.019779235124588013,0.012552795931696892,0.1169619932770729,,0.02625846117734909,0.020160965621471405,0.012877607718110085,0.11624597012996674,,0.0,0.0,0.0,0.0
0.014718733727931976,0.10364856570959091,0.026076115667819977,0.024938885122537613,,0.014873356558382511,0.10762631893157959,0.025343134999275208,0.024913311004638672,,1.0,0.0,0.0,0.0
0.0288873091340065,0.04431014508008957,0.019667981192469597,0.1269717961549759,,0.028806835412979126,0.04345689341425896,0.019940728321671486,0.12809710204601288,,0.0,0.0,0.0,0.0
