true_r1,true_r2,true_r3,true_r4,,pred_r1,pred_r2,pred_r3,pred_r4, ,mask_r1,mask_r2,mask_r3,mask_r4
0.024127162992954254,0.03776387870311737,0.1320839822292328,0.01665281318128109,,0.024620337411761284,0.0386396087706089,0.13164927065372467,0.016344893723726273,,0.0,0.0,0.0,0.0
0.040395841002464294,0.02538536675274372,0.13701315224170685,0.018661128357052803,,0.04040252044796944,0.025516605004668236,0.13739629089832306,0.018285412341356277,,0.0,0.0,0.0,0.0
0.026750605553388596,0.027293935418128967,0.015996867790818214,0.140940323472023,,0.02705506607890129,0.02773696556687355,0.016492050141096115,0.14112922549247742,,0.0,0.0,0.0,0.0
0.03041001781821251,0.19694212079048157,0.04440104216337204,0.06431693583726883,,0.030361736193299294,0.1963648796081543,0.043056730180978775,0.06324480473995209,,0.0,0.0,0.0,0.0
0.05891776457428932,0.02738529071211815,0.1317623108625412,0.02316875383257866,,0.05529504641890526,0.02649599127471447,0.12993888556957245,0.0246820617467165,,0.0,0.0,0.0,0.0
0.06979686766862869,0.012892779894173145,0.022750133648514748,0.022509220987558365,,0.07082190364599228,0.01715405471622944,0.023356594145298004,0.019426314160227776,,0.0,1.0,0.0,0.0
0.09549538791179657,0.014849948696792126,0.023539088666439056,0.01900964416563511,,0.09696629643440247,0.013318290933966637,0.02534671500325203,0.02047288976609707,,0.0,0.0,0.0,0.0
0.05113412067294121,0.052074357867240906,0.06961861997842789,0.04050495848059654,,0.049580857157707214,0.04992438480257988,0.06861402094364166,0.042640842497348785,,0.0,0.0,0.0,0.0
