true_r1,true_r2,true_r3,true_r4,,pred_r1,pred_r2,pred_r3,pred_r4, ,mask_r1,mask_r2,mask_r3,mask_r4
0.02580692619085312,0.025587890297174454,0.10691092163324356,0.014547057449817657,,0.025504544377326965,0.02534995600581169,0.10837188363075256,0.01298897247761488,,0.0,0.0,0.0,1.0
0.09148330986499786,0.02377473935484886,0.06262444704771042,0.02702205628156662,,0.09173163771629333,0.0239971075206995,0.06172642856836319,0.026361601427197456,,0.0,0.0,0.0,0.0
0.02197844907641411,0.04683830589056015,0.016483115032315254,0.10859739780426025,,0.023510128259658813,0.046641189604997635,0.018017347902059555,0.11007724702358246,,0.0,0.0,0.0,0.0
0.03459617495536804,0.13211803138256073,0.08819513767957687,0.03992336615920067,,0.03310645371675491,0.13187749683856964,0.08859743177890778,0.0403987355530262,,0.0,0.0,0.0,0.0
0.04694163426756859,0.022869084030389786,0.1169021874666214,0.020815612748265266,,0.05380013585090637,0.026234887540340424,0.11538233608007431,0.01602889411151409,,0.0,0.0,0.0,0.0
0.05659129098057747,0.04161052778363228,0.17053094506263733,0.031094202771782875,,0.05489465594291687,0.04136228561401367,0.1660960465669632,0.030827604234218597,,0.0,0.0,0.0,0.0
0.023716649040579796,0.02705223299562931,0.014555439352989197,0.10548187047243118,,0.02151992917060852,0.027231667190790176,0.015255470760166645,0.1057598739862442,,0.0,0.0,0.0,0.0
0.06238175183534622,0.06361310929059982,0.17482340335845947,0.040585923939943314,,0.06497088819742203,0.06303300708532333,0.17521481215953827,0.04024650529026985,,0.0,0.0,0.0,0.0
