true_r1,true_r2,true_r3,true_r4,,pred_r1,pred_r2,pred_r3,pred_r4, ,mask_r1,mask_r2,mask_r3,mask_r4
0.07596953213214874,0.07637845724821091,0.10336719453334808,0.06063306704163551,,0.07605015486478806,0.07585231214761734,0.1029663011431694,0.06044337898492813,,0.0,0.0,0.0,0.0
0.1091058999300003,0.015336710028350353,0.026089878752827644,0.026143647730350494,,0.10865144431591034,0.015787674114108086,0.026254523545503616,0.026406103745102882,,0.0,1.0,0.0,0.0
0.034925710409879684,0.055639687925577164,0.0798725113272667,0.02967970445752144,,0.035002581775188446,0.05552877113223076,0.08061176538467407,0.029215747490525246,,0.0,0.0,0.0,0.0
0.0695265606045723,0.01623588800430298,0.017185181379318237,0.05214439332485199,,0.07021094858646393,0.01598290354013443,0.016528699547052383,0.051374323666095734,,0.0,0.0,0.0,0.0
0.02894970029592514,0.25359806418418884,0.05359566584229469,0.0504588708281517,,0.028509851545095444,0.24664568901062012,0.053061340004205704,0.04945112019777298,,0.0,0.0,0.0,0.0
0.029526492580771446,0.11952224373817444,0.030284801498055458,0.0864800363779068,,0.03096695803105831,0.11733755469322205,0.030875328928232193,0.08590611815452576,,0.0,0.0,0.0,0.0
0.017837433144450188,0.14555111527442932,0.03112354874610901,0.029614949598908424,,0.017859285697340965,0.14785176515579224,0.02965819090604782,0.029713211581110954,,0.0,0.0,0.0,0.0
