true_r1,true_r2,true_r3,true_r4,,pred_r1,pred_r2,pred_r3,pred_r4, ,mask_r1,mask_r2,mask_r3,mask_r4
0.02862849086523056,0.07893659174442291,0.03374641761183739,0.05527366325259209,,0.028787901625037193,0.07912095636129379,0.03399030491709709,0.05454108491539955,,0.0,0.0,0.0,0.0
0.019920693710446358,0.02001870796084404,0.011586952023208141,0.08431099355220795,,0.02000303566455841,0.0208775382488966,0.012240912765264511,0.08360211551189423,,0.0,0.0,1.0,0.0
0.036877963691949844,0.06776903569698334,0.027077898383140564,0.19008532166481018,,0.03658495843410492,0.06740599870681763,0.026992762461304665,0.18917836248874664,,0.0,0.0,0.0,0.0
0.012041786685585976,0.11222633719444275,0.021209366619586945,0.022699542343616486,,0.011650681495666504,0.11063043028116226,0.021102113649249077,0.021897774189710617,,0.0,0.0,0.0,0.0
0.13342295587062836,0.020583944395184517,0.03937027230858803,0.02704356610774994,,0.1309596449136734,0.016869382932782173,0.03885778412222862,0.028161846101284027,,0.0,0.0,0.0,0.0
0.01993025839328766,0.054021988064050674,0.017155462875962257,0.08370473980903625,,0.019884100183844566,0.058070361614227295,0.0174668338149786,0.07814028114080429,,0.0,0.0,0.0,0.0
0.016559135168790817,0.021237019449472427,0.010830259881913662,0.08048440515995026,,0.017293350771069527,0.02183619514107704,0.010462043806910515,0.08361408114433289,,0.0,0.0,0.0,0.0
0.019113119691610336,0.16074338555335999,0.028604499995708466,0.038863614201545715,,0.01910560019314289,0.15769551694393158,0.028151104226708412,0.044434111565351486,,0.0,0.0,0.0,0.0
