true_r1,true_r2,true_r3,true_r4,,pred_r1,pred_r2,pred_r3,pred_r4, ,mask_r1,mask_r2,mask_r3,mask_r4
0.01957954838871956,0.055946048349142075,0.08020424097776413,0.017773637548089027,,0.01959732174873352,0.0561252124607563,0.0811351090669632,0.017723331227898598,,0.0,0.0,0.0,0.0
0.01565658301115036,0.03342878445982933,0.07823427766561508,0.012357614003121853,,0.015575772151350975,0.03339383006095886,0.07763241976499557,0.012345951981842518,,0.0,0.0,0.0,0.0
0.01693263091146946,0.1014992892742157,0.04619504138827324,0.020438868552446365,,0.015718944370746613,0.10123446583747864,0.04298556223511696,0.020566286519169807,,0.0,0.0,0.0,0.0
0.01584314927458763,0.018245983868837357,0.01189260184764862,0.06253492087125778,,0.015896547585725784,0.017526082694530487,0.012947254814207554,0.06251630932092667,,0.0,0.0,1.0,0.0
0.02503497339785099,0.03213203698396683,0.14469756186008453,0.01595655456185341,,0.024930711835622787,0.03284421190619469,0.1450294554233551,0.015962516888976097,,0.0,0.0,0.0,0.0
0.010391104966402054,0.07822643965482712,0.0255185067653656,0.014729584567248821,,0.010600181296467781,0.07919377088546753,0.02573193423449993,0.015291283838450909,,0.0,0.0,0.0,0.0
