true_r1,true_r2,true_r3,true_r4,,pred_r1,pred_r2,pred_r3,pred_r4, ,mask_r1,mask_r2,mask_r3,mask_r4
0.09541080892086029,0.01269441843032837,0.02275036834180355,0.02294379286468029,,0.09539694339036942,0.013210296630859375,0.022892773151397705,0.023144599050283432,,0.0,1.0,0.0,0.0
0.015927357599139214,0.1428295522928238,0.028910107910633087,0.02862493321299553,,0.01582935079932213,0.14280067384243011,0.028442945331335068,0.02855277992784977,,0.0,0.0,0.0,0.0
0.013923856429755688,0.04274894669651985,0.012721310369670391,0.05709057301282883,,0.013797239400446415,0.04333469271659851,0.012910575605928898,0.05756482109427452,,0.0,0.0,0.0,0.0
0.03758315369486809,0.08705396950244904,0.12865324318408966,0.03227273002266884,,0.037820715457201004,0.0856127068400383,0.12847915291786194,0.03266891464591026,,0.0,0.0,0.0,0.0
0.01949438452720642,0.05538086220622063,0.07906513661146164,0.0196987297385931,,0.020086020231246948,0.05913581699132919,0.07825957238674164,0.01708078756928444,,0.0,0.0,0.0,0.0
