true_r1,true_r2,true_r3,true_r4,,pred_r1,pred_r2,pred_r3,pred_r4, ,mask_r1,mask_r2,mask_r3,mask_r4
0.030114788562059402,0.02953648567199707,0.01634644716978073,0.15729589760303497,,0.030446017161011696,0.02985539473593235,0.015956467017531395,0.15790683031082153,,0.0,0.0,0.0,0.0
0.012867926619946957,0.11909046024084091,0.026734108105301857,0.02051568403840065,,0.012992016039788723,0.11864869296550751,0.027003418654203415,0.02050645835697651,,0.0,0.0,0.0,0.0
0.014550759457051754,0.09642935544252396,0.02609334886074066,0.02368573471903801,,0.013299449346959591,0.09715080261230469,0.023935740813612938,0.02309485338628292,,1.0,0.0,0.0,0.0
0.03887421265244484,0.03766471892595291,0.1898157149553299,0.021164849400520325,,0.038981590420007706,0.03816107288002968,0.19086451828479767,0.021830065175890923,,0.0,0.0,0.0,0.0
0.024472393095493317,0.03946049138903618,0.016799522563815117,0.13221564888954163,,0.026738684624433517,0.035197317600250244,0.01785467378795147,0.12956440448760986,,0.0,0.0,0.0,0.0
0.11947919428348541,0.023591173812747,0.04812287539243698,0.027484137564897537,,0.120481938123703,0.025886941701173782,0.04718850180506706,0.027067897841334343,,0.0,0.0,0.0,0.0
0.021851299330592155,0.021086551249027252,0.08693572133779526,0.012007340788841248,,0.021932033821940422,0.020212147384881973,0.08781241625547409,0.01246569026261568,,0.0,0.0,0.0,1.0
0.052325233817100525,0.14137408137321472,0.09765820950269699,0.06039649620652199,,0.050763633102178574,0.1399868130683899,0.10065765678882599,0.05944555252790451,,0.0,0.0,0.0,0.0
