true_r1,true_r2,true_r3,true_r4,,pred_r1,pred_r2,pred_r3,pred_r4, ,mask_r1,mask_r2,mask_r3,mask_r4
0.026096081361174583,0.026414161548018456,0.014387222938239574,0.13000580668449402,,0.02604721672832966,0.025911923497915268,0.014339129440486431,0.12983573973178864,,0.0,0.0,0.0,0.0
0.010491465218365192,0.07471814006567001,0.018301859498023987,0.017862429842352867,,0.011672742664813995,0.07448112964630127,0.018125120550394058,0.017956186085939407,,1.0,0.0,0.0,0.0
0.03235812485218048,0.07388057559728622,0.10975287109613419,0.029003728181123734,,0.03234127536416054,0.07607857137918472,0.10968831926584244,0.028722595423460007,,0.0,0.0,0.0,0.0
0.047263253480196,0.031617920845746994,0.021332120522856712,0.1432536095380783,,0.04676080867648125,0.03244570642709732,0.021402796730399132,0.1431620568037033,,0.0,0.0,0.0,0.0
0.059770938009023666,0.04091727361083031,0.09458369761705399,0.03145891800522804,,0.06198306009173393,0.0369480736553669,0.09050846099853516,0.029913654550909996,,0.0,0.0,0.0,0.0
0.1179008036851883,0.02037920616567135,0.031115928664803505,0.029303763061761856,,0.11642361432313919,0.017283935099840164,0.031952787190675735,0.02939053438603878,,0.0,0.0,0.0,0.0
0.025526156648993492,0.05695047602057457,0.02140498161315918,0.08449038863182068,,0.024718010798096657,0.056996628642082214,0.023242196068167686,0.08439470827579498,,0.0,0.0,0.0,0.0
