true_r1,true_r2,true_r3,true_r4,,pred_r1,pred_r2,pred_r3,pred_r4, ,mask_r1,mask_r2,mask_r3,mask_r4
0.020681876689195633,0.02084290236234665,0.08679164201021194,0.011971843428909779,,0.021592309698462486,0.020303722470998764,0.08647511154413223,0.012225780636072159,,0.0,0.0,0.0,1.0
0.02005467191338539,0.0932290330529213,0.022465070709586143,0.06351995468139648,,0.020182467997074127,0.09183084219694138,0.022456996142864227,0.0633484497666359,,0.0,0.0,0.0,0.0
0.14439743757247925,0.023606082424521446,0.046742573380470276,0.03272653743624687,,0.14574922621250153,0.021647848188877106,0.047083254903554916,0.032735083252191544,,0.0,0.0,0.0,0.0
0.01910249888896942,0.17990274727344513,0.030924806371331215,0.040208615362644196,,0.020271485671401024,0.18011264503002167,0.031159449368715286,0.04050816595554352,,0.0,0.0,0.0,0.0
0.024559874087572098,0.05211289972066879,0.12731802463531494,0.020005781203508377,,0.022749075666069984,0.05130670219659805,0.12273788452148438,0.020627999678254128,,0.0,0.0,0.0,0.0
0.019348042085766792,0.1403079330921173,0.02878611348569393,0.033977240324020386,,0.017947833985090256,0.14256274700164795,0.0289713516831398,0.03421957045793533,,0.0,0.0,0.0,0.0
