true_r1,true_r2,true_r3,true_r4,,pred_r1,pred_r2,pred_r3,pred_r4, ,mask_r1,mask_r2,mask_r3,mask_r4
0.07887332886457443,0.01073436439037323,0.018779154866933823,0.019169168546795845,,0.07906560599803925,0.01217880379408598,0.01894557662308216,0.018910637125372887,,0.0,1.0,0.0,0.0
0.022373095154762268,0.018258847296237946,0.011644394136965275,0.09047805517911911,,0.02203245647251606,0.01829364523291588,0.011385435238480568,0.09043185412883759,,0.0,0.0,0.0,0.0
0.07236900925636292,0.025506939738988876,0.02329258993268013,0.10554149001836777,,0.0728023499250412,0.025555673986673355,0.023248925805091858,0.10595576465129852,,0.0,0.0,0.0,0.0
0.08181887120008469,0.05024012550711632,0.11676191538572311,0.04184639826416969,,0.0808911919593811,0.05023037642240524,0.11697417497634888,0.04329253360629082,,0.0,0.0,0.0,0.0
0.02519487589597702,0.0695490688085556,0.03079567477107048,0.0497935451567173,,0.029398808255791664,0.06911755353212357,0.031155167147517204,0.04935093969106674,,0.0,0.0,0.0,0.0
0.062327053397893906,0.03648870065808296,0.04545807093381882,0.044523485004901886,,0.06145307049155235,0.03663253411650658,0.0451289564371109,0.04533284530043602,,0.0,0.0,0.0,0.0
