true_r1,true_r2,true_r3,true_r4,,pred_r1,pred_r2,pred_r3,pred_r4, ,mask_r1,mask_r2,mask_r3,mask_r4
0.06331494450569153,0.06370406597852707,0.08557039499282837,0.05060878396034241,,0.06339190900325775,0.0642290711402893,0.08529463410377502,0.05002287030220032,,0.0,0.0,0.0,0.0
0.04452664405107498,0.07133890688419342,0.037156105041503906,0.1033342033624649,,0.04433377832174301,0.07124748080968857,0.03718813881278038,0.10287332534790039,,0.0,0.0,0.0,0.0
0.038756776601076126,0.018474530428647995,0.014214353635907173,0.08920226991176605,,0.03825828805565834,0.017509032040834427,0.01378187071532011,0.09069126099348068,,0.0,0.0,0.0,0.0
0.023171037435531616,0.02648075297474861,0.012722402811050415,0.09706394374370575,,0.024264942854642868,0.026495615020394325,0.013934328220784664,0.09835284948348999,,0.0,0.0,1.0,0.0
0.02425740659236908,0.09595471620559692,0.026263577863574028,0.07423843443393707,,0.02366185374557972,0.09783165901899338,0.02557525224983692,0.07452670484781265,,0.0,0.0,0.0,0.0
0.01746988482773304,0.049989406019449234,0.07020971179008484,0.01746351085603237,,0.017711300402879715,0.04983273893594742,0.0709947720170021,0.0181317999958992,,0.0,0.0,0.0,0.0
0.02220313809812069,0.08856363594532013,0.06019856035709381,0.029800789430737495,,0.022773848846554756,0.08893834054470062,0.058192018419504166,0.02831084094941616,,0.0,0.0,0.0,0.0
