true_r1,true_r2,true_r3,true_r4,,pred_r1,pred_r2,pred_r3,pred_r4, ,mask_r1,mask_r2,mask_r3,mask_r4
0.012073659338057041,0.0969894677400589,0.02331702969968319,0.019344991073012352,,0.011536333709955215,0.0971354991197586,0.023449121043086052,0.019391855224967003,,0.0,0.0,0.0,0.0
0.03558924421668053,0.05262378975749016,0.024865634739398956,0.16064071655273438,,0.03637233003973961,0.052259285002946854,0.02456044591963291,0.15968888998031616,,0.0,0.0,0.0,0.0
0.03632749989628792,0.1408768892288208,0.09450169652700424,0.04245082288980484,,0.038221072405576706,0.14081132411956787,0.0951257050037384,0.04074367135763168,,0.0,0.0,0.0,0.0
0.06988826394081116,0.047450512647628784,0.21504172682762146,0.03216014802455902,,0.06936684250831604,0.04863167181611061,0.21261298656463623,0.03357971832156181,,0.0,0.0,0.0,0.0
0.03495817631483078,0.04583744704723358,0.022887757048010826,0.17748142778873444,,0.034091297537088394,0.043248359113931656,0.025048188865184784,0.18687714636325836,,0.0,0.0,0.0,0.0
0.04258440434932709,0.06410722434520721,0.03697529062628746,0.08956955373287201,,0.040560055524110794,0.06540326774120331,0.03862592577934265,0.09005782008171082,,0.0,0.0,0.0,0.0
0.13258424401283264,0.020691784098744392,0.030757686123251915,0.04518032446503639,,0.1310204565525055,0.019185245037078857,0.03049600124359131,0.04289775714278221,,0.0,0.0,0.0,0.0
0.10506138205528259,0.01874404028058052,0.02938665635883808,0.030666105449199677,,0.10493969172239304,0.014787876047194004,0.028515245765447617,0.03155592083930969,,0.0,1.0,0.0,0.0
