true_r1,true_r2,true_r3,true_r4,,pred_r1,pred_r2,pred_r3,pred_r4, ,mask_r1,mask_r2,mask_r3,mask_r4
0.01843050681054592,0.08323804289102554,0.020803947001695633,0.05768349766731262,,0.018054114654660225,0.08337322622537613,0.020191611722111702,0.05776563659310341,,0.0,0.0,0.0,0.0
0.05091382935643196,0.05049501731991768,0.030733060091733932,0.14182166755199432,,0.05045361444354057,0.050598226487636566,0.030589889734983444,0.1422816663980484,,0.0,0.0,0.0,0.0
0.16711010038852692,0.018983939662575722,0.03668280318379402,0.029078705236315727,,0.1682504266500473,0.01819845847785473,0.03749781847000122,0.03008119948208332,,0.0,0.0,0.0,0.0
0.1056431382894516,0.013472885824739933,0.031605228781700134,0.01927882805466652,,0.1085398867726326,0.013283968903124332,0.030877716839313507,0.02046709507703781,,0.0,0.0,0.0,0.0
0.03899787738919258,0.025312168523669243,0.1404188871383667,0.01587008871138096,,0.03541707247495651,0.02653181180357933,0.14420318603515625,0.012309263460338116,,0.0,0.0,0.0,0.0
0.1314278095960617,0.018125418573617935,0.0312734916806221,0.03777863830327988,,0.13161417841911316,0.01835099421441555,0.02898710034787655,0.03797581046819687,,0.0,0.0,0.0,0.0
0.02634209580719471,0.0226602740585804,0.015930531546473503,0.12149425595998764,,0.022748854011297226,0.022948050871491432,0.014167731627821922,0.11912327259778976,,0.0,0.0,0.0,0.0
0.029412580654025078,0.02712145261466503,0.10600993782281876,0.01778111420571804,,0.029809247702360153,0.028060952201485634,0.1083265021443367,0.01728198304772377,,0.0,0.0,0.0,1.0
