true_r1,true_r2,true_r3,true_r4,,pred_r1,pred_r2,pred_r3,pred_r4, ,mask_r1,mask_r2,mask_r3,mask_r4
0.1205764040350914,0.014857758767902851,0.02402453124523163,0.029578210785984993,,0.12062763422727585,0.01487361453473568,0.02419385500252247,0.029502492398023605,,0.0,0.0,0.0,0.0
0.04057401046156883,0.019015878438949585,0.09403874725103378,0.014974620193243027,,0.04045470058917999,0.018988220021128654,0.0941615030169487,0.014888906851410866,,0.0,0.0,0.0,0.0
0.0425150990486145,0.04251185432076454,0.033689018338918686,0.05702323839068413,,0.042388349771499634,0.04208867624402046,0.03389504551887512,0.05689216032624245,,0.0,0.0,0.0,0.0
0.10962033271789551,0.014909197576344013,0.02723657712340355,0.027261972427368164,,0.10914485156536102,0.015190924517810345,0.02648543380200863,0.026707744225859642,,0.0,1.0,0.0,0.0
