true_r1,true_r2,true_r3,true_r4,,pred_r1,pred_r2,pred_r3,pred_r4, ,mask_r1,mask_r2,mask_r3,mask_r4
0.07893318682909012,0.017140647396445274,0.0182198416441679,0.05851958319544792,,0.07771024852991104,0.017166748642921448,0.01895887963473797,0.056875087320804596,,0.0,0.0,0.0,0.0
0.034497104585170746,0.04508589208126068,0.022646646946668625,0.2005716860294342,,0.03513137251138687,0.04497777298092842,0.022029461339116096,0.20128478109836578,,0.0,0.0,0.0,0.0
0.02360062301158905,0.01884327456355095,0.09591890871524811,0.012319552712142467,,0.023582350462675095,0.019206617027521133,0.09613743424415588,0.013198351487517357,,0.0,0.0,0.0,0.0
0.025510957464575768,0.025884147733449936,0.01527611818164587,0.10468897223472595,,0.025220394134521484,0.02578621171414852,0.015069502405822277,0.10666239261627197,,0.0,0.0,1.0,0.0
0.028970908373594284,0.07882595807313919,0.02804616279900074,0.10979387164115906,,0.028675956651568413,0.07784097641706467,0.027029989287257195,0.1081458330154419,,0.0,0.0,0.0,0.0
0.022512411698698997,0.01879047602415085,0.08921391516923904,0.014118912629783154,,0.023320386186242104,0.018715912476181984,0.08990178257226944,0.01191520132124424,,0.0,0.0,0.0,0.0
0.187289297580719,0.027209607884287834,0.037654805928468704,0.06926092505455017,,0.18783095479011536,0.028530379757285118,0.03901571407914162,0.07294459640979767,,0.0,0.0,0.0,0.0
