true_r1,true_r2,true_r3,true_r4,,pred_r1,pred_r2,pred_r3,pred_r4, ,mask_r1,mask_r2,mask_r3,mask_r4
0.03390655666589737,0.04919020086526871,0.15068957209587097,0.02313384599983692,,0.03386130928993225,0.04886099323630333,0.1506117731332779,0.023181531578302383,,0.0,0.0,0.0,0.0
0.014047693461179733,0.06014370918273926,0.045680779963731766,0.015290100127458572,,0.014266285113990307,0.061863597482442856,0.04556833952665329,0.015851780772209167,,0.0,0.0,0.0,0.0
0.018722794950008392,0.11805888265371323,0.05124162882566452,0.02379302866756916,,0.018705951049923897,0.1192394345998764,0.051484331488609314,0.023908581584692,,0.0,0.0,0.0,0.0
0.014728086069226265,0.01680971123278141,0.010580305010080338,0.06167071685194969,,0.015140448696911335,0.01623997651040554,0.010506954044103622,0.061207499355077744,,0.0,0.0,1.0,0.0
