true_r1,true_r2,true_r3,true_r4,,pred_r1,pred_r2,pred_r3,pred_r4, ,mask_r1,mask_r2,mask_r3,mask_r4
0.03186430782079697,0.12522807717323303,0.03649001941084862,0.08450480550527573,,0.032949529588222504,0.12498293817043304,0.036476463079452515,0.08522538095712662,,0.0,0.0,0.0,0.0
0.018355129286646843,0.13963106274604797,0.04110615700483322,0.02726849541068077,,0.01762392185628414,0.14046461880207062,0.04126967489719391,0.026689566671848297,,0.0,0.0,0.0,0.0
0.2160361260175705,0.024052591994404793,0.03724879026412964,0.04986223950982094,,0.2163514792919159,0.02450556494295597,0.03741889074444771,0.048645682632923126,,0.0,0.0,0.0,0.0
0.04666948691010475,0.11611724644899368,0.08303682506084442,0.05027952790260315,,0.05097086355090141,0.11710187792778015,0.08160186558961868,0.05037618800997734,,0.0,0.0,0.0,0.0
0.1095128059387207,0.06919028609991074,0.0802890732884407,0.07974829524755478,,0.10779217630624771,0.06948690116405487,0.07913573086261749,0.0821056216955185,,0.0,0.0,0.0,0.0
0.16091986000537872,0.02562090754508972,0.030546151101589203,0.05667312070727348,,0.1614578515291214,0.025338247418403625,0.03195330128073692,0.05588040128350258,,0.0,0.0,0.0,0.0
0.01771143265068531,0.0932210311293602,0.024083083495497704,0.02488345094025135,,0.015535633079707623,0.08964790403842926,0.02362680807709694,0.02563069947063923,,1.0,0.0,0.0,0.0
