true_r1,true_r2,true_r3,true_r4,,pred_r1,pred_r2,pred_r3,pred_r4, ,mask_r1,mask_r2,mask_r3,mask_r4
0.20252631604671478,0.02190401777625084,0.03509903699159622,0.04568476602435112,,0.20223116874694824,0.02166072092950344,0.03499887138605118,0.04550100862979889,,0.0,0.0,0.0,0.0
0.015740100294351578,0.06952366232872009,0.01640981435775757,0.0511549673974514,,0.017125919461250305,0.07002173364162445,0.01686272770166397,0.05211717635393143,,0.0,0.0,0.0,0.0
0.052126649767160416,0.04835222661495209,0.06618975102901459,0.03957200050354004,,0.04891441389918327,0.04898764193058014,0.06632028520107269,0.038568902760744095,,0.0,0.0,0.0,0.0
0.013903431594371796,0.06514108926057816,0.0478600412607193,0.016110951080918312,,0.016587354242801666,0.06523403525352478,0.04766000807285309,0.015585274435579777,,0.0,0.0,0.0,0.0
0.029270734637975693,0.027323195710778236,0.10550262778997421,0.015396331436932087,,0.02654406800866127,0.0266721211373806,0.10536568611860275,0.014639551751315594,,0.0,0.0,0.0,1.0
