true_r1,true_r2,true_r3,true_r4,,pred_r1,pred_r2,pred_r3,pred_r4, ,mask_r1,mask_r2,mask_r3,mask_r4
0.025563690811395645,0.11921289563179016,0.04236776754260063,0.0426451675593853,,0.02579016052186489,0.11918562650680542,0.04250658303499222,0.04282490536570549,,0.0,0.0,0.0,0.0
0.018343400210142136,0.01855245605111122,0.010175134986639023,0.09663528203964233,,0.018707899376749992,0.018923940137028694,0.010355263948440552,0.0965336263179779,,0.0,0.0,0.0,0.0
0.08942197263240814,0.013606321066617966,0.021968919783830643,0.024525359272956848,,0.08925217390060425,0.014129933901131153,0.021394064649939537,0.02076706662774086,,0.0,1.0,0.0,0.0
0.016034690663218498,0.14868922531604767,0.028346246108412743,0.028646543622016907,,0.0170146357268095,0.1480252593755722,0.028273409232497215,0.02970355749130249,,0.0,0.0,0.0,0.0
0.03138849511742592,0.16607901453971863,0.05792519450187683,0.03522813320159912,,0.025426659733057022,0.16327303647994995,0.061907388269901276,0.038926754146814346,,0.0,0.0,0.0,0.0
0.07553394883871078,0.07926540076732635,0.10075552761554718,0.06431335210800171,,0.07706218957901001,0.07953473925590515,0.10065877437591553,0.06670357286930084,,0.0,0.0,0.0,0.0
0.04562663286924362,0.04724430665373802,0.026985256001353264,0.22765953838825226,,0.047721412032842636,0.046254973858594894,0.026224639266729355,0.22863006591796875,,0.0,0.0,0.0,0.0
0.08915062248706818,0.013693384826183319,0.018817927688360214,0.02936645597219467,,0.0873119905591011,0.01402338221669197,0.01859973929822445,0.026519203558564186,,0.0,0.0,0.0,0.0
