true_r1,true_r2,true_r3,true_r4,,pred_r1,pred_r2,pred_r3,pred_r4, ,mask_r1,mask_r2,mask_r3,mask_r4
0.09313695877790451,0.0333985909819603,0.13457514345645905,0.029409414157271385,,0.0940030962228775,0.03309740126132965,0.1349634826183319,0.029760118573904037,,0.0,0.0,0.0,0.0
0.03878682106733322,0.1776384562253952,0.06345454603433609,0.06348856538534164,,0.037967972457408905,0.17797669768333435,0.06334202736616135,0.06355786323547363,,0.0,0.0,0.0,0.0
0.16097405552864075,0.01870606653392315,0.028547191992402077,0.03524227440357208,,0.16089627146720886,0.0167363453656435,0.027215367183089256,0.0366964153945446,,0.0,0.0,0.0,0.0
0.0772424265742302,0.013404306024312973,0.018338169902563095,0.018484551459550858,,0.07747545838356018,0.01447419635951519,0.018662625923752785,0.01843704842031002,,0.0,1.0,0.0,0.0
0.028429832309484482,0.0421554371714592,0.019519001245498657,0.12907293438911438,,0.03020901046693325,0.04015420004725456,0.021880822256207466,0.12506236135959625,,0.0,0.0,0.0,0.0
0.020803768187761307,0.1470581740140915,0.03083813562989235,0.03166896104812622,,0.022778335958719254,0.1503504514694214,0.031450752168893814,0.03172869607806206,,0.0,0.0,0.0,0.0
0.04948108643293381,0.03652166947722435,0.02350183203816414,0.14457818865776062,,0.04982057586312294,0.03823729604482651,0.02384897693991661,0.14549805223941803,,0.0,0.0,0.0,0.0
