true_r1,true_r2,true_r3,true_r4,,pred_r1,pred_r2,pred_r3,pred_r4, ,mask_r1,mask_r2,mask_r3,mask_r4
0.09527074545621872,0.03351776674389839,0.13758200407028198,0.030289560556411743,,0.09511365741491318,0.033164653927087784,0.1378023475408554,0.030220171436667442,,0.0,0.0,0.0,0.0
0.03391166031360626,0.03361190855503082,0.17641614377498627,0.018853917717933655,,0.03374863043427467,0.033956173807382584,0.1764846295118332,0.0186393354088068,,0.0,0.0,0.0,0.0
0.06274093687534332,0.026624424383044243,0.023865491151809692,0.09114939719438553,,0.060699526220560074,0.02673591859638691,0.02486433833837509,0.091224305331707,,0.0,0.0,0.0,0.0
0.07796545326709747,0.01035427674651146,0.01859092339873314,0.020983200520277023,,0.07858394086360931,0.012120251543819904,0.018281975761055946,0.018270252272486687,,0.0,1.0,0.0,0.0
0.14135952293872833,0.051731932908296585,0.060024693608284,0.09861905872821808,,0.14374710619449615,0.04815247282385826,0.0633566826581955,0.10213707387447357,,0.0,0.0,0.0,0.0
0.029419828206300735,0.07181541621685028,0.031862929463386536,0.1070244237780571,,0.030140100046992302,0.07287910580635071,0.02757270447909832,0.10582448542118073,,0.0,0.0,0.0,0.0
0.11178349703550339,0.04231341555714607,0.04816059395670891,0.07554503530263901,,0.11204653233289719,0.04100664705038071,0.04855744168162346,0.07660045474767685,,0.0,0.0,0.0,0.0
