true_r1,true_r2,true_r3,true_r4,,pred_r1,pred_r2,pred_r3,pred_r4, ,mask_r1,mask_r2,mask_r3,mask_r4
0.055668920278549194,0.018195293843746185,0.07483112066984177,0.016424167901277542,,0.05544658750295639,0.018475903198122978,0.07523316890001297,0.016316134482622147,,0.0,0.0,0.0,0.0
0.09930917620658875,0.04330480843782425,0.14766179025173187,0.03777125105261803,,0.09964972734451294,0.043270211666822433,0.14792680740356445,0.037722598761320114,,0.0,0.0,0.0,0.0
0.01860521174967289,0.07822772115468979,0.019185811281204224,0.05733926221728325,,0.017545998096466064,0.0782121792435646,0.018647795543074608,0.05753897503018379,,0.0,0.0,0.0,0.0
0.1033707782626152,0.012589561752974987,0.02507561258971691,0.02496200054883957,,0.10224951803684235,0.01683395355939865,0.026224132627248764,0.02562117762863636,,0.0,1.0,0.0,0.0
0.13227921724319458,0.018293796107172966,0.025357794016599655,0.030824316665530205,,0.12982916831970215,0.01747473143041134,0.02646435983479023,0.030209016054868698,,0.0,0.0,0.0,0.0
0.01770838163793087,0.1399809569120407,0.025507166981697083,0.04107924923300743,,0.019333213567733765,0.13771052658557892,0.024447238072752953,0.04157913103699684,,0.0,0.0,0.0,0.0
