true_r1,true_r2,true_r3,true_r4,,pred_r1,pred_r2,pred_r3,pred_r4, ,mask_r1,mask_r2,mask_r3,mask_r4
0.1598883718252182,0.02100898139178753,0.03675440698862076,0.027534494176506996,,0.15926456451416016,0.016882246360182762,0.035934943705797195,0.02762470208108425,,0.0,0.0,0.0,0.0
0.1479661613702774,0.018818490207195282,0.027520153671503067,0.04296328127384186,,0.14807341992855072,0.01967923901975155,0.027518104761838913,0.04310820996761322,,0.0,0.0,0.0,0.0
0.018102940171957016,0.11794048547744751,0.040954701602458954,0.022786803543567657,,0.017527051270008087,0.11883639544248581,0.04106799140572548,0.023174822330474854,,0.0,0.0,0.0,0.0
0.022962437942624092,0.022820258513092995,0.09482915699481964,0.013419230468571186,,0.024067649617791176,0.022591549903154373,0.0931834802031517,0.012733479961752892,,0.0,0.0,0.0,1.0
0.026070423424243927,0.10940186679363251,0.028176499530673027,0.07409876585006714,,0.024213209748268127,0.11013398319482803,0.028289062902331352,0.07597831636667252,,0.0,0.0,0.0,0.0
0.027738291770219803,0.22632183134555817,0.05413484573364258,0.040811847895383835,,0.02719203568994999,0.22854845225811005,0.055760808289051056,0.0404522642493248,,0.0,0.0,0.0,0.0
0.017206668853759766,0.1067153587937355,0.04488517343997955,0.022144902497529984,,0.019528919830918312,0.10595674812793732,0.04523398354649544,0.021117955446243286,,0.0,0.0,0.0,0.0
0.024559786543250084,0.19246090948581696,0.0444849357008934,0.03377828747034073,,0.02469361573457718,0.19405004382133484,0.0434500016272068,0.03371400386095047,,0.0,0.0,0.0,0.0
