true_r1,true_r2,true_r3,true_r4,,pred_r1,pred_r2,pred_r3,pred_r4, ,mask_r1,mask_r2,mask_r3,mask_r4
0.022736232727766037,0.06448617577552795,0.09283879399299622,0.020685896277427673,,0.02292034775018692,0.06439575552940369,0.09297362715005875,0.02055402286350727,,0.0,0.0,0.0,0.0
0.08950711041688919,0.020456280559301376,0.021955614909529686,0.06591887772083282,,0.08938328921794891,0.02155451476573944,0.02163117565214634,0.06683540344238281,,0.0,0.0,0.0,0.0
0.0811319425702095,0.0511217936873436,0.042118918150663376,0.1184544712305069,,0.0818132534623146,0.050550270825624466,0.04258356988430023,0.11870458722114563,,0.0,0.0,0.0,0.0
0.16441838443279266,0.024167675524950027,0.06170579046010971,0.03319675102829933,,0.16242605447769165,0.02642780728638172,0.05849186331033707,0.03492414206266403,,0.0,0.0,0.0,0.0
0.018396494910120964,0.08742815256118774,0.023749828338623047,0.024830972775816917,,0.01467972993850708,0.08599703758955002,0.024741344153881073,0.024870852008461952,,1.0,0.0,0.0,0.0
0.023034464567899704,0.018796617165207863,0.012085321359336376,0.09062337130308151,,0.023746730759739876,0.01870182529091835,0.01264168694615364,0.08787466585636139,,0.0,0.0,0.0,0.0
