true_r1,true_r2,true_r3,true_r4,,pred_r1,pred_r2,pred_r3,pred_r4, ,mask_r1,mask_r2,mask_r3,mask_r4
0.030168021097779274,0.025103580206632614,0.12226387113332748,0.015094645321369171,,0.029859304428100586,0.02428002841770649,0.12231206893920898,0.014906867407262325,,0.0,0.0,0.0,0.0
0.015047799795866013,0.09151311963796616,0.03937344253063202,0.019312724471092224,,0.015375971794128418,0.09179490059614182,0.03939390927553177,0.01851220801472664,,0.0,0.0,0.0,0.0
0.06467875093221664,0.03639504685997963,0.02610182575881481,0.1831400990486145,,0.06413470208644867,0.035848502069711685,0.026265323162078857,0.18417274951934814,,0.0,0.0,0.0,0.0
0.02794203720986843,0.04096353054046631,0.019792580977082253,0.1256471574306488,,0.029211867600679398,0.039909422397613525,0.01911626011133194,0.12477027624845505,,0.0,0.0,0.0,0.0
0.039637934416532516,0.11791521310806274,0.08753930032253265,0.05358339846134186,,0.04431106522679329,0.12204573303461075,0.08289113640785217,0.05582404136657715,,0.0,0.0,0.0,0.0
0.09495004266500473,0.024145478382706642,0.06646952033042908,0.029633844271302223,,0.09566961228847504,0.02486778236925602,0.06590255349874496,0.027586480602622032,,0.0,0.0,0.0,0.0
0.10289247334003448,0.02239815704524517,0.023434394970536232,0.07093304395675659,,0.10164634138345718,0.020809365436434746,0.02582847885787487,0.068853959441185,,0.0,0.0,0.0,0.0
0.08103054016828537,0.012738166376948357,0.020663466304540634,0.02110300213098526,,0.08122600615024567,0.01568307727575302,0.021569546312093735,0.02586742490530014,,0.0,1.0,0.0,0.0
