true_r1,true_r2,true_r3,true_r4,,pred_r1,pred_r2,pred_r3,pred_r4, ,mask_r1,mask_r2,mask_r3,mask_r4
0.10171937942504883,0.013749469071626663,0.024277376011013985,0.024980274960398674,,0.10230552405118942,0.013501256704330444,0.024771135300397873,0.02450147643685341,,0.0,1.0,0.0,0.0
0.038284365087747574,0.1093008890748024,0.0477089062333107,0.07372947782278061,,0.04132094234228134,0.10596312582492828,0.04590780287981033,0.07448459416627884,,0.0,0.0,0.0,0.0
0.01649361662566662,0.08015897125005722,0.03547906503081322,0.017529405653476715,,0.014277344569563866,0.08047233521938324,0.03549836203455925,0.017263444140553474,,0.0,0.0,0.0,0.0
0.07383967936038971,0.026542136445641518,0.05110419914126396,0.03151349350810051,,0.0735907107591629,0.026860397309064865,0.05129111185669899,0.0319233201444149,,0.0,0.0,0.0,0.0
