true_r1,true_r2,true_r3,true_r4,,pred_r1,pred_r2,pred_r3,pred_r4, ,mask_r1,mask_r2,mask_r3,mask_r4
0.02269217185676098,0.02996932342648506,0.13118532299995422,0.01335527841001749,,0.023193303495645523,0.0300619974732399,0.13138297200202942,0.0141304275020957,,0.0,0.0,0.0,0.0
0.020375965163111687,0.031716570258140564,0.10850761830806732,0.01451443787664175,,0.02033592015504837,0.03182276338338852,0.10866041481494904,0.013878919184207916,,0.0,0.0,0.0,0.0
0.026896381750702858,0.07761675864458084,0.025954877957701683,0.11204169690608978,,0.027792073786258698,0.07692491263151169,0.024951495230197906,0.11124305427074432,,0.0,0.0,0.0,0.0
0.022665150463581085,0.04225899279117584,0.016560574993491173,0.11676255613565445,,0.021488187834620476,0.041780438274145126,0.016916397958993912,0.11744426190853119,,0.0,0.0,0.0,0.0
0.023642292246222496,0.02169455774128437,0.09073320776224136,0.012753265909850597,,0.023577697575092316,0.02244996838271618,0.08917568624019623,0.014906655997037888,,0.0,0.0,0.0,1.0
0.10906770825386047,0.02740527130663395,0.042327992618083954,0.04486367106437683,,0.10788778960704803,0.028638366609811783,0.04418531060218811,0.04251178354024887,,0.0,0.0,0.0,0.0
0.012385214678943157,0.1089448407292366,0.025849444791674614,0.02240605652332306,,0.012977136299014091,0.10908404737710953,0.026087062433362007,0.019108284264802933,,0.0,0.0,0.0,0.0
0.03474711254239082,0.02483994886279106,0.0177365243434906,0.11653950065374374,,0.03640634939074516,0.026151329278945923,0.016705136746168137,0.11649836599826813,,0.0,0.0,0.0,0.0
