true_r1,true_r2,true_r3,true_r4,,pred_r1,pred_r2,pred_r3,pred_r4, ,mask_r1,mask_r2,mask_r3,mask_r4
0.026541026309132576,0.02629217877984047,0.10944811999797821,0.015335735864937305,,0.026278888806700706,0.026287954300642014,0.10840664058923721,0.01417614333331585,,0.0,0.0,0.0,1.0
0.01229136437177658,0.07450783252716064,0.032820362597703934,0.015693997964262962,,0.012452587485313416,0.07443919777870178,0.032400257885456085,0.015506553463637829,,0.0,0.0,0.0,0.0
0.04406294971704483,0.06408090144395828,0.03038034960627556,0.1936960220336914,,0.044224418699741364,0.06287731230258942,0.02997603453695774,0.19405697286128998,,0.0,0.0,0.0,0.0
0.023765064775943756,0.025509782135486603,0.09683102369308472,0.015856221318244934,,0.021632172167301178,0.025010941550135612,0.09517310559749603,0.014324165880680084,,0.0,0.0,0.0,1.0
0.025748467072844505,0.10237650573253632,0.03213975951075554,0.07339418679475784,,0.027157796546816826,0.10375775396823883,0.03250987082719803,0.0717775821685791,,0.0,0.0,0.0,0.0
0.13874714076519012,0.017305321991443634,0.0333600714802742,0.02810729667544365,,0.13823539018630981,0.018254833295941353,0.03470394387841225,0.02836522087454796,,0.0,0.0,0.0,0.0
0.036113191395998,0.03314259275794029,0.1438276320695877,0.021006502211093903,,0.03507449850440025,0.0320122204720974,0.14145928621292114,0.02051835134625435,,0.0,0.0,0.0,0.0
