true_r1,true_r2,true_r3,true_r4,,pred_r1,pred_r2,pred_r3,pred_r4, ,mask_r1,mask_r2,mask_r3,mask_r4
0.024049043655395508,0.05422303453087807,0.08114676922559738,0.02135247178375721,,0.0236981064081192,0.0540798045694828,0.0813194140791893,0.020501764491200447,,0.0,0.0,0.0,0.0
0.019450927153229713,0.02313605323433876,0.012416978366672993,0.09497471898794174,,0.018809137865900993,0.023048505187034607,0.011675911024212837,0.09476962685585022,,0.0,0.0,0.0,0.0
0.014320828951895237,0.09626555442810059,0.023547641932964325,0.021986935287714005,,0.014943979680538177,0.09646978974342346,0.02274511195719242,0.02477201074361801,,1.0,0.0,0.0,0.0
0.10576330125331879,0.024000247940421104,0.038521658629179,0.03957676514983177,,0.10458648949861526,0.025122880935668945,0.03869028016924858,0.03924766927957535,,0.0,0.0,0.0,0.0
0.12961503863334656,0.02065053954720497,0.025974592193961143,0.04705056548118591,,0.13064824044704437,0.01947920210659504,0.026905782520771027,0.04596919193863869,,0.0,0.0,0.0,0.0
