true_r1,true_r2,true_r3,true_r4,,pred_r1,pred_r2,pred_r3,pred_r4, ,mask_r1,mask_r2,mask_r3,mask_r4
0.12100302428007126,0.017567545175552368,0.02326219528913498,0.04380602762103081,,0.12117768824100494,0.01713496446609497,0.022911712527275085,0.04290027171373367,,0.0,0.0,0.0,0.0
0.03742198646068573,0.06371627002954483,0.04693518579006195,0.04680108651518822,,0.03749403730034828,0.06353136152029037,0.04741068556904793,0.04718481004238129,,0.0,0.0,0.0,0.0
0.027881871908903122,0.039918169379234314,0.12219824641942978,0.018549131229519844,,0.028007041662931442,0.0397714227437973,0.12330491095781326,0.019055088981986046,,0.0,0.0,0.0,0.0
0.01674456149339676,0.016250982880592346,0.06836368143558502,0.010649771429598331,,0.016820043325424194,0.017207210883498192,0.067367322742939,0.010515235364437103,,0.0,0.0,0.0,1.0
0.03196524828672409,0.04789671674370766,0.024983905255794525,0.14258700609207153,,0.032184675335884094,0.04751313105225563,0.025335222482681274,0.14228391647338867,,0.0,0.0,0.0,0.0
