true_r1,true_r2,true_r3,true_r4,,pred_r1,pred_r2,pred_r3,pred_r4, ,mask_r1,mask_r2,mask_r3,mask_r4
0.022317444905638695,0.02389243058860302,0.09335311502218246,0.012597479857504368,,0.022173922508955002,0.02217385731637478,0.09285091608762741,0.012161098420619965,,0.0,0.0,0.0,1.0
0.023094894364476204,0.10304003953933716,0.07602184265851974,0.025257011875510216,,0.023476293310523033,0.10365555435419083,0.07667262107133865,0.025132300332188606,,0.0,0.0,0.0,0.0
0.14985741674900055,0.020087772980332375,0.028414396569132805,0.04388652369379997,,0.15026862919330597,0.01984255015850067,0.02808777615427971,0.04333147779107094,,0.0,0.0,0.0,0.0
0.017252275720238686,0.16340652108192444,0.036642447113990784,0.02910754829645157,,0.017947698011994362,0.16433601081371307,0.03608502447605133,0.028642941266298294,,0.0,0.0,0.0,0.0
0.05506813898682594,0.03664369881153107,0.03375964239239693,0.153751403093338,,0.05818357318639755,0.03202872350811958,0.029428521171212196,0.1555269956588745,,0.0,0.0,0.0,0.0
0.028603913262486458,0.10030483454465866,0.07081696391105652,0.030707722529768944,,0.02915114350616932,0.10187765955924988,0.07038801163434982,0.030759252607822418,,0.0,0.0,0.0,0.0
0.029356269165873528,0.019245250150561333,0.08735868334770203,0.012979918159544468,,0.02665070630609989,0.019138943403959274,0.08746471256017685,0.01217049453407526,,0.0,0.0,0.0,0.0
0.029131732881069183,0.07418537884950638,0.10220909863710403,0.023584328591823578,,0.02750249393284321,0.07455592602491379,0.1059657484292984,0.024741120636463165,,0.0,0.0,0.0,0.0
