true_r1,true_r2,true_r3,true_r4,,pred_r1,pred_r2,pred_r3,pred_r4, ,mask_r1,mask_r2,mask_r3,mask_r4
0.08322302997112274,0.051461830735206604,0.04343507066369057,0.11963559687137604,,0.08242835849523544,0.05142277479171753,0.0426284596323967,0.11910667270421982,,0.0,0.0,0.0,0.0
0.027561763301491737,0.06404837220907211,0.024236900731921196,0.09541837871074677,,0.029050637036561966,0.06360793113708496,0.024056734517216682,0.0938526839017868,,0.0,0.0,0.0,0.0
0.021333301439881325,0.12806260585784912,0.05567128211259842,0.025599656626582146,,0.01900622434914112,0.13399161398410797,0.060046520084142685,0.03140386939048767,,0.0,0.0,0.0,0.0
0.02540595456957817,0.02265593409538269,0.09109006077051163,0.015414474532008171,,0.02521161362528801,0.02105259895324707,0.09187828749418259,0.016040120273828506,,0.0,0.0,0.0,0.0
0.0469355583190918,0.07608471065759659,0.10823041945695877,0.040327850729227066,,0.046979889273643494,0.0744493380188942,0.11019697040319443,0.04080459102988243,,0.0,0.0,0.0,0.0
0.07530748099088669,0.011793232522904873,0.020167890936136246,0.02096986025571823,,0.07505389302968979,0.013889219611883163,0.01811535470187664,0.020127229392528534,,0.0,1.0,0.0,0.0
