true_r1,true_r2,true_r3,true_r4,,pred_r1,pred_r2,pred_r3,pred_r4, ,mask_r1,mask_r2,mask_r3,mask_r4
0.0910281166434288,0.01326708309352398,0.02247174270451069,0.02183142863214016,,0.09165581315755844,0.013794593513011932,0.0220097154378891,0.021892167627811432,,0.0,1.0,0.0,0.0
0.017642738297581673,0.16338270902633667,0.03751108795404434,0.0281209796667099,,0.01748213730752468,0.16382108628749847,0.03685174882411957,0.0285789854824543,,0.0,0.0,0.0,0.0
0.05674797669053078,0.017511464655399323,0.07157950848340988,0.016141973435878754,,0.05593588203191757,0.0176275372505188,0.072413370013237,0.016408326104283333,,0.0,0.0,0.0,0.0
0.21506066620349884,0.024470752105116844,0.03835587203502655,0.048500098288059235,,0.21509189903736115,0.025067828595638275,0.03706514090299606,0.04826716333627701,,0.0,0.0,0.0,0.0
