true_r1,true_r2,true_r3,true_r4,,pred_r1,pred_r2,pred_r3,pred_r4, ,mask_r1,mask_r2,mask_r3,mask_r4
0.07637511938810349,0.0119857182726264,0.032857634127140045,0.015382742509245872,,0.076558917760849,0.011609029024839401,0.033105913549661636,0.0153512516990304,,0.0,0.0,0.0,0.0
0.015062524937093258,0.11758790910243988,0.021969784051179886,0.03449980914592743,,0.01498139463365078,0.11723795533180237,0.02185719646513462,0.034040357917547226,,0.0,0.0,0.0,0.0
0.01187579520046711,0.08715896308422089,0.02102629281580448,0.02145848423242569,,0.011687323451042175,0.08730803430080414,0.021327774971723557,0.021145952865481377,,1.0,0.0,0.0,0.0
0.11498065292835236,0.017144693061709404,0.027746714651584625,0.02274804562330246,,0.116165891289711,0.0220811627805233,0.027786359190940857,0.023647941648960114,,0.0,0.0,0.0,0.0
0.031166141852736473,0.0683453381061554,0.025527900084853172,0.09962528198957443,,0.02901521697640419,0.06872975081205368,0.025004232302308083,0.09989223629236221,,0.0,0.0,0.0,0.0
0.02233808860182762,0.194513201713562,0.03337216004729271,0.04421708360314369,,0.022798892110586166,0.1914593130350113,0.033300213515758514,0.04357219859957695,,0.0,0.0,0.0,0.0
