true_r1,true_r2,true_r3,true_r4,,pred_r1,pred_r2,pred_r3,pred_r4, ,mask_r1,mask_r2,mask_r3,mask_r4
0.050729550421237946,0.035283513367176056,0.15519529581069946,0.023658620193600655,,0.05056549608707428,0.035024531185626984,0.1549505889415741,0.023855023086071014,,0.0,0.0,0.0,0.0
0.03530329465866089,0.09925135225057602,0.06878633052110672,0.04321341589093208,,0.03580296412110329,0.09910677373409271,0.06912476569414139,0.04275613650679588,,0.0,0.0,0.0,0.0
0.10413231700658798,0.01407797634601593,0.02565338835120201,0.025324519723653793,,0.10372712463140488,0.013444269075989723,0.02510993741452694,0.02636490762233734,,0.0,1.0,0.0,0.0
0.04287327080965042,0.03322285786271095,0.019003242254257202,0.12390594184398651,,0.042325571179389954,0.030874118208885193,0.02015295997262001,0.12156583368778229,,0.0,0.0,0.0,0.0
0.034974317997694016,0.03695208579301834,0.020769460126757622,0.16773547232151031,,0.036226604133844376,0.037001922726631165,0.022831037640571594,0.16785182058811188,,0.0,0.0,0.0,0.0
0.08058067411184311,0.03488263860344887,0.03054666891694069,0.11765439808368683,,0.08069264143705368,0.03437662124633789,0.03027571178972721,0.12035214900970459,,0.0,0.0,0.0,0.0
0.018025944009423256,0.13452093303203583,0.029659364372491837,0.03769828379154205,,0.01921292208135128,0.13451692461967468,0.027391409501433372,0.03496640548110008,,0.0,0.0,0.0,0.0
