true_r1,true_r2,true_r3,true_r4,,pred_r1,pred_r2,pred_r3,pred_r4, ,mask_r1,mask_r2,mask_r3,mask_r4
0.022037304937839508,0.13933421671390533,0.03165009990334511,0.04549691081047058,,0.02133834734559059,0.14034384489059448,0.03153082728385925,0.04608803614974022,,0.0,0.0,0.0,0.0
0.036283720284700394,0.028543783351778984,0.16245508193969727,0.01741279475390911,,0.03638281673192978,0.027739504352211952,0.16178055107593536,0.0174273531883955,,0.0,0.0,0.0,0.0
0.02224380150437355,0.10070211440324783,0.07268211245536804,0.024266250431537628,,0.02225649543106556,0.09882695227861404,0.07375618070363998,0.02411557547748089,,0.0,0.0,0.0,0.0
0.023077048361301422,0.06998912990093231,0.02145431749522686,0.0959138497710228,,0.02249625138938427,0.0694696456193924,0.021159833297133446,0.09583088010549545,,0.0,0.0,0.0,0.0
0.02793305180966854,0.029268398880958557,0.019266530871391296,0.10960777848958969,,0.026676137000322342,0.02641182951629162,0.018316855654120445,0.10710200667381287,,0.0,0.0,1.0,0.0
0.02133532613515854,0.12733902037143707,0.046355877071619034,0.033111151307821274,,0.020984968170523643,0.12940101325511932,0.04554714262485504,0.03320259600877762,,0.0,0.0,0.0,0.0
0.023669417947530746,0.017098460346460342,0.01147832814604044,0.08314453065395355,,0.025666095316410065,0.018541766330599785,0.011371017433702946,0.08378583192825317,,0.0,0.0,0.0,0.0
