true_r1,true_r2,true_r3,true_r4,,pred_r1,pred_r2,pred_r3,pred_r4, ,mask_r1,mask_r2,mask_r3,mask_r4
0.10458646714687347,0.01417624019086361,0.025282489135861397,0.02596045844256878,,0.10445576906204224,0.012851312756538391,0.02520626224577427,0.025707511231303215,,0.0,1.0,0.0,0.0
0.05569534748792648,0.031033802777528763,0.022375743836164474,0.15807899832725525,,0.05536342412233353,0.030429843813180923,0.02221710793673992,0.1578034609556198,,0.0,0.0,0.0,0.0
0.13602623343467712,0.029106974601745605,0.04819955304265022,0.04941990599036217,,0.13720692694187164,0.029724041000008583,0.04892740026116371,0.047083787620067596,,0.0,0.0,0.0,0.0
0.0283935759216547,0.033948007971048355,0.11046092957258224,0.020800959318876266,,0.028963757678866386,0.0336405411362648,0.1119433119893074,0.02243255265057087,,0.0,0.0,0.0,0.0
0.12758061289787292,0.027640756219625473,0.03213798999786377,0.0889190062880516,,0.12784093618392944,0.028682833537459373,0.031119167804718018,0.09059472382068634,,0.0,0.0,0.0,0.0
0.034144967794418335,0.08127870410680771,0.029177138581871986,0.1181420162320137,,0.03244047239422798,0.08064983785152435,0.027892502024769783,0.11711515486240387,,0.0,0.0,0.0,0.0
