true_r1,true_r2,true_r3,true_r4,,pred_r1,pred_r2,pred_r3,pred_r4, ,mask_r1,mask_r2,mask_r3,mask_r4
0.02561413124203682,0.026013514026999474,0.10855364054441452,0.014738471247255802,,0.025972433388233185,0.026151489466428757,0.10842174291610718,0.013961860910058022,,0.0,0.0,0.0,1.0
0.019822923466563225,0.08522296696901321,0.020845789462327957,0.0634428933262825,,0.01973259262740612,0.08604554831981659,0.02010323852300644,0.06344757974147797,,0.0,0.0,0.0,0.0
0.07567032426595688,0.017560936510562897,0.021472111344337463,0.05414215102791786,,0.0733981505036354,0.018444279208779335,0.02160913310945034,0.054719164967536926,,0.0,0.0,0.0,0.0
0.1452280580997467,0.0239644106477499,0.049019232392311096,0.03471121937036514,,0.1473260223865509,0.023106804117560387,0.04898736625909805,0.03378637507557869,,0.0,0.0,0.0,0.0
