true_r1,true_r2,true_r3,true_r4,,pred_r1,pred_r2,pred_r3,pred_r4, ,mask_r1,mask_r2,mask_r3,mask_r4
0.020893650129437447,0.09594015777111053,0.024449247866868973,0.06636123359203339,,0.02146829664707184,0.09576668590307236,0.022757001221179962,0.0663260668516159,,0.0,0.0,0.0,0.0
0.13514162600040436,0.02904326468706131,0.04757311940193176,0.04807816445827484,,0.13425518572330475,0.02936841920018196,0.04900212958455086,0.047795116901397705,,0.0,0.0,0.0,0.0
0.021204886958003044,0.026408717036247253,0.11694681644439697,0.013676561415195465,,0.02109062485396862,0.027200428768992424,0.11729960888624191,0.013140296563506126,,0.0,0.0,0.0,0.0
0.013258869759738445,0.0964687317609787,0.028286470100283623,0.017493300139904022,,0.011654157191514969,0.09650836139917374,0.03040885739028454,0.017751192674040794,,0.0,0.0,0.0,0.0
0.022716334089636803,0.024812836199998856,0.10689976811408997,0.013646385632455349,,0.02525237761437893,0.02568240649998188,0.0985506922006607,0.012704462744295597,,0.0,0.0,0.0,1.0
0.03765175864100456,0.036899175494909286,0.181176096200943,0.02277134545147419,,0.03808089345693588,0.03583648428320885,0.17564243078231812,0.02308742143213749,,0.0,0.0,0.0,0.0
0.024724924936890602,0.03210420161485672,0.13826164603233337,0.017182018607854843,,0.026334261521697044,0.03111317940056324,0.14301173388957977,0.015162283554673195,,0.0,0.0,0.0,0.0
0.056620944291353226,0.04025670886039734,0.02990121953189373,0.16375693678855896,,0.05509180948138237,0.04021712392568588,0.03187642991542816,0.16371890902519226,,0.0,0.0,0.0,0.0
