true_r1,true_r2,true_r3,true_r4,,pred_r1,pred_r2,pred_r3,pred_r4, ,mask_r1,mask_r2,mask_r3,mask_r4
0.13426338136196136,0.014646745286881924,0.025751447305083275,0.02573719434440136,,0.1342538446187973,0.014320746064186096,0.025802358984947205,0.025797609239816666,,0.0,0.0,0.0,0.0
0.024422945454716682,0.173810213804245,0.061605304479599,0.03387919440865517,,0.025449035689234734,0.1754724234342575,0.06236770749092102,0.03382605314254761,,0.0,0.0,0.0,0.0
0.18473206460475922,0.020715001970529556,0.036616042256355286,0.03640638664364815,,0.19175367057323456,0.018542857840657234,0.03463299944996834,0.035446688532829285,,0.0,0.0,0.0,0.0
0.08464125543832779,0.03048606775701046,0.1099330335855484,0.025988968089222908,,0.0853348970413208,0.029358437284827232,0.10935083776712418,0.025429125875234604,,0.0,0.0,0.0,0.0
0.017257895320653915,0.10142652690410614,0.031152112409472466,0.019230138510465622,,0.01358215231448412,0.10292113572359085,0.03120517171919346,0.019059859216213226,,0.0,0.0,0.0,0.0
0.09690038114786148,0.01664559170603752,0.024564383551478386,0.02358979545533657,,0.09817826002836227,0.015431742183864117,0.025330791249871254,0.023589374497532845,,0.0,1.0,0.0,0.0
