true_r1,true_r2,true_r3,true_r4,,pred_r1,pred_r2,pred_r3,pred_r4, ,mask_r1,mask_r2,mask_r3,mask_r4
0.018355848267674446,0.01847006194293499,0.010364505462348461,0.07671380043029785,,0.01883481629192829,0.018434982746839523,0.011648070998489857,0.07622361928224564,,0.0,0.0,1.0,0.0
0.07070911675691605,0.030757952481508255,0.10585219413042068,0.027263958007097244,,0.07075225561857224,0.031072571873664856,0.10555413365364075,0.028064152225852013,,0.0,0.0,0.0,0.0
0.020929459482431412,0.025189591571688652,0.012916810810565948,0.10066613554954529,,0.021232785657048225,0.025049256160855293,0.012874351814389229,0.10033220797777176,,0.0,0.0,0.0,0.0
0.027214542031288147,0.03692127764225006,0.017343370243906975,0.16793659329414368,,0.030204137787222862,0.036775752902030945,0.02003692463040352,0.16440623998641968,,0.0,0.0,0.0,0.0
0.06676023453474045,0.041322771459817886,0.03646796569228172,0.09865663945674896,,0.06743980944156647,0.041815999895334244,0.03516940027475357,0.0981018915772438,,0.0,0.0,0.0,0.0
0.0679125115275383,0.029446568340063095,0.02593626268208027,0.1001497358083725,,0.06539448350667953,0.028496883809566498,0.026127809658646584,0.10211101919412613,,0.0,0.0,0.0,0.0
