true_r1,true_r2,true_r3,true_r4,,pred_r1,pred_r2,pred_r3,pred_r4, ,mask_r1,mask_r2,mask_r3,mask_r4
0.0635383278131485,0.039164949208498,0.03337859734892845,0.09172838926315308,,0.06316951662302017,0.040052153170108795,0.03274202346801758,0.09158764779567719,,0.0,0.0,0.0,0.0
0.018871521577239037,0.1329261064529419,0.04720205068588257,0.025479299947619438,,0.01910231076180935,0.1326504945755005,0.04739024490118027,0.025445707142353058,,0.0,0.0,0.0,0.0
0.09402643889188766,0.02103614993393421,0.06582869589328766,0.022655317559838295,,0.09392257779836655,0.020894194021821022,0.06521572917699814,0.02308647893369198,,0.0,0.0,0.0,0.0
0.027749501168727875,0.061038315296173096,0.09070026129484177,0.02342122793197632,,0.02657792903482914,0.06162978336215019,0.08986891806125641,0.022839602082967758,,0.0,0.0,0.0,0.0
0.021636564284563065,0.041923217475414276,0.09977030754089355,0.01714564487338066,,0.02116982825100422,0.0426487922668457,0.10044874995946884,0.016204820945858955,,0.0,0.0,0.0,0.0
0.024123234674334526,0.022725330665707588,0.017200957983732224,0.07764220237731934,,0.023478640243411064,0.023917896673083305,0.018056070432066917,0.07765742391347885,,0.0,0.0,1.0,0.0
0.08594952523708344,0.021039890125393867,0.06203741207718849,0.020158618688583374,,0.08543460071086884,0.020138146355748177,0.06396089494228363,0.021709533408284187,,0.0,0.0,0.0,0.0
0.09686718136072159,0.01442732010036707,0.02662019059062004,0.021424133330583572,,0.09834126383066177,0.01445042248815298,0.028664521872997284,0.020182723179459572,,0.0,0.0,0.0,0.0
