true_r1,true_r2,true_r3,true_r4,,pred_r1,pred_r2,pred_r3,pred_r4, ,mask_r1,mask_r2,mask_r3,mask_r4
0.11585695296525955,0.011831282638013363,0.022178856655955315,0.02238667570054531,,0.11539705842733383,0.012051629833877087,0.02205123007297516,0.02207348681986332,,0.0,0.0,0.0,0.0
0.015278445556759834,0.1447412222623825,0.02747313305735588,0.027757758274674416,,0.015266879461705685,0.14452551305294037,0.02788754552602768,0.027565715834498405,,0.0,0.0,0.0,0.0
0.052460841834545135,0.08560193330049515,0.12211401015520096,0.04428182914853096,,0.052546292543411255,0.08352646231651306,0.12258196622133255,0.04429760202765465,,0.0,0.0,0.0,0.0
0.03773617371916771,0.0248209647834301,0.1283644139766693,0.017146017402410507,,0.037095412611961365,0.024857589974999428,0.12860684096813202,0.01656991057097912,,0.0,0.0,0.0,0.0
0.013183091767132282,0.09619085490703583,0.02846829779446125,0.023449601605534554,,0.014620296657085419,0.09931936860084534,0.021771518513560295,0.022610493004322052,,1.0,0.0,0.0,0.0
0.027599500492215157,0.0801805704832077,0.026794640347361565,0.10753149539232254,,0.02652888558804989,0.08219561725854874,0.027782540768384933,0.10778703540563583,,0.0,0.0,0.0,0.0
