true_r1,true_r2,true_r3,true_r4,,pred_r1,pred_r2,pred_r3,pred_r4, ,mask_r1,mask_r2,mask_r3,mask_r4
0.025893427431583405,0.07972729951143265,0.023771774023771286,0.10600027441978455,,0.0255767609924078,0.0783419981598854,0.023776374757289886,0.10627831518650055,,0.0,0.0,0.0,0.0
0.021007755771279335,0.056770384311676025,0.017801988869905472,0.08192137628793716,,0.020071564242243767,0.05735868215560913,0.01977827586233616,0.08009273558855057,,0.0,0.0,0.0,0.0
0.0420864075422287,0.04199303314089775,0.11986763775348663,0.0260027926415205,,0.04311928525567055,0.044057343155145645,0.11874962598085403,0.027342237532138824,,0.0,0.0,0.0,0.0
0.06015563756227493,0.031016236171126366,0.08958272635936737,0.02811160311102867,,0.05952238291501999,0.025362925603985786,0.08514335006475449,0.022693190723657608,,0.0,0.0,0.0,0.0
0.02929619699716568,0.18872062861919403,0.07003457844257355,0.03938863426446915,,0.029985899105668068,0.18990901112556458,0.07003601640462875,0.04050486162304878,,0.0,0.0,0.0,0.0
0.01608910970389843,0.017194833606481552,0.07069405168294907,0.01078550610691309,,0.016293495893478394,0.01866310089826584,0.06898733228445053,0.012431198731064796,,0.0,0.0,0.0,1.0
0.09503316879272461,0.015315274707973003,0.02041565254330635,0.02495218627154827,,0.09534921497106552,0.014387274160981178,0.021973857656121254,0.02590157464146614,,0.0,0.0,0.0,0.0
