true_r1,true_r2,true_r3,true_r4,,pred_r1,pred_r2,pred_r3,pred_r4, ,mask_r1,mask_r2,mask_r3,mask_r4
0.029347268864512444,0.038264550268650055,0.17009589076042175,0.01816265471279621,,0.028757881373167038,0.03822316974401474,0.1704193353652954,0.01845845952630043,,0.0,0.0,0.0,0.0
0.10392120480537415,0.02631867118179798,0.030636772513389587,0.07041233777999878,,0.10447083413600922,0.026214679703116417,0.030602730810642242,0.06964608281850815,,0.0,0.0,0.0,0.0
0.09008508175611496,0.039242200553417206,0.13267584145069122,0.03471997380256653,,0.0902920588850975,0.04011252522468567,0.13370682299137115,0.035357650369405746,,0.0,0.0,0.0,0.0
0.04934731498360634,0.027213582769036293,0.020285338163375854,0.13820113241672516,,0.04874730855226517,0.026577074080705643,0.018882591277360916,0.14100351929664612,,0.0,0.0,0.0,0.0
0.12241920828819275,0.019448257982730865,0.02671140618622303,0.028206827118992805,,0.12065301090478897,0.01390950195491314,0.028644034639000893,0.032433535903692245,,0.0,0.0,0.0,0.0
0.039363984018564224,0.07231823354959488,0.03399881348013878,0.10902217775583267,,0.03614198789000511,0.07199040055274963,0.03508239611983299,0.10823696851730347,,0.0,0.0,0.0,0.0
0.10370206087827682,0.01396628376096487,0.026723071932792664,0.028267860412597656,,0.1057368814945221,0.013024442829191685,0.02521253563463688,0.023914897814393044,,0.0,1.0,0.0,0.0
0.022137727588415146,0.11424873024225235,0.05056466534733772,0.026161953806877136,,0.024205932393670082,0.11268866062164307,0.048171572387218475,0.02826274372637272,,0.0,0.0,0.0,0.0
