true_r1,true_r2,true_r3,true_r4,,pred_r1,pred_r2,pred_r3,pred_r4, ,mask_r1,mask_r2,mask_r3,mask_r4
0.08540310710668564,0.029806898906826973,0.027182238176465034,0.12338608503341675,,0.08553005754947662,0.02989668771624565,0.02725476585328579,0.1234494000673294,,0.0,0.0,0.0,0.0
0.032310448586940765,0.0748944953083992,0.11162150651216507,0.02894907258450985,,0.032318152487277985,0.07590042799711227,0.11118633300065994,0.028911853209137917,,0.0,0.0,0.0,0.0
0.09097455441951752,0.010260224342346191,0.023469125851988792,0.018251990899443626,,0.0880008190870285,0.011068206280469894,0.022271348163485527,0.01770637370646,,0.0,0.0,0.0,0.0
0.016840511932969093,0.11276234686374664,0.030259011313319206,0.028037937358021736,,0.015965081751346588,0.1125040277838707,0.030766485258936882,0.02837052196264267,,1.0,0.0,0.0,0.0
0.03725574165582657,0.10426411032676697,0.044494085013866425,0.07283607870340347,,0.0378962904214859,0.10412351787090302,0.043708689510822296,0.07192275673151016,,0.0,0.0,0.0,0.0
