true_r1,true_r2,true_r3,true_r4,,pred_r1,pred_r2,pred_r3,pred_r4, ,mask_r1,mask_r2,mask_r3,mask_r4
0.17620186507701874,0.025190044194459915,0.033590953797101974,0.06258143484592438,,0.17603732645511627,0.025022286921739578,0.03372625634074211,0.06285182386636734,,0.0,0.0,0.0,0.0
0.022628821432590485,0.022055912762880325,0.012419676408171654,0.09170830249786377,,0.02037326619029045,0.022190114483237267,0.013550739735364914,0.09176518768072128,,0.0,0.0,1.0,0.0
0.044642455875873566,0.02945784665644169,0.12023477256298065,0.021877802908420563,,0.044139545410871506,0.029223501682281494,0.12136777490377426,0.02300341986119747,,0.0,0.0,0.0,0.0
0.023207006976008415,0.1050185114145279,0.07855215668678284,0.02549610286951065,,0.02345120534300804,0.10432574898004532,0.0775260329246521,0.025586629286408424,,0.0,0.0,0.0,0.0
0.11361175775527954,0.041579920798540115,0.0502830371260643,0.07825937867164612,,0.11480297148227692,0.04268849641084671,0.05022115632891655,0.07878515124320984,,0.0,0.0,0.0,0.0
