true_r1,true_r2,true_r3,true_r4,,pred_r1,pred_r2,pred_r3,pred_r4, ,mask_r1,mask_r2,mask_r3,mask_r4
0.02223028801381588,0.10383838415145874,0.0369797945022583,0.037773165851831436,,0.022257398813962936,0.10482332110404968,0.03739551827311516,0.036983296275138855,,0.0,0.0,0.0,0.0
0.015442982316017151,0.0697503536939621,0.016902273520827293,0.047861065715551376,,0.015608994290232658,0.06977279484272003,0.016898127272725105,0.04815622791647911,,0.0,0.0,0.0,0.0
0.04280237853527069,0.042292144149541855,0.02463872730731964,0.2096572369337082,,0.041412193328142166,0.04147293418645859,0.023163216188549995,0.20730243623256683,,0.0,0.0,0.0,0.0
0.0931112989783287,0.023601315915584564,0.02879583090543747,0.06402938067913055,,0.09349102526903152,0.024602584540843964,0.03025621734559536,0.061401937156915665,,0.0,0.0,0.0,0.0
0.02459452673792839,0.031024033203721046,0.1064373254776001,0.015076112002134323,,0.02767164818942547,0.02669460140168667,0.103651262819767,0.011944684199988842,,0.0,0.0,0.0,0.0
0.03694717586040497,0.06852912902832031,0.1838051825761795,0.03472929447889328,,0.03815630450844765,0.07140858471393585,0.18498261272907257,0.03167074918746948,,0.0,0.0,0.0,0.0
0.026612261310219765,0.11567088216543198,0.08192052692174911,0.028720326721668243,,0.025628097355365753,0.11801602691411972,0.08095454424619675,0.030121464282274246,,0.0,0.0,0.0,0.0
0.04744277521967888,0.047321904450654984,0.2268722653388977,0.026985779404640198,,0.04798387363553047,0.04789198935031891,0.22620782256126404,0.030779993161559105,,0.0,0.0,0.0,0.0
