true_r1,true_r2,true_r3,true_r4,,pred_r1,pred_r2,pred_r3,pred_r4, ,mask_r1,mask_r2,mask_r3,mask_r4
0.030455555766820908,0.08683593571186066,0.12472809851169586,0.02766236662864685,,0.03106817789375782,0.0865408182144165,0.1252981722354889,0.02725866064429283,,0.0,0.0,0.0,0.0
0.12321646511554718,0.01749270409345627,0.04431061074137688,0.023475199937820435,,0.12323344498872757,0.01742754876613617,0.04395793750882149,0.0234984178096056,,0.0,0.0,0.0,0.0
0.022151220589876175,0.02575605921447277,0.1057029440999031,0.013218988664448261,,0.0220080204308033,0.026242058724164963,0.10397806763648987,0.012558450922369957,,0.0,0.0,0.0,0.0
0.025374427437782288,0.025141270831227303,0.10391132533550262,0.015765249729156494,,0.02706293761730194,0.025146348401904106,0.10629189014434814,0.014649336226284504,,0.0,0.0,0.0,1.0
0.018337398767471313,0.03556224703788757,0.08147384226322174,0.01366623118519783,,0.018904294818639755,0.035840243101119995,0.08152802288532257,0.015376466326415539,,0.0,0.0,0.0,0.0
0.02884180285036564,0.03225569799542427,0.02318626642227173,0.13452695310115814,,0.02759750373661518,0.03169915825128555,0.021710587665438652,0.13374921679496765,,0.0,0.0,0.0,0.0
0.15467366576194763,0.024112891405820847,0.05316708981990814,0.03518976271152496,,0.15384048223495483,0.02421692945063114,0.05496206879615784,0.03564688190817833,,0.0,0.0,0.0,0.0
0.023218657821416855,0.02263067662715912,0.08641332387924194,0.013037851080298424,,0.024975432083010674,0.021383214741945267,0.0886920690536499,0.015163666568696499,,0.0,0.0,0.0,1.0
