true_r1,true_r2,true_r3,true_r4,,pred_r1,pred_r2,pred_r3,pred_r4, ,mask_r1,mask_r2,mask_r3,mask_r4
0.06446941196918488,0.04007657617330551,0.09304747730493546,0.033311061561107635,,0.0643623098731041,0.039921797811985016,0.0930633693933487,0.03351163491606712,,0.0,0.0,0.0,0.0
0.021026071161031723,0.020563261583447456,0.011211819015443325,0.0865773856639862,,0.02092823199927807,0.02009592205286026,0.013633406721055508,0.08685293048620224,,0.0,0.0,1.0,0.0
0.016970684751868248,0.1610596925020218,0.03651992231607437,0.02806672640144825,,0.017691396176815033,0.16196447610855103,0.03628901392221451,0.02768944390118122,,0.0,0.0,0.0,0.0
0.026792116463184357,0.07359249889850616,0.032630302011966705,0.050432320684194565,,0.02785651944577694,0.0724739134311676,0.033140383660793304,0.050432801246643066,,0.0,0.0,0.0,0.0
