true_r1,true_r2,true_r3,true_r4,,pred_r1,pred_r2,pred_r3,pred_r4, ,mask_r1,mask_r2,mask_r3,mask_r4
0.04557463526725769,0.04620702192187309,0.12831731140613556,0.027699073776602745,,0.04502137750387192,0.04568912833929062,0.12869836390018463,0.02784988470375538,,0.0,0.0,0.0,0.0
0.05628412216901779,0.05510825291275978,0.155497744679451,0.03375645726919174,,0.05582546815276146,0.05519208684563637,0.1553840935230255,0.03348340094089508,,0.0,0.0,0.0,0.0
0.13115382194519043,0.02105719968676567,0.030445313081145287,0.042849600315093994,,0.13163498044013977,0.020484277978539467,0.02958461083471775,0.04328091815114021,,0.0,0.0,0.0,0.0
0.1547010838985443,0.017024409025907516,0.03096773661673069,0.030520876869559288,,0.15311360359191895,0.017528066411614418,0.03191233426332474,0.030430246144533157,,0.0,0.0,0.0,0.0
0.027480794116854668,0.06154082715511322,0.13966436684131622,0.023073710501194,,0.0322728231549263,0.060145653784275055,0.14151296019554138,0.02387341856956482,,0.0,0.0,0.0,0.0
0.10992021858692169,0.01506340317428112,0.0315299890935421,0.02283511683344841,,0.1108243390917778,0.014782145619392395,0.030277181416749954,0.023022549226880074,,0.0,0.0,0.0,0.0
0.10154653340578079,0.013165787793695927,0.025873573496937752,0.024469202384352684,,0.1027987152338028,0.014706362970173359,0.02534128725528717,0.024044742807745934,,0.0,1.0,0.0,0.0
