true_r1,true_r2,true_r3,true_r4,,pred_r1,pred_r2,pred_r3,pred_r4, ,mask_r1,mask_r2,mask_r3,mask_r4
0.06676609069108963,0.03560487553477287,0.027220597490668297,0.18633048236370087,,0.06574751436710358,0.035466376692056656,0.02632727660238743,0.18571783602237701,,0.0,0.0,0.0,0.0
0.23027972877025604,0.025715889409184456,0.04718521237373352,0.04741585999727249,,0.23068523406982422,0.025704875588417053,0.046718109399080276,0.04786815866827965,,0.0,0.0,0.0,0.0
0.09060259163379669,0.01332792080938816,0.02119993418455124,0.023280398920178413,,0.09375433623790741,0.013169110752642155,0.0219296682626009,0.022800983861088753,,0.0,1.0,0.0,0.0
0.16720029711723328,0.025258541107177734,0.03433895856142044,0.06289668381214142,,0.16405807435512543,0.025000032037496567,0.03448139503598213,0.061775706708431244,,0.0,0.0,0.0,0.0
0.027142565697431564,0.05432481691241264,0.12491708248853683,0.019405879080295563,,0.028882691636681557,0.053941309452056885,0.1251155138015747,0.02100161649286747,,0.0,0.0,0.0,0.0
0.05041201785206795,0.0486694760620594,0.0647779107093811,0.04021942615509033,,0.05321507155895233,0.04800296574831009,0.06584526598453522,0.04109423980116844,,0.0,0.0,0.0,0.0
