true_r1,true_r2,true_r3,true_r4,,pred_r1,pred_r2,pred_r3,pred_r4, ,mask_r1,mask_r2,mask_r3,mask_r4
0.015820423141121864,0.03437647596001625,0.08045078814029694,0.012544896453619003,,0.016386713832616806,0.0349477156996727,0.08054300397634506,0.013057165779173374,,0.0,0.0,0.0,0.0
0.0450047105550766,0.044350385665893555,0.12515714764595032,0.027443798258900642,,0.044194869697093964,0.044536519795656204,0.1252574771642685,0.027207596227526665,,0.0,0.0,0.0,0.0
0.02263372205197811,0.027840234339237213,0.10992920398712158,0.013986237347126007,,0.023407921195030212,0.027356361970305443,0.10994641482830048,0.014192773960530758,,0.0,0.0,0.0,0.0
0.08791357278823853,0.036945123225450516,0.03335709497332573,0.12875886261463165,,0.08577483892440796,0.03820561617612839,0.0338980071246624,0.12838001549243927,,0.0,0.0,0.0,0.0
0.01219173427671194,0.01629835180938244,0.010526037774980068,0.05907788127660751,,0.01356479711830616,0.016631903126835823,0.01277709286659956,0.05635809153318405,,0.0,0.0,1.0,0.0
0.02622607909142971,0.10974843800067902,0.033900074660778046,0.07484512776136398,,0.025582700967788696,0.10806650668382645,0.032457537949085236,0.07698631286621094,,0.0,0.0,0.0,0.0
0.014752514660358429,0.11308420449495316,0.02872394397854805,0.023116037249565125,,0.014584003947675228,0.11346577852964401,0.028702622279524803,0.022940857335925102,,0.0,0.0,0.0,0.0
