true_r1,true_r2,true_r3,true_r4,,pred_r1,pred_r2,pred_r3,pred_r4, ,mask_r1,mask_r2,mask_r3,mask_r4
0.02618764154613018,0.05533044785261154,0.02013116143643856,0.12926748394966125,,0.026401076465845108,0.05534007027745247,0.020802300423383713,0.1291196048259735,,0.0,0.0,0.0,0.0
0.06113620474934578,0.04214758425951004,0.18764139711856842,0.028877031058073044,,0.061060335487127304,0.04235859587788582,0.18802161514759064,0.02877773344516754,,0.0,0.0,0.0,0.0
0.09401723742485046,0.01252722553908825,0.022571537643671036,0.02181234396994114,,0.09283176064491272,0.012377001345157623,0.022563746199011803,0.022538280114531517,,0.0,1.0,0.0,0.0
0.08257327228784561,0.03036327101290226,0.12138917297124863,0.027803461998701096,,0.08850106596946716,0.02898671105504036,0.12383247911930084,0.027559343725442886,,0.0,0.0,0.0,0.0
0.11421915143728256,0.014424463734030724,0.02717939391732216,0.023708436638116837,,0.11301957070827484,0.01461437065154314,0.02781173773109913,0.02374001033604145,,0.0,0.0,0.0,0.0
0.0489034466445446,0.04540862515568733,0.03863576054573059,0.06107066571712494,,0.04765180125832558,0.044824957847595215,0.03941149637103081,0.06098690256476402,,0.0,0.0,0.0,0.0
