true_r1,true_r2,true_r3,true_r4,,pred_r1,pred_r2,pred_r3,pred_r4, ,mask_r1,mask_r2,mask_r3,mask_r4
0.017958102747797966,0.0811554491519928,0.019830763339996338,0.05975104495882988,,0.018407747149467468,0.0809670090675354,0.019320359453558922,0.06111307069659233,,0.0,0.0,0.0,0.0
0.021810591220855713,0.040603503584861755,0.1136787161231041,0.016763662919402122,,0.02201342023909092,0.04046277701854706,0.1144803911447525,0.01597583293914795,,0.0,0.0,0.0,0.0
0.10501698404550552,0.03807517886161804,0.04589945077896118,0.07370743155479431,,0.10518879443407059,0.03703714534640312,0.04425859451293945,0.07264701277017593,,0.0,0.0,0.0,0.0
0.01729850471019745,0.10141723603010178,0.020110560581088066,0.04288691282272339,,0.017930753529071808,0.10082091391086578,0.02350323647260666,0.04329144209623337,,0.0,0.0,0.0,0.0
0.07375963032245636,0.02986885979771614,0.10706904530525208,0.025246521458029747,,0.07078295946121216,0.03266291692852974,0.10932400077581406,0.02837095968425274,,0.0,0.0,0.0,0.0
0.022052032873034477,0.020225798711180687,0.07009343057870865,0.014304118230938911,,0.024335453286767006,0.021295763552188873,0.07029066979885101,0.015515677630901337,,0.0,0.0,0.0,1.0
0.08127765357494354,0.026311835274100304,0.02718321979045868,0.1099662333726883,,0.08068308234214783,0.02712276577949524,0.024962445721030235,0.10917381197214127,,0.0,0.0,0.0,0.0
0.19642969965934753,0.04529096931219101,0.0707259252667427,0.06982608884572983,,0.1930742859840393,0.04366704076528549,0.06841110438108444,0.07107751816511154,,0.0,0.0,0.0,0.0
