true_r1,true_r2,true_r3,true_r4,,pred_r1,pred_r2,pred_r3,pred_r4, ,mask_r1,mask_r2,mask_r3,mask_r4
0.05285325273871422,0.05272547900676727,0.07098955661058426,0.041861407458782196,,0.05313997343182564,0.0528767853975296,0.07114510238170624,0.04241626709699631,,0.0,0.0,0.0,0.0
0.012510350905358791,0.05607323348522186,0.013792539946734905,0.04195309430360794,,0.012374300509691238,0.0564689114689827,0.013787200674414635,0.04166119545698166,,0.0,0.0,0.0,0.0
0.02468562126159668,0.024997998028993607,0.013429578393697739,0.10128508508205414,,0.024420201778411865,0.02505423314869404,0.014211013913154602,0.10196021944284439,,0.0,0.0,1.0,0.0
0.014447337947785854,0.11619721353054047,0.02602212131023407,0.031116481870412827,,0.015375656075775623,0.12007353454828262,0.025635501369833946,0.031105078756809235,,0.0,0.0,0.0,0.0
0.03945235535502434,0.05208709090948105,0.2186720073223114,0.02794981189072132,,0.03989410400390625,0.0517197921872139,0.21704509854316711,0.028168905526399612,,0.0,0.0,0.0,0.0
0.06884890794754028,0.04501863196492195,0.03745552524924278,0.10045289248228073,,0.06863009929656982,0.04181646928191185,0.0367419496178627,0.1000819057226181,,0.0,0.0,0.0,0.0
