true_r1,true_r2,true_r3,true_r4,,pred_r1,pred_r2,pred_r3,pred_r4, ,mask_r1,mask_r2,mask_r3,mask_r4
0.033855780959129333,0.02523590624332428,0.15059351921081543,0.016578972339630127,,0.03328573331236839,0.025951365008950233,0.1508348137140274,0.016529398038983345,,0.0,0.0,0.0,0.0
0.06410474330186844,0.06401657313108444,0.038996513932943344,0.17871534824371338,,0.06343388557434082,0.06382782012224197,0.03885260596871376,0.17879630625247955,,0.0,0.0,0.0,0.0
0.05811193212866783,0.05727112293243408,0.046651870012283325,0.07743553072214127,,0.0588260293006897,0.05893673375248909,0.04656996205449104,0.07821755111217499,,0.0,0.0,0.0,0.0
0.1189580038189888,0.01972813531756401,0.05173897370696068,0.024279603734612465,,0.11945520341396332,0.020522573962807655,0.051979027688503265,0.024493714794516563,,0.0,0.0,0.0,0.0
0.020761102437973022,0.025740789249539375,0.09194349497556686,0.012014562264084816,,0.025469668209552765,0.023521121591329575,0.08819274604320526,0.014705936424434185,,0.0,0.0,0.0,1.0
0.018584197387099266,0.09445364028215408,0.032614994794130325,0.02444181963801384,,0.018367795273661613,0.09390348941087723,0.030081355944275856,0.024652602151036263,,0.0,0.0,0.0,0.0
0.02807297185063362,0.20812411606311798,0.045019131153821945,0.038186173886060715,,0.02411932498216629,0.20740526914596558,0.048597149550914764,0.0369253009557724,,0.0,0.0,0.0,0.0
0.19042354822158813,0.03303716704249382,0.06874726712703705,0.041896507143974304,,0.19110305607318878,0.03117060288786888,0.07099872082471848,0.03767252340912819,,0.0,0.0,0.0,0.0
