true_r1,true_r2,true_r3,true_r4,,pred_r1,pred_r2,pred_r3,pred_r4, ,mask_r1,mask_r2,mask_r3,mask_r4
0.05257018283009529,0.036594245582818985,0.02497074380517006,0.16172531247138977,,0.05346628651022911,0.0363021194934845,0.024328112602233887,0.16165368258953094,,0.0,0.0,0.0,0.0
0.033633485436439514,0.021948063746094704,0.11634962260723114,0.01544907595962286,,0.03342074155807495,0.021697331219911575,0.1159212738275528,0.014847833663225174,,0.0,0.0,0.0,0.0
0.11605412513017654,0.01884619891643524,0.05260028690099716,0.023042401298880577,,0.11808711290359497,0.01823282800614834,0.051032520830631256,0.023187927901744843,,0.0,0.0,0.0,0.0
0.010024052113294601,0.05787022411823273,0.013493819162249565,0.014394130557775497,,0.010608477517962456,0.05798226222395897,0.01338641531765461,0.014462776482105255,,1.0,0.0,0.0,0.0
0.13014671206474304,0.045771218836307526,0.05574803799390793,0.09266731888055801,,0.12708568572998047,0.0478600412607193,0.061646170914173126,0.08967261016368866,,0.0,0.0,0.0,0.0
0.11890582740306854,0.06912786513566971,0.08750615268945694,0.08646312355995178,,0.11649149656295776,0.06909573078155518,0.08890929818153381,0.08785495907068253,,0.0,0.0,0.0,0.0
0.07434011250734329,0.010438014753162861,0.02078280784189701,0.018359916284680367,,0.07462187111377716,0.010613682679831982,0.019171498715877533,0.017900023609399796,,0.0,1.0,0.0,0.0
0.02681155875325203,0.035845424979925156,0.11223354190587997,0.0158806424587965,,0.02832130901515484,0.03324926272034645,0.1126851812005043,0.016145842149853706,,0.0,0.0,0.0,0.0
