true_r1,true_r2,true_r3,true_r4,,pred_r1,pred_r2,pred_r3,pred_r4, ,mask_r1,mask_r2,mask_r3,mask_r4
0.04993167892098427,0.034260984510183334,0.02357911691069603,0.15252090990543365,,0.05025900900363922,0.03468029201030731,0.023762119933962822,0.15246644616127014,,0.0,0.0,0.0,0.0
0.08242945373058319,0.011745348572731018,0.019797081127762794,0.02010371908545494,,0.08265415579080582,0.012138059362769127,0.02003176510334015,0.02014101855456829,,0.0,1.0,0.0,0.0
0.03399711102247238,0.04868488386273384,0.022811738774180412,0.1500954031944275,,0.033578868955373764,0.04883608594536781,0.023589596152305603,0.14906634390354156,,0.0,0.0,0.0,0.0
0.05951447784900665,0.04395735636353493,0.030318303033709526,0.18581053614616394,,0.06008002907037735,0.04277554899454117,0.029785556718707085,0.18477261066436768,,0.0,0.0,0.0,0.0
0.02344491519033909,0.0639871284365654,0.09071442484855652,0.019154440611600876,,0.02345469780266285,0.06375504285097122,0.09007078409194946,0.02443660981953144,,0.0,0.0,0.0,0.0
0.022945353761315346,0.09077732264995575,0.022560469806194305,0.06836114823818207,,0.022960608825087547,0.09080591052770615,0.023278625681996346,0.06949038803577423,,0.0,0.0,0.0,0.0
