true_r1,true_r2,true_r3,true_r4,,pred_r1,pred_r2,pred_r3,pred_r4, ,mask_r1,mask_r2,mask_r3,mask_r4
0.024317003786563873,0.09601321816444397,0.028374947607517242,0.06452503800392151,,0.024274710565805435,0.09583985805511475,0.027983101084828377,0.06474417448043823,,0.0,0.0,0.0,0.0
0.09852837771177292,0.013479175046086311,0.02369515970349312,0.024249311536550522,,0.09770271927118301,0.012992525473237038,0.023329824209213257,0.025800293311476707,,0.0,1.0,0.0,0.0
0.024636460468173027,0.025236405432224274,0.015310081653296947,0.10558633506298065,,0.02667454443871975,0.02612534910440445,0.011378399096429348,0.10492319613695145,,0.0,0.0,1.0,0.0
0.05881800502538681,0.024644913151860237,0.02274741232395172,0.08867455273866653,,0.05794389918446541,0.025440827012062073,0.02225748635828495,0.08712354302406311,,0.0,0.0,0.0,0.0
0.06514941900968552,0.06478074193000793,0.041183773428201675,0.17878349125385284,,0.06604500114917755,0.06365721672773361,0.041398681700229645,0.18160296976566315,,0.0,0.0,0.0,0.0
0.028834855183959007,0.03304510936141014,0.12762166559696198,0.02046685852110386,,0.027953434735536575,0.03253570944070816,0.12961675226688385,0.017875058576464653,,0.0,0.0,0.0,0.0
