true_r1,true_r2,true_r3,true_r4,,pred_r1,pred_r2,pred_r3,pred_r4, ,mask_r1,mask_r2,mask_r3,mask_r4
0.020927947014570236,0.020724551752209663,0.08688812702894211,0.012317652814090252,,0.020762741565704346,0.02089589275419712,0.08651962131261826,0.011854110285639763,,0.0,0.0,0.0,1.0
0.06752049177885056,0.036676473915576935,0.18960772454738617,0.02738720364868641,,0.06746309995651245,0.03656845912337303,0.19019190967082977,0.027065452188253403,,0.0,0.0,0.0,0.0
0.16658316552639008,0.018968934193253517,0.029799191281199455,0.03844805806875229,,0.1676553189754486,0.01778613217175007,0.028978753834962845,0.037297435104846954,,0.0,0.0,0.0,0.0
0.07707088440656662,0.01026436872780323,0.01841454952955246,0.01974979043006897,,0.07734213769435883,0.012667667120695114,0.01754947192966938,0.019273847341537476,,0.0,1.0,0.0,0.0
0.04319310188293457,0.07394294440746307,0.0397622212767601,0.10422838479280472,,0.04595647379755974,0.07569249719381332,0.04209592193365097,0.10923920571804047,,0.0,0.0,0.0,0.0
0.035310015082359314,0.08718399703502655,0.035620495676994324,0.12467624992132187,,0.03432691469788551,0.08771036565303802,0.03443093225359917,0.1216166615486145,,0.0,0.0,0.0,0.0
0.02003987692296505,0.15233181416988373,0.0344865508377552,0.026175593957304955,,0.019601479172706604,0.15125949680805206,0.035116687417030334,0.027092894539237022,,0.0,0.0,0.0,0.0
0.04196511581540108,0.027749260887503624,0.018984150141477585,0.1289520561695099,,0.040349919348955154,0.026538118720054626,0.019389722496271133,0.1303887516260147,,0.0,0.0,0.0,0.0
