true_r1,true_r2,true_r3,true_r4,,pred_r1,pred_r2,pred_r3,pred_r4, ,mask_r1,mask_r2,mask_r3,mask_r4
0.0777074471116066,0.017227940261363983,0.053752411156892776,0.01907510869204998,,0.07791104912757874,0.017651842907071114,0.05378158763051033,0.019019482657313347,,0.0,0.0,0.0,0.0
0.024372732266783714,0.024515341967344284,0.01415848359465599,0.10115265101194382,,0.02490914799273014,0.024341942742466927,0.013446670956909657,0.10062959045171738,,0.0,0.0,1.0,0.0
0.03688638284802437,0.06540579348802567,0.030386367812752724,0.1828765869140625,,0.03747251257300377,0.06612848490476608,0.029335273429751396,0.18238577246665955,,0.0,0.0,0.0,0.0
0.04514792561531067,0.1018386110663414,0.15108875930309296,0.04148219898343086,,0.044512659311294556,0.10339449346065521,0.15135017037391663,0.042958833277225494,,0.0,0.0,0.0,0.0
