true_r1,true_r2,true_r3,true_r4,,pred_r1,pred_r2,pred_r3,pred_r4, ,mask_r1,mask_r2,mask_r3,mask_r4
0.014115902595221996,0.10748160630464554,0.02652059867978096,0.02650010585784912,,0.013207674957811832,0.10690738260746002,0.025770319625735283,0.026059657335281372,,1.0,0.0,0.0,0.0
0.02201426960527897,0.1380130797624588,0.059209130704402924,0.02752980962395668,,0.021704522892832756,0.139248326420784,0.059192169457674026,0.02742726355791092,,0.0,0.0,0.0,0.0
0.14573751389980316,0.022048182785511017,0.030170954763889313,0.053301677107810974,,0.14768178761005402,0.021869217976927757,0.029092468321323395,0.05214972794055939,,0.0,0.0,0.0,0.0
0.028962882235646248,0.1317903697490692,0.03348551690578461,0.09153443574905396,,0.03008589893579483,0.1307978332042694,0.030646923929452896,0.09200496971607208,,0.0,0.0,0.0,0.0
0.030865268781781197,0.11892978101968765,0.08062850683927536,0.0287488903850317,,0.0246236901730299,0.11961390823125839,0.08377563953399658,0.030466005206108093,,0.0,0.0,0.0,0.0
0.034312937408685684,0.04631103202700615,0.16375507414340973,0.021907910704612732,,0.03358658775687218,0.046685583889484406,0.16429297626018524,0.021780820563435555,,0.0,0.0,0.0,0.0
0.11476912349462509,0.018210912123322487,0.03449388965964317,0.02152070589363575,,0.11629221588373184,0.01837407611310482,0.03398270905017853,0.022262457758188248,,0.0,0.0,0.0,0.0
0.020708302035927773,0.16991636157035828,0.034264374524354935,0.035349056124687195,,0.020916122943162918,0.16994985938072205,0.038347918540239334,0.03432260826230049,,0.0,0.0,0.0,0.0
