true_r1,true_r2,true_r3,true_r4,,pred_r1,pred_r2,pred_r3,pred_r4, ,mask_r1,mask_r2,mask_r3,mask_r4
0.07439841330051422,0.032900121062994,0.11124616116285324,0.02882150188088417,,0.07468181848526001,0.032065145671367645,0.11147405207157135,0.02866353653371334,,0.0,0.0,0.0,0.0
0.09683475643396378,0.02177257649600506,0.023519665002822876,0.07129492610692978,,0.09656927734613419,0.0220462828874588,0.02333696559071541,0.07138530164957047,,0.0,0.0,0.0,0.0
0.016589419916272163,0.02570388838648796,0.010801711119711399,0.08521751314401627,,0.016809027642011642,0.0242279265075922,0.010677249170839787,0.08528903126716614,,0.0,0.0,0.0,0.0
0.014088708907365799,0.09640450030565262,0.023668063804507256,0.02254670299589634,,0.015063591301441193,0.09646601974964142,0.02382431924343109,0.023657694458961487,,1.0,0.0,0.0,0.0
0.012467457912862301,0.06327789276838303,0.048604562878608704,0.016155069693922997,,0.0150615768507123,0.0614304393529892,0.04743663966655731,0.015338428318500519,,0.0,0.0,0.0,0.0
0.05624542012810707,0.02895805612206459,0.021633977070450783,0.1237514317035675,,0.05622115731239319,0.029202397912740707,0.022482337430119514,0.12470927834510803,,0.0,0.0,0.0,0.0
0.08812699466943741,0.014543636702001095,0.0371805839240551,0.02127288281917572,,0.08603613823652267,0.014504797756671906,0.037540946155786514,0.02028721198439598,,0.0,0.0,0.0,0.0
0.022707946598529816,0.12528209388256073,0.05525492876768112,0.02749086730182171,,0.02230309508740902,0.12743538618087769,0.054762452840805054,0.026087136939167976,,0.0,0.0,0.0,0.0
