true_r1,true_r2,true_r3,true_r4,,pred_r1,pred_r2,pred_r3,pred_r4, ,mask_r1,mask_r2,mask_r3,mask_r4
0.023547979071736336,0.023538773879408836,0.09768655151128769,0.013190052472054958,,0.02303239144384861,0.0233235415071249,0.0979635939002037,0.013985950499773026,,0.0,0.0,0.0,1.0
0.07409589737653732,0.02620779350399971,0.05076174437999725,0.03189411386847496,,0.07405351102352142,0.02629108913242817,0.050342679023742676,0.031203769147396088,,0.0,0.0,0.0,0.0
0.011900508776307106,0.08826900273561478,0.025839779525995255,0.017273806035518646,,0.01146943774074316,0.08822549879550934,0.025837263092398643,0.016846640035510063,,0.0,0.0,0.0,0.0
0.22364939749240875,0.0284503772854805,0.0490911528468132,0.04682999476790428,,0.22263461351394653,0.02814297564327717,0.04906574264168739,0.046849798411130905,,0.0,0.0,0.0,0.0
0.032280802726745605,0.025791626423597336,0.016078192740678787,0.1262669712305069,,0.03368964418768883,0.027289746329188347,0.015732109546661377,0.127139613032341,,0.0,0.0,0.0,0.0
0.021641666069626808,0.056815799325704575,0.07694143801927567,0.019771749153733253,,0.022204134613275528,0.05723608285188675,0.07750074565410614,0.01841181516647339,,0.0,0.0,0.0,0.0
